ox_mass,fuel_mass,cstar,mass_factor,cg_factor,slosh_lateral_damping,slosh_axial_damping,throttle_rate_limit,throttle_latency,tvc_actuator_rate_limit,tvc_actuator_latency,engine_off_axis_y,engine_off_axis_z,uwind,vwind,RunID,Seed
15.3968641132304,13.7267083665128,0.838340808136059,0.993602200814678,0.999505274815599,0.0215567563819299,0.3,90,0.01,15.3689823072657,0.01,-0.00820361249664123,-0.00874111183189184,-2.3470532940471,-0.100516339995776,1,43
15.2039650189549,12.6607746768841,0.859341694068043,1.01340075188623,1.00265242362621,0.0544125206122721,0.3,90,0.01,15.2032537459605,0.01,0.00185440957017598,-0.00285626888836023,-0.318544718550935,-0.691230183487842,2,44
15.9010328923915,13.7846794646962,0.837734702897313,1.00971945188275,1.00558281124442,0.0322685661216195,0.3,90,0.01,14.4541887155852,0.01,0.00641768095149561,-0.00322308212696573,-1.70464878167635,-0.896185442340654,3,45
15.4424488682562,12.2826844618536,0.841942617253501,1.01367489325403,0.990309521628637,0.0333165081855709,0.3,90,0.01,15.567281880736,0.01,0.00871580283334021,0.00650733433665575,-0.930683389805741,3.89326563085275,4,46
15.3735377783037,13.5577844081615,0.857489828043418,0.986029883217697,1.00777435392981,0.028390331457322,0.3,90,0.01,15.6142120346249,0.01,0.00188815367365146,0.00372929373379472,-4.69917265901252,4.9393848992739,5,47
16.5834526492519,12.2862169023019,0.848589175708458,1.0142570915141,0.990349605928953,0.0525031942985707,0.3,90,0.01,15.1884024123585,0.01,0.00466180941281327,-0.00842553183164883,-2.64339766010524,-3.97372291749575,6,48
15.1700501934988,13.2974446342002,0.841548917843862,0.982347989506133,1.00821935013082,0.0390500461976585,0.3,90,0.01,14.0165048539952,0.01,-0.000177405355529429,-0.000930836108823146,1.29778645879003,-2.08531122721188,7,49
16.054600879478,12.9206539549256,0.856409775278317,0.990613066726112,1.00601469983525,0.0407367706764429,0.3,90,0.01,15.4353451129169,0.01,-0.00613100760430982,0.00739772505777382,1.64033225181721,4.67829329685695,8,50
15.1621837090988,13.1439001110211,0.846515915275791,0.990235392415143,0.992902720928866,0.0381878294489906,0.3,90,0.01,14.6964934231396,0.01,-0.00500626085968867,-0.000974535888341743,3.23543859904915,-2.37028723082084,9,51
16.3570828206327,13.7838371711265,0.833167912281426,0.988997236900008,1.00594995351331,0.0299537536230202,0.3,90,0.01,14.5410227355306,0.01,0.00412331258588853,-0.0095183983315187,4.5684647075227,2.75448282381257,10,52
16.5458244708442,13.8028701476719,0.862435760217004,1.00726038065012,1.00723880470681,0.0408321913845676,0.3,90,0.01,14.3600926759827,0.01,0.00690807116918278,-0.00371616648798938,-4.16327592891075,-1.73631258852818,11,53
15.913012184415,13.7541678871871,0.863829936267036,0.997842117744768,0.992982776267183,0.0311329478062321,0.3,90,0.01,14.6924670166164,0.01,-0.00840294605624217,-0.000660209571335337,-2.77413845155815,-0.471047990813755,12,54
16.4598197844905,13.0005195419195,0.852607759174628,0.996203184018954,1.00709542552193,0.0369062943363709,0.3,90,0.01,14.7843503899718,0.01,0.00351047405415079,-0.00398452757940478,4.76483232939081,0.938311780796327,13,55
16.0697724459399,13.4932823325254,0.86183956664608,0.982188553540174,0.99951827315171,0.0576939217166299,0.3,90,0.01,14.6544794935683,0.01,-0.000899111237980067,-0.0043074094483763,3.80254303190084,4.92321431210626,14,56
15.984062919195,12.5122954049883,0.830317170875895,1.0004455904399,0.995966643340415,0.0523290184724828,0.3,90,0.01,15.8655419281495,0.01,0.00682591983404054,0.00352922803807359,1.18364763856764,0.0818118422890413,15,57
15.535899320767,13.9753408444392,0.840321944929996,0.996944679243833,1.00957477258103,0.0223019864159528,0.3,90,0.01,15.7882589555256,0.01,0.00199598392373041,-0.000615440489175542,-4.00067974582153,1.50464331704019,16,58
15.6684296585783,13.1829635262492,0.848665034659992,0.992831011474928,1.00172490018615,0.0284844231481523,0.3,90,0.01,14.6451115052598,0.01,-0.00669032120632071,-0.00575204502585396,-1.8376036510724,-2.05544427839368,17,59
16.9056077288216,13.3093564424125,0.838940261619807,0.999554612324172,1.00854264260559,0.0346913180092344,0.3,90,0.01,15.0903979235388,0.01,-0.00778928205528978,0.00511564565842412,-1.5385655720181,-1.21970180625075,18,60
16.4264414137379,12.25018698408,0.857715162738692,1.00447408225578,1.00736806927274,0.0447216138339908,0.3,90,0.01,15.5310157165088,0.01,-0.00317073474607522,-9.07810492758229e-05,1.83971362214439,3.24499807979044,19,61
16.6677269000316,12.8910133078962,0.864999969173085,0.999223344776927,1.00604018983863,0.0380266831240475,0.3,90,0.01,15.1131976007656,0.01,-0.00802144791788913,0.000449523208253724,-2.35361769031781,1.27789760214206,20,62
15.6498831894834,12.3944284519579,0.837672459203217,0.997676688212048,0.993886913893177,0.0472600403019589,0.3,90,0.01,15.3512632501478,0.01,-0.00740090340164525,-0.00731912290199553,0.638424264628378,4.45777115005677,21,63
15.4403696782778,12.8505448369027,0.847285443607437,0.994681695840531,1.00454645172317,0.0236419417398084,0.3,90,0.01,15.2987855747519,0.01,0.00848263311786116,0.00646923757588713,-3.85669205560446,1.79050091735274,22,64
15.741899736798,12.3824943449281,0.833123894393715,0.982908122306079,0.994671268884862,0.0252683415964041,0.3,90,0.01,15.5643080099955,0.01,-0.00855009330709109,0.00661139373497391,-0.821253249641146,-4.00676795218795,23,65
16.2580543357943,13.6331660659462,0.862252661123228,1.01815258366742,0.994419188212279,0.0389839035355529,0.3,90,0.01,15.6948556667325,0.01,0.00488681415287301,-0.00519567834536731,0.855254304448074,-1.44706094182289,24,66
15.8812149955622,12.7699931619726,0.868063905402842,0.997966500425262,0.996439416819213,0.0433692336025211,0.3,90,0.01,14.2764748800826,0.01,-0.00452317132935401,0.00759499617483885,-1.8763598391138,3.88719692731998,25,67
16.4317285373272,13.3414136194579,0.868828307011955,1.00680481475586,0.995565766459376,0.0245818452798048,0.3,90,0.01,14.9728964712642,0.01,0.00285985947282402,0.00970325804217603,0.668208511936915,-0.591315994775878,26,68
15.7299005882887,13.6318152103766,0.845918622680677,1.01107754739634,1.00246533381143,0.0287036830656386,0.3,90,0.01,14.2327988928942,0.01,-0.0083918979996051,0.000542162645547401,-1.20339964494478,-2.06152301906528,27,69
15.5502372147715,12.7365076874954,0.850421554433513,0.985142944155325,1.00015929852144,0.0249595420311961,0.3,90,0.01,14.0416026186391,0.01,0.00716384061701478,0.00537081158338415,1.67796384648927,2.7757558909852,28,70
16.5718579205277,13.3787598364694,0.842078451658753,0.983385221014768,1.00494779743037,0.0474390682573227,0.3,90,0.01,14.1495892634865,0.01,-0.001684218923172,0.0069095243247927,4.51723907916444,3.97317703180022,29,71
16.3276822934868,13.1388491307916,0.842494128768316,1.01771573163765,0.995398500928104,0.0314674371590746,0.3,90,0.01,14.6012228271221,0.01,0.00877777180559807,-0.000674977952417921,-0.637344501998809,-3.17958955374361,30,72
16.5351553953694,12.7102101669674,0.854516478390901,0.985113406746491,0.999434501544771,0.0243158900147454,0.3,90,0.01,14.1763537142859,0.01,-0.00611565810800011,-0.0093440839685431,-4.31013468708319,1.40450492371594,31,73
15.8680469509881,13.8989439429797,0.855469881592825,0.99162571901403,1.00241179984487,0.021755757404096,0.3,90,0.01,15.2230161251899,0.01,-0.00446496997669448,0.00658021778055465,-1.36662402536152,3.10753894853631,32,74
16.7652273944646,13.8260871323471,0.850329182374791,1.0031236516769,0.991791249608029,0.0360518666600887,0.3,90,0.01,15.5417094858916,0.01,-0.00631462128456071,0.00634439251587672,2.57439238834939,-0.0992349453296972,33,75
16.3362799024353,12.5724993717908,0.83968963004967,1.01330291199305,1.00674574214116,0.0349615613567116,0.3,90,0.01,15.2789348486958,0.01,0.00251705019402473,0.00480901912047523,-3.02985407183898,-4.94286691515194,34,76
16.0800531126063,12.3883719622747,0.853391233338218,0.988037626496599,1.00476240771523,0.0574963042689802,0.3,90,0.01,14.1031417667815,0.01,-0.00923991200333244,0.00621122223624487,0.476130391415476,2.70719666231936,35,77
15.4961690886704,13.7430804973564,0.858937024911666,0.987097990561824,0.998001392717614,0.0351386779915409,0.3,90,0.01,15.09619319636,0.01,0.0056724854878257,0.00314316675994564,-0.130828111314359,-3.58621692367296,36,78
15.5761074012721,12.4405453878218,0.84177077966526,0.994047456330109,1.00770320819813,0.0516272653173765,0.3,90,0.01,15.0498811709838,0.01,0.00740494421349549,0.00841481383384955,2.39293056027094,0.724093809649943,37,79
15.3093619519857,13.73039274333,0.868554524904361,0.99197764555547,0.997583503041265,0.037751911144922,0.3,90,0.01,15.9420745079672,0.01,0.00240232020792038,-0.00894345687381634,1.47484560280777,-0.091783363183934,38,80
15.9711621196406,13.5921127890107,0.858314670308574,0.993397041329904,0.996826554656774,0.0563040839055507,0.3,90,0.01,15.767179915293,0.01,-0.0066135615243544,-0.00363182372309856,3.65599992823632,-3.15828335193594,39,81
16.1528333194276,12.6517249640391,0.84685159900981,0.996267048570287,1.00462449269432,0.0224406801204524,0.3,90,0.01,15.9681373933007,0.01,-0.00666350643873183,-0.00713863665146846,-2.65812376196647,-1.82426550553973,40,82
16.8609315390901,13.2485108620566,0.860016200758732,1.00929995145479,0.996300529933986,0.0319295775737598,0.3,90,0.01,14.0888100889746,0.01,-0.00129100127520682,0.00734154771903774,3.68537072738122,3.6671830214862,41,83
16.1248918993267,13.2436283431475,0.846877545357287,1.01493655166838,0.990688144835082,0.0229830862726333,0.3,90,0.01,14.3780005588012,0.01,-0.00880391420687309,0.00335384771355316,-1.40115566070989,1.08617907825906,42,84
15.7790481074127,13.3148704254526,0.835097765016481,1.00989621524171,0.993284838824869,0.0224922539651263,0.3,90,0.01,14.4690295013675,0.01,0.00759584941316631,-1.68313380072109e-05,2.10710077609114,0.826441462842441,43,85
15.1231180332879,13.5829561513144,0.832880787241954,1.01702785084409,1.00127490154088,0.0395514471868458,0.3,90,0.01,15.6614588819978,0.01,0.0035480861328134,0.00581009239923354,-0.984779217310435,-4.88189736015978,44,86
15.5694998589172,12.8606623792897,0.855146368970564,0.990025909563605,0.997335961246045,0.0538699599699131,0.3,90,0.01,15.8568194609545,0.01,-0.00037246872826764,0.00971608350292828,4.77046203769494,-3.51303937183643,45,87
16.7979058587592,12.4575874333138,0.833484533005574,1.01037865485927,0.996009942070696,0.0546180960044923,0.3,90,0.01,14.8641664824802,0.01,-0.00937563466579057,-0.00101087611220779,-2.81310707187325,-3.54871818428993,46,88
16.196535558674,13.5983203995477,0.830053191189637,1.01820293020826,0.991046318546098,0.0424821820418654,0.3,90,0.01,14.5224614900348,0.01,0.00814133206104408,0.0072527080767567,1.62785945938398,-2.72833169660144,47,89
16.5291807940392,12.7294180848884,0.857475151314236,1.00163381580862,0.992283572655721,0.0518459301148059,0.3,90,0.01,15.8915765605684,0.01,-0.00652951994227638,0.000699281179650863,-1.84855653664972,-2.30739229029917,48,90
16.3929518004349,13.9820867725895,0.865289280297179,1.01431850416148,0.9968034370156,0.0449380439344257,0.3,90,0.01,15.7769112671252,0.01,0.00552612463176424,0.00609914937580285,-4.91644460126118,-2.88271468803514,49,91
15.4750467372716,12.1761180461077,0.831750723969723,0.983146595811873,0.991253553154531,0.0596499239068677,0.3,90,0.01,14.261698783827,0.01,-0.00673750390484484,0.00954731029615944,3.21988556459817,-1.50033220709121,50,92
15.6616463834502,13.843980081727,0.834099090810826,1.00967140484586,1.00108411231266,0.0548107474081664,0.3,90,0.01,14.5983886260065,0.01,0.00684261601342485,0.00116167188619412,-2.74824147205508,0.833975984531984,51,93
16.2330277292225,13.1638818512228,0.86885278111402,0.998321607811003,0.999473028474264,0.0558763788891458,0.3,90,0.01,15.9699829519459,0.01,0.00173651413929657,-0.00389034387419027,-2.66030976363909,-4.09860639798107,52,94
16.9195456708114,12.7004850963163,0.861978939773514,0.997546143068578,0.998422364972738,0.0569867126095673,0.3,90,0.01,14.035291859905,0.01,-0.00694185570170494,0.00300733283787384,4.61345872041671,-3.81647211060505,53,95
15.5280967250252,12.3220113572047,0.847572421240028,1.01066315096914,0.995051931776495,0.029898664634476,0.3,90,0.01,15.1211008941946,0.01,0.00557993115552947,0.00876545517474075,3.41141174045813,-0.0270620337809779,54,96
15.946575136962,13.7937988833779,0.838247387472848,1.00969517053083,1.00303858420168,0.0410192077787318,0.3,90,0.01,14.9268501630449,0.01,-0.00234955911544148,-0.00120375444297235,-4.67296178911925,0.709849803173083,55,97
16.7408875552046,13.9322524359103,0.851535427670129,1.01705742480746,0.990446998491923,0.0373824599626602,0.3,90,0.01,15.0645353163108,0.01,-0.00203099333824836,-0.0050192171578316,-2.03115176857897,-0.16283420655627,56,98
15.6715425584138,13.3339333132001,0.868806915840186,0.994776107807303,1.00306793166661,0.034033571227637,0.3,90,0.01,15.5531776424869,0.01,0.000397764048631424,-0.00609896213604677,4.99077250185072,-4.63152595403956,57,99
15.2001279907633,12.2029856966678,0.86538250418722,0.98507358909101,0.996668122772607,0.0583776957540098,0.3,90,0.01,14.0719636272786,0.01,-0.00336074236835951,0.00495048641354157,-1.8349770128907,1.47397772427996,58,100
15.5489130881153,13.2236612341022,0.864311131563387,1.01754153007773,1.00225715215469,0.0231022111269729,0.3,90,0.01,14.7221875546892,0.01,-0.00413524456940836,0.00479046870665391,3.91051175587264,0.541275850647034,59,101
16.8254655168416,12.5108067486533,0.842527008429612,1.00672335795338,1.00571312341195,0.0536120751062708,0.3,90,0.01,14.5650828767526,0.01,0.00231870900864317,-0.000993458366006925,-1.01843068674671,3.82466747840817,60,102
16.2839680431865,12.7666031166144,0.865097563454442,1.00734857935002,0.997403038035647,0.0340162227433464,0.3,90,0.01,15.6010332871148,0.01,-0.00647961564327984,-0.00774596487556116,1.34888065963265,-2.99193882935723,61,103
16.4807762566223,12.8012121144138,0.857194510660953,1.00343492428632,1.00401430405509,0.0586248634961045,0.3,90,0.01,15.3172226013742,0.01,-0.00416292519414949,-0.000411556961247341,0.350043301461273,-0.508101756156543,62,104
16.270979555496,12.5398451487136,0.852251386543509,0.981682095825338,0.993158537025873,0.0451164726136068,0.3,90,0.01,14.2230213539428,0.01,-0.00806851025431937,-0.00247577455193522,0.0179698073624817,2.77110296122943,63,105
15.0956758158169,13.728513059519,0.855125923215251,0.980337282108262,1.0054809917113,0.0302532342495277,0.3,90,0.01,15.3406447841525,0.01,0.00340483542564615,0.00939258140941356,-3.88432546260044,3.84620082416671,64,106
15.6294257173746,12.5136563773659,0.844435913931369,1.01302442299514,0.996458999204123,0.0374838083794367,0.3,90,0.01,15.3467050442151,0.01,0.00493824717111862,0.00298769411284373,-1.15142180939849,-0.710755536294206,65,107
16.0666381580952,13.1778941045444,0.867444177529419,0.993824758924376,1.0006520065114,0.0294842104761934,0.3,90,0.01,15.8094587266238,0.01,-0.000525117415167498,0.00898482255711863,-0.339817418043903,-1.91171522352884,66,108
15.9652796670509,13.7441771633296,0.843516731945295,0.990133465998557,0.997443377231911,0.0556835301550669,0.3,90,0.01,14.3982297147721,0.01,0.00114000311230543,-0.00161885398268409,4.15900448683081,-4.27521049633539,67,109
16.1737002807711,13.438218770947,0.839054974468583,1.0054783455399,1.00910357269222,0.0213068873595082,0.3,90,0.01,15.4103887084137,0.01,0.00164184070361858,0.00691448124010158,1.36767758885437,4.6108921918002,68,110
16.1079467776743,13.8979296441994,0.854758024359992,1.00410811920073,0.991348301085424,0.0408833974436445,0.3,90,0.01,15.8865986813643,0.01,-0.00961949855209467,-0.000782100732844142,-3.50856569762396,-1.27031873127017,69,111
15.9324356592437,13.2581037863352,0.84289470576252,1.00767158614232,1.00090778079691,0.02024210721927,0.3,90,0.01,15.9286667380256,0.01,-0.00555346511446682,-0.00401085760509522,4.41668117990367,0.38587219744278,70,112
15.5562798665515,12.6155986941371,0.848743692086489,0.98249084500988,1.00675222447723,0.0327494378923252,0.3,90,0.01,14.2124231735429,0.01,-0.00411500838655902,0.00598753621275826,1.06848427341858,-1.51848174430225,71,113
15.6130032909445,13.0554686517512,0.842273587297576,0.996313694094953,1.00659100853549,0.0277264299949806,0.3,90,0.01,15.2531726664655,0.01,-0.00983069571959943,-0.000694456311277092,-2.22421288677297,2.61779496424372,72,114
16.5123583209923,13.1456079143786,0.863925427623423,0.995468984629676,1.00264305176629,0.0375277072111176,0.3,90,0.01,15.409802373911,0.01,0.00490206591504865,-0.00711254243648354,-4.8636526406792,2.92995484913301,73,115
15.558571264187,13.3793980434744,0.853469656842909,0.993345566147631,0.995720017190584,0.0575135071213027,0.3,90,0.01,15.7402917694035,0.01,0.00566991726153307,-0.00178151891142655,-3.83065649148943,-1.87928291706816,74,116
15.4631086106713,13.3553441342544,0.869790847334651,1.01373694028385,1.00613313167697,0.0518980898782119,0.3,90,0.01,15.0356359764452,0.01,-0.0024452004874502,-0.00367214058031756,-0.208680849927387,-1.80032975441263,75,117
15.5703021403735,12.3256834439067,0.863856594400259,1.00639295671927,0.990509024289422,0.0430223158960094,0.3,90,0.01,15.9248642168282,0.01,-0.0082488681224086,-0.00187403953683966,-4.75208590999239,-3.5263833802719,76,118
16.1776995131409,13.1557407318343,0.837646660175047,1.0160726134409,1.00917164946274,0.0218267382067222,0.3,90,0.01,14.4047498214182,0.01,-0.00415588251679896,0.00150294934075426,-1.65736978612196,-3.9304038972183,77,119
15.0331514066775,12.8147224203323,0.851086213828255,1.00094829507837,1.0061684844793,0.0593814696311851,0.3,90,0.01,14.5991047968653,0.01,0.00669861372520677,0.00985456684331834,-3.38191567946474,-3.80628759415976,78,120
15.0120998623694,13.6091776752958,0.847026165210254,0.98304439883737,0.996550811642509,0.0418864347743539,0.3,90,0.01,15.2128367952991,0.01,0.00375576335083087,0.0048750931584865,4.92441318471253,3.74521723066086,79,121
16.6527633508065,13.4418561008807,0.868714658484042,1.01870632849742,1.00282617930658,0.0424238849454632,0.3,90,0.01,14.1246010600048,0.01,0.00813815845488206,-0.0064618929670644,3.64027497049389,-0.604738362165453,80,122
15.0529639392286,13.9503682101878,0.860235841173801,0.996459905821945,0.996385869701621,0.0264235403527685,0.3,90,0.01,14.984737264747,0.01,-0.00159093928776839,-0.00465770776797818,-1.72953561075866,-1.65760676281027,81,123
15.9779300368364,12.901056485917,0.841831391564024,0.999143355951541,0.997260861383113,0.0598109927480253,0.3,90,0.01,15.8671603718883,0.01,-0.00016936101632849,0.00653608966845676,-4.85306780958962,0.364216504084947,82,124
15.2455759502475,13.5998606998005,0.853932946929259,1.00709040852126,0.996126408369795,0.0296520588794598,0.3,90,0.01,14.1053740858858,0.01,0.00178340155145191,0.00494435801033661,-0.733751907305763,-0.637843502466897,83,125
15.6905418800908,13.9648703914439,0.847766823387497,0.986001598771038,0.994582053994046,0.0295397367637416,0.3,90,0.01,14.4279873953292,0.01,-0.00462608141838116,-0.000307146063276436,-2.11569827816077,0.961761941721315,84,126
15.8321576819754,12.8924516855716,0.846371732460246,1.00117419016787,0.993592809290566,0.0208534640720042,0.3,90,0.01,14.0635800998861,0.01,0.00799539047407085,-0.00173834032487167,3.82748139513463,-3.54024878938514,85,127
16.6501947708355,12.662980551585,0.832358404958718,0.996680167174598,1.00182150824436,0.0577748853181469,0.3,90,0.01,14.3137114858847,0.01,-0.00930202830176119,-0.00834743235765794,2.1008496304351,-4.72736800935018,86,128
16.2743571292557,13.832517262938,0.858111570279079,0.994408051743763,0.997859022667825,0.0551327864679343,0.3,90,0.01,14.0860884899123,0.01,0.00890444122555265,0.0048637503276172,-4.95439374848793,2.93451044689443,87,129
15.3403363763269,12.8061100339037,0.860827305686238,1.0166412721599,0.992747001500737,0.0597293494738691,0.3,90,0.01,14.0594776142648,0.01,0.00529417500990341,0.00938187545849506,4.89862111756227,1.83193602757004,88,130
15.4020617515762,13.153045355476,0.830587073242999,0.99483149445232,0.995598723577601,0.0501991694618493,0.3,90,0.01,15.8840142886321,0.01,0.00885627409363741,0.00510349623153565,-1.38821885736601,-4.80145748056967,89,131
15.1806329565857,13.6155578563741,0.834692944906218,1.00482144513886,0.998918260098128,0.0579435222399813,0.3,90,0.01,15.421735228329,0.01,0.00506151774066321,-0.00175023671839686,-2.27951728787917,3.32396298976273,90,132
16.1865893293308,13.0585437771502,0.835625283551618,0.998740021076344,1.00299816927023,0.0402251659008306,0.3,90,0.01,14.1885306228288,0.01,0.00729152507533148,-0.00794068046747578,4.5229211093681,-4.62614628155192,91,133
16.2825950062224,13.0868347286803,0.858835673787269,1.00550544368378,0.994492963517488,0.0249062560216059,0.3,90,0.01,15.5777795232793,0.01,0.00259875560615226,-0.00415646291013676,0.00153900754736203,3.72317670677932,92,134
15.7574058053642,12.2344984440001,0.858947539753025,0.989028577259901,0.996258629959789,0.0259732559254397,0.3,90,0.01,15.9787323601036,0.01,0.00766098868049865,0.00890430879145366,-3.33601117881658,-0.286753269592217,93,135
15.5130702018081,13.5270621182099,0.85094974659165,1.01012336393982,0.99783132798931,0.0547516911083108,0.3,90,0.01,14.7951301762818,0.01,-0.00387713169469948,0.00660008091038245,2.30039060966925,0.562283013384799,94,136
16.7119406864174,13.1223143144236,0.843533500818641,0.988650473474919,1.00944130189752,0.0416888619853048,0.3,90,0.01,14.6262886473082,0.01,-0.00730500574195835,-0.00156784626446511,3.12479290990943,-0.392308792200719,95,137
16.9012294329511,13.2226161138513,0.863877019550766,0.996880464566843,1.00206599486616,0.0546665368137054,0.3,90,0.01,15.0568986582804,0.01,0.00514885629996648,-0.00343835207168922,-3.48707358539443,-4.29342462338526,96,138
15.4344171403579,13.5651757784052,0.852157304652437,1.00210832646691,0.999210432264282,0.0321929889637755,0.3,90,0.01,15.1051926816246,0.01,-0.00551828570765407,-0.00993708595096349,3.42010506756616,-4.86349663174131,97,139
16.8403549389297,12.5223409981593,0.853180944515187,1.01379699197127,1.00908497072592,0.037126535103916,0.3,90,0.01,14.3947269526638,0.01,0.00495433767779693,0.000908100229874587,-1.76885051583744,-3.11730839902863,98,140
15.5885178713434,13.4702260557943,0.850304664887951,1.00952123861931,1.00564637739896,0.0561066516082563,0.3,90,0.01,15.3786395992814,0.01,-0.0010552983406003,-0.000816321049686434,-2.74232794584567,0.527402075399239,99,141
15.6262398670708,12.560409846169,0.831091650717256,1.01505889573055,0.995819143556419,0.0467736006847604,0.3,90,0.01,14.677219711493,0.01,-0.00876930461739217,0.00297931538154424,4.22066689725167,-4.19727365787746,100,142
15.0893598410807,13.8856550078421,0.843255905123013,0.998489028853682,1.00343943092244,0.0372747732309085,0.3,90,0.01,15.5736446476892,0.01,-0.00120239813124942,0.00291923074415831,1.75442855321258,0.859332540376762,101,143
15.1660518579461,12.8438425854319,0.865554515972205,1.01558240122261,1.00436235171806,0.0549332148492578,0.3,90,0.01,15.2598215964039,0.01,-0.00484014021607434,0.00886436806523836,-3.0567877186508,-3.73558434574768,102,144
15.9968023027262,13.3529496298636,0.851229034917532,1.0152990196465,0.998261444066451,0.0381066219945857,0.3,90,0.01,15.8042165184894,0.01,0.00533839107041114,0.00169867081146469,-3.45244247886479,1.03199143732711,103,145
15.5380159289438,12.9089324260237,0.852629006071242,0.996174464118822,0.997640847672521,0.0503823078464074,0.3,90,0.01,14.4957133642491,0.01,-0.00479422690373066,0.00525186742971554,-4.33464174551885,0.0365919739362921,104,146
16.6692742313663,13.3515889927567,0.862943992305126,1.00374864757374,0.994507011836037,0.0303971924957926,0.3,90,0.01,15.8534236717488,0.01,-0.00715203638339072,-0.00427594846509774,4.51342479482458,2.61354858735932,105,147
15.0301462885478,12.3249537767488,0.851271582485294,0.998112738901957,1.00004861129585,0.0363136148422688,0.3,90,0.01,14.8680376057178,0.01,-0.00943616594115088,-0.00236094517804927,-3.81643725466184,1.84404550920001,106,148
15.371742789428,12.5417284207944,0.854961488706261,1.00180730464696,0.998895485041514,0.0323536263360516,0.3,90,0.01,15.9204482055757,0.01,-0.000990814712193255,0.0052410532660054,3.48124492605749,-3.64375659796851,107,149
16.5866073509943,12.8427016308149,0.860388651055005,1.00219341010785,1.0082002406827,0.0565049500467016,0.3,90,0.01,14.5663341609819,0.01,0.00772860268126743,-0.00811733458901853,4.10511580299988,2.78651816803419,108,150
15.0554976826225,12.1462369297305,0.849251643841565,0.985308587115341,0.996706591220538,0.049798869307416,0.3,90,0.01,15.9363130682664,0.01,0.0076549091579672,0.00652494506747385,-2.57508876876546,-2.86131281087827,109,151
16.8460594005213,13.3349501442306,0.841673060250923,1.00007314159855,1.00817736641765,0.0214702101801222,0.3,90,0.01,15.4368675971224,0.01,-0.00184260473757299,-0.00820534461428565,-4.64009673045533,3.23444700690158,110,152
15.0642630811647,13.5346127557871,0.867856257680626,1.00112292120232,0.996476299810381,0.0415757561718099,0.3,90,0.01,15.2203533513043,0.01,0.0070428188982423,-0.00902788250177263,-1.51453162729239,1.64994036897837,111,153
16.7644748692771,12.3788948786722,0.856017008890414,1.01201532679262,1.00890575084486,0.045854809806007,0.3,90,0.01,14.6857617501223,0.01,-1.87246009275138e-05,-0.00216728328425488,1.4181832744566,-3.36611096220093,112,154
15.8826218519248,12.2674759576191,0.835019032510281,1.00691761205279,1.00426306957836,0.0200520141294644,0.3,90,0.01,14.2599665240955,0.01,0.00191623343700916,0.00818938043789734,3.67677100801788,0.975956375862619,113,155
16.4101082382129,12.4122133215281,0.863894471364586,1.00807661253894,1.00577258965175,0.0228711812608922,0.3,90,0.01,15.4616632355499,0.01,0.00645351912002171,-0.000329601385997866,-0.0681467357337588,2.40276955703921,114,156
16.6611763016199,12.540570711555,0.834763622238391,1.01942557343209,0.997714652293171,0.059001258811987,0.3,90,0.01,15.3444804239464,0.01,-0.00956768044182965,-0.0045323390738814,4.59659644786284,-4.80641826544726,115,157
15.7554810733915,13.004582691336,0.840885979049294,1.0099185382062,1.0026173800729,0.0477493474917611,0.3,90,0.01,15.5817751447369,0.01,-0.00996566503766765,0.000834485784684307,-1.34195953159519,3.44437192129793,116,158
15.9211228232869,12.0488286244639,0.837514582536687,1.01207708443872,0.994319257504557,0.0533359466920939,0.3,90,0.01,14.3459577109082,0.01,0.00247088262181369,0.00275462702537955,4.63874538256031,1.05407711271872,117,159
15.1943312679009,13.8030235892995,0.856928665195366,1.00954030297431,0.991218286821671,0.0332406929401592,0.3,90,0.01,14.9451380271181,0.01,-0.00701597744826264,-0.0074672754723407,1.81879189417249,2.53917638437028,118,160
15.2940291079724,13.1468870077799,0.848573904489859,1.00616668717896,0.999273233998645,0.0535167261486685,0.3,90,0.01,14.4936781275599,0.01,-0.00299866406145787,0.000425011302546527,-0.960601671117249,1.07261815323969,119,161
16.8178569590496,13.3983943617062,0.858786318221491,0.98448649109541,0.995506273066208,0.0309023871537532,0.3,90,0.01,14.1150196144477,0.01,-0.00307458631291435,-0.00678208666206801,1.52547037963915,1.48669731420815,120,162
16.2996454101737,12.4167001249426,0.845799153029415,1.01444232958155,0.991157319429622,0.023722992261968,0.3,90,0.01,15.2718336747066,0.01,0.000894070996654641,-0.00517058286957537,0.718862559692941,0.524527984023456,121,163
16.7438434372489,13.2148483193941,0.841854017225316,0.980728849884191,1.00364333126855,0.0302697362976742,0.3,90,0.01,14.8563392797853,0.01,-0.00101170915024595,-0.000659055166501049,0.0889015630993004,3.02797202398762,122,164
15.3920702147809,12.0954034784782,0.842342983912487,0.994513938159674,1.00888556696011,0.032728289181186,0.3,90,0.01,14.5816955931223,0.01,0.00167524723744942,-0.00266940839792853,3.17423462060924,-1.71952757851161,123,165
16.4181755769557,12.1292563354061,0.837283593266063,1.01499014510845,0.997511536140824,0.0460278952285097,0.3,90,0.01,14.9250532030649,0.01,0.00463688967986218,0.0041785621240002,0.26042146529133,4.1383768762801,124,166
15.801108761131,12.2606963293789,0.841715367555061,0.98134721016911,0.999117689474404,0.0249353665866751,0.3,90,0.01,14.0115060309077,0.01,-0.00231818930998015,-0.00927759259390051,2.96925889661137,-2.13406080351462,125,167
15.4706986347191,12.548145766302,0.841020220537229,0.989619342926178,1.00545652746054,0.0477011897713523,0.3,90,0.01,14.1507237163294,0.01,0.00500579541765802,-0.00250490419531293,2.82955629663798,-3.39561396500109,126,168
15.1580046869537,13.2099994992268,0.840719977027482,1.00829220883195,1.00440244592532,0.0498540011187893,0.3,90,0.01,15.3154394134978,0.01,0.00253863180532189,-0.00571503170361432,2.25345464287697,-3.9147667327685,127,169
15.7101873115825,12.1226189235479,0.862266139400209,0.986469451254935,0.997435578062673,0.0282153418139646,0.3,90,0.01,14.4879353233541,0.01,-0.00861870144109268,0.00626751944294606,-3.66478924342866,-1.53899317796631,128,170
16.1130990984269,13.134698504635,0.837358201256963,0.998525824190157,1.00656448941572,0.0519017160129552,0.3,90,0.01,14.5509860489292,0.01,-0.00339116856455047,-0.00267433045128567,-2.09067590312167,-3.44323157496335,129,171
16.6199146883778,13.6238564853082,0.864121473665253,1.00295450782702,1.00833874032544,0.0422362778379597,0.3,90,0.01,15.3017355833699,0.01,-0.00817721327021013,0.00267218310588312,1.77137598783812,4.84072906170562,130,172
15.9690579288007,12.1150737469813,0.836002062609908,1.01681427933073,0.99938968384328,0.0382649280435759,0.3,90,0.01,14.4607748334884,0.01,0.00906834920429103,0.00677360721946976,-2.28289195787143,3.34988182914528,131,173
16.5038943205221,12.0580906391596,0.833758930996965,1.00689693279894,1.00983294121024,0.0452286186345251,0.3,90,0.01,14.0515657138548,0.01,0.00971162929057137,-0.00490669454735319,-1.86982441954869,0.0249690814729373,132,174
16.6183604555409,13.5194577775479,0.836126290193441,0.996710842221508,1.0001346832508,0.0439837365147005,0.3,90,0.01,15.5077574660144,0.01,-0.00169440870182681,0.00165967033716712,-1.23295628293042,-1.58216818626033,133,175
16.9952643589599,13.1725341887873,0.855031343442155,1.01786934075708,0.993403545449143,0.0296037829395308,0.3,90,0.01,14.9565288018285,0.01,-0.000732360181376407,-0.000925593699190694,-1.27955385456913,0.0125729201088927,134,176
16.9992993008167,13.5307916166588,0.844294507043527,1.01849631340239,1.00085646580832,0.0210593547538564,0.3,90,0.01,15.3354521507746,0.01,0.00350755656587914,0.00315820434270987,3.81046439529165,-1.11517831278523,135,177
15.6971277239112,12.4801349271487,0.864045508360761,1.018162664711,1.00703316370796,0.0420418043986971,0.3,90,0.01,14.6803218993187,0.01,-0.00579211214612763,-0.00930645002887302,-1.49577202511475,-4.50249917021944,136,178
15.4449610850176,12.0808367790636,0.854466320281581,0.983894074665561,1.00640824512557,0.0392679140318926,0.3,90,0.01,15.2671238783755,0.01,-0.00180738864858822,-0.00569967390099166,-1.88802377346173,-4.41349667311888,137,179
16.143909411045,13.9030594023047,0.834313834344577,1.00669948031107,0.994455533750821,0.0418250011171318,0.3,90,0.01,15.1023709882247,0.01,0.00338634869354041,-0.000940426860730356,0.689721215035436,3.36605242246965,138,180
15.8634075115829,13.0458334696261,0.847203954899084,1.00204607683625,0.995028188002198,0.0394114616993203,0.3,90,0.01,14.9157811500262,0.01,0.00583804774296009,0.0045547357383776,-4.07589342925658,-0.570214578556456,139,181
15.6942681017059,12.3363936111748,0.830361136104263,0.991525693843511,1.00765901067346,0.0373335451819625,0.3,90,0.01,15.4141699430193,0.01,0.00227318600247904,-0.00980145663459653,-1.60653636764409,1.80104754570928,140,182
15.855747472182,13.0785139830853,0.839434080023808,0.981362334469897,1.00039916693805,0.0255125910313335,0.3,90,0.01,14.3008984729686,0.01,-0.00724451808318693,0.00134120140853625,3.48795817894954,-0.86659326036148,141,183
16.0299127143501,12.7900302598606,0.842956771959036,1.00661956669461,1.00589618989742,0.0505424419540085,0.3,90,0.01,14.4807411608131,0.01,-0.00922658735994627,-0.00425752933882624,4.87508742334317,-4.26370060227367,142,184
15.2907168758469,13.5008407729411,0.854885666593338,1.01779136307394,1.00201374960623,0.0524099407774393,0.3,90,0.01,15.6913451755833,0.01,-0.00229706701463176,-0.00550829626452726,4.13919298338316,-3.29511678955827,143,185
15.1798592359131,12.7464608420158,0.850820381956332,1.00838454590162,1.00391453582412,0.047473132524252,0.3,90,0.01,15.6038945000921,0.01,-0.00625930471973067,-0.00939215670204146,-0.469815739394317,0.883752457032946,144,186
16.6817732737687,13.4036717326863,0.841001781206888,0.987748380038422,1.00430614744905,0.0529996866344323,0.3,90,0.01,15.792853418258,0.01,0.00585407121157996,0.00858014364463821,-1.66542030222408,3.6220735492978,145,187
16.5097155077256,13.7482551522398,0.832388584823346,0.996673116898548,1.00505658249215,0.0421401319889183,0.3,90,0.01,14.4211464891091,0.01,0.00403285768173005,-0.00196044262764343,0.0362039720854801,2.78139593038899,146,188
15.8245754859072,12.0839752685406,0.857338736593317,1.00791732597853,0.996951760743584,0.0374313014293998,0.3,90,0.01,14.0785956606421,0.01,0.007624849683972,0.00521241497180681,-0.80348028598498,1.8382457845105,147,189
16.1459951300615,12.4635032796998,0.858023031239122,0.991084924814859,0.998806773236052,0.0384204544748493,0.3,90,0.01,14.5827112565991,0.01,-0.00247507104065297,-0.00671698513449451,3.0286459053258,-3.98324822448375,148,190
16.3531380615418,12.6083729616475,0.86566807442315,1.01489436653271,1.00885797383193,0.0248686520546124,0.3,90,0.01,14.042901409503,0.01,0.00730952524237131,-0.000248038293892699,-1.04288744102544,-1.85593119061207,149,191
15.5742961380815,13.440369852289,0.847003222898326,1.01420745762604,1.00089793904747,0.0289272786222818,0.3,90,0.01,14.029809007484,0.01,0.00925097474022625,-0.00889754777461887,1.27106992447881,-2.53022469282429,150,192
16.0659351446586,13.6897980642382,0.852579275463445,0.989423507888561,0.993170397072921,0.0413797903441748,0.3,90,0.01,15.9929785195075,0.01,-0.0098206865048609,0.00233075619630627,-1.16710719770313,-3.69842743039773,151,193
15.0671909979654,12.0321911557104,0.834547668490383,0.991293782108554,1.00385243151043,0.0459220287005156,0.3,90,0.01,15.5392488345335,0.01,0.00258980273847379,-0.00688562846798165,-4.65175395316111,-3.88184121021584,152,194
15.9225724669281,12.0162095194623,0.847066795573391,0.988184742689585,0.99432749460817,0.0235483262085526,0.3,90,0.01,15.0416030861692,0.01,0.00786590184204927,0.000276820693399495,2.48137815056007,-2.66974488452969,153,195
15.7008535195905,12.4892987234456,0.838550823162911,1.00504059361493,1.00563041361952,0.0362511088979538,0.3,90,0.01,14.5260792371139,0.01,-0.00939883737179813,-0.00221493141210203,-2.56189969704658,-2.95948971106727,154,196
15.9382951713168,12.8381411969708,0.857635377952424,1.01542141386386,0.994052210394495,0.0405475005807718,0.3,90,0.01,15.8696547999315,0.01,0.00107755806931887,0.00821842541731172,-3.89864834128081,-3.9925542277767,155,197
15.7727097342633,12.5589333572287,0.860351449671426,0.993410559155186,1.00081241440016,0.0534107723363232,0.3,90,0.01,15.6655655515426,0.01,-0.0096075737822181,-0.00369292223802215,3.9941502425817,-2.58262564843342,156,198
16.3867301269414,13.7082385901063,0.849794131399668,1.00965997763672,1.00323502518354,0.0460036536674652,0.3,90,0.01,15.2743164177803,0.01,-0.00545459755069376,-0.00652854295567536,-1.01464203526069,1.05722472618668,157,199
15.7276100942683,13.5053028838339,0.85854007932451,1.01113492859527,1.00170868064455,0.0358665387568887,0.3,90,0.01,15.5767002829935,0.01,-0.00638244245543681,0.00778531978786221,0.336549537784623,-0.43268600174677,158,200
15.5012512569789,13.9052612737253,0.849345915836158,1.00714036454154,0.990803163665861,0.0551615272981087,0.3,90,0.01,15.2063356040423,0.01,-0.000320855349793574,-0.00342043346726414,3.74705163495011,-2.82540872022758,159,201
15.8132794143825,13.6861754911527,0.864472687184394,0.98933288385444,0.998589978191776,0.0257022508374448,0.3,90,0.01,15.8982998420571,0.01,-0.00119611665165257,-0.00767139300382803,1.00225066547919,-3.87667705708784,160,202
16.0957925161852,13.8563245481719,0.839325055119689,1.00217460425194,0.993450949813561,0.0509543812198186,0.3,90,0.01,14.2132767596241,0.01,-0.00786586051717831,-0.00860052435371946,3.18645660786504,1.20192341030576,161,203
16.6020013266279,12.7875792394242,0.850888983286968,1.0140899854875,1.00722327222474,0.0207734045587348,0.3,90,0.01,14.1517222794112,0.01,0.0086980865260823,-0.000406206767621028,-3.76846039510263,0.995079284519569,162,204
15.4035874579736,13.6228135931294,0.868369920114309,0.990048333660893,0.991134478373975,0.0293903717616545,0.3,90,0.01,15.4252323134213,0.01,0.0079780555104179,0.000689721688813885,-2.7958649340834,4.47474877685778,163,205
15.2267246890083,12.8674729857996,0.838393280198098,0.996632886030813,0.992339692369355,0.0269877137988311,0.3,90,0.01,15.3601650378367,0.01,-0.0021661541106614,-0.00633130323554858,3.6636915552027,0.727217746362782,164,206
16.5499505487466,12.7506609442766,0.838844732057595,0.986860988394875,1.00072228933283,0.0297107360262837,0.3,90,0.01,15.752769331408,0.01,-0.00409534410959083,0.00107252185946271,0.13645491347755,-3.71020568553833,165,207
15.5077465440828,12.7142602388824,0.862168683308229,0.980554808065944,1.00320275943376,0.0366085968785223,0.3,90,0.01,15.0825202409311,0.01,0.00548193090567903,0.00336978150978587,-1.06435293059663,-1.20652527993811,166,208
15.743603543628,13.8834291246921,0.834407527685078,1.01884773554991,0.992557322900418,0.0373747737282082,0.3,90,0.01,14.2897752589278,0.01,-0.00517103596865153,0.00390507469356436,-3.53324581525361,1.82300774471729,167,209
15.8063763891622,12.4704790989936,0.850506020135547,1.01128992593084,0.998713118831272,0.0267901330138669,0.3,90,0.01,14.6691230653796,0.01,-0.00427874471536015,-0.0065510105655254,-2.60003466556194,-4.69793995935992,168,210
16.8348731941281,12.3473826062027,0.841362539854878,1.00512625082551,1.00792913856763,0.0568877701152457,0.3,90,0.01,14.8114172629809,0.01,-0.00645820489818831,-0.00670249562722386,0.88610700200289,-3.22698894108217,169,211
15.1011662868029,13.0169571125393,0.831445558460636,1.01847819642119,1.00927482976444,0.0281858893976463,0.3,90,0.01,15.1511225198515,0.01,0.00600305275722781,0.007413969028639,0.322242518542682,-3.91585461012048,170,212
15.6819856235333,13.1897383029799,0.869610601005962,0.980695163237158,0.994931725296676,0.0349446108727829,0.3,90,0.01,14.5038601797288,0.01,0.00867539516522855,0.0083503484790185,3.73242747903568,2.63161162422642,171,213
16.1381738044265,12.4098254902449,0.866830352553902,0.999198129490171,1.0062193454411,0.0307662138032465,0.3,90,0.01,15.8391270621542,0.01,0.00783380553597285,-0.00866900994648641,4.35681814488774,0.209353021655438,172,214
15.8571255217658,12.1844756626659,0.859528762438393,0.981441206197307,0.996416107167256,0.0470398495112407,0.3,90,0.01,15.2510495261512,0.01,-0.00803735078021307,0.00564367777370717,-0.725462241680408,-3.55068185849373,173,215
15.5609850807984,13.959702029167,0.856851056970866,1.01658685836755,0.990108601898177,0.0520227376416604,0.3,90,0.01,14.0991510516705,0.01,0.00686724733015062,-0.00179494781447543,1.05217328618715,-0.558017988705926,174,216
15.8116449092522,12.6963637567641,0.85711039699611,0.993732818262071,1.00338543290873,0.0376881313460418,0.3,90,0.01,15.5899284406689,0.01,0.00108899587425998,0.00949805528463181,-4.70916897950781,-1.04827079444175,175,217
16.9486880402808,13.1682594874148,0.840021407231721,1.00222338433308,0.996873260098523,0.0369566951539942,0.3,90,0.01,14.3344776722809,0.01,-0.0030931316919829,0.00450403467611016,2.63510981567994,-3.97591278615826,176,218
16.1023670434503,12.1940021939488,0.843069768544794,0.997874675953271,1.00586134858143,0.0290757765546654,0.3,90,0.01,15.1966584254645,0.01,0.00681360711637023,-0.00144342225848698,-1.30496569449337,-0.329696871789318,177,219
15.7127880538934,12.125068695278,0.856283317155477,1.00871256900819,0.99205112639604,0.0473351613928608,0.3,90,0.01,15.6589090983101,0.01,-0.00395851203028586,0.00599593347063263,1.72376566871454,-0.308594849265636,178,220
16.0207022898791,12.6831409735462,0.84771106710594,1.01828087296566,1.00549597673288,0.0423478206906812,0.3,90,0.01,15.7217336800135,0.01,0.00538485363323603,-0.00611788257062488,4.31220614829461,-2.42820976800307,179,221
15.4383562627365,13.2627541694074,0.848249152951915,1.00758314848185,0.990258971605861,0.0231605166827784,0.3,90,0.01,14.726944843037,0.01,0.00284531643459365,0.00222529030092614,0.176371234957079,-4.70764868771748,180,222
15.7660621709432,12.5343747098668,0.867360873562575,1.01048602781659,1.00536739257507,0.0238394111175404,0.3,90,0.01,14.5706826577375,0.01,0.00981526835044265,-0.00467930385672527,-4.48486141517681,2.2485483149208,181,223
15.7289990603572,12.5287133604969,0.854231995138516,1.00841844345715,1.00502755792073,0.0251318506392677,0.3,90,0.01,14.5465389136927,0.01,-0.00134021358768591,0.00639126783200895,4.212315146469,-4.68847158574188,182,224
15.307811016834,13.2710305294421,0.839146982326502,1.00789040392696,0.992698801093779,0.0480679136127571,0.3,90,0.01,15.7653723507621,0.01,0.00604473648490369,0.00139696198306992,-4.02503542819747,2.46502505397037,183,225
16.481894641861,12.6287120579692,0.85404030630315,0.999304916634709,1.00041040563375,0.0507810306480933,0.3,90,0.01,14.4677710636459,0.01,-0.00644646485528873,0.00619584537712643,-0.267133811077187,4.68070169665348,184,226
16.6406187928627,12.8348845724378,0.850055394295753,0.984216140201667,1.00012478069212,0.0472800266758277,0.3,90,0.01,15.3380796014868,0.01,-0.00950332336626215,-0.00829528011074586,-1.67598073003411,-2.91523106591992,185,227
16.680384023445,13.5729408909568,0.856967695436442,0.999835874342193,0.994985624045243,0.052382007443572,0.3,90,0.01,14.094623092127,0.01,0.00709749317964482,-0.00410784717384906,-0.608168245267937,4.48167721691483,186,228
15.003935639653,13.1449505498095,0.856181768163781,1.01122834568453,1.0023987822119,0.0371878474425881,0.3,90,0.01,14.5536409124949,0.01,-0.00989960598673923,-0.00922434340844617,-1.08640863084603,-4.90744512571524,187,229
16.591175346864,13.8345941845012,0.846392405428891,0.983312502578809,0.996168296663961,0.0583870593815082,0.3,90,0.01,15.1943986151244,0.01,0.00713212709134505,0.00708207448821064,3.04012856637339,-0.874211385218434,188,230
15.9490891521908,12.2414862081032,0.851902207554434,1.01306700768667,1.00019056844044,0.0481054168303441,0.3,90,0.01,14.9321802926451,0.01,-0.0033518422905615,-0.00332160964860965,-3.91592557266204,-2.31439441864177,189,231
15.7069324237994,13.1007468339105,0.854344032443026,1.01546544771628,1.00795865603076,0.0294589405428451,0.3,90,0.01,15.485331935753,0.01,-0.0061074172410204,0.000245133137188708,-1.12283107414005,-4.193981959373,190,232
15.112078757726,13.0482002848058,0.850390174589704,0.997928716239684,0.999528944206053,0.0591304101383305,0.3,90,0.01,15.2522669140289,0.01,0.00111884391143855,-0.00523620937018053,3.0716679005408,-2.64626415973281,191,233
15.3653661497683,13.8464234595621,0.839241979273805,0.996567519304145,1.00693440525377,0.0498394196352794,0.3,90,0.01,14.1180994756301,0.01,0.00893131201548716,0.00476781861683916,-1.49453987679494,-0.0451789780579936,192,234
16.6061241405947,12.3869277945661,0.844034842504471,1.00730871234386,1.00516491631185,0.0376376902087118,0.3,90,0.01,15.2180545206782,0.01,-0.00791177208753477,-0.00160099160556165,0.396932388012253,1.95824228878367,193,235
16.655862604922,12.3572637052738,0.865029983118485,1.00741664951882,0.993216282706554,0.0469876972148365,0.3,90,0.01,14.3725234138182,0.01,0.000814995388973587,-0.00896991287622498,-3.15241659391997,-4.46025300471744,194,236
15.2213969695899,12.1917487677005,0.856317559084011,0.991661578703125,0.997737874080569,0.0461411916577588,0.3,90,0.01,14.7560342871886,0.01,-0.00109225544398085,-0.00549352144552982,4.40037169897293,-2.79232775439633,195,237
16.9734017435995,12.0713561074413,0.830706574056409,0.997394680511578,0.994428974033824,0.0586804162835307,0.3,90,0.01,14.6099787786329,0.01,-0.0024688830067832,0.00161054315889489,0.940398775756632,1.37119394221933,196,238
15.5962375998004,12.5517265801939,0.848179462593335,1.01881616712625,0.999803859652346,0.0292894452871195,0.3,90,0.01,15.8432660314835,0.01,0.00607992684286035,0.0032507800830799,4.79407076213423,-0.0384281358639491,197,239
16.660808588851,12.4900716969116,0.867048000284301,1.00209357722745,0.996526307692264,0.0575457809842586,0.3,90,0.01,15.1604455515609,0.01,-0.00592037824694794,-0.00417033761177075,-0.579292513227657,0.697110833295769,198,240
16.0272880416856,12.6492247792891,0.852904993896465,0.986047258841921,0.990764551046335,0.0469648172877406,0.3,90,0.01,15.1557909539077,0.01,0.00136464435182556,0.00700480563787387,3.3613488777798,2.89507933630033,199,241
16.7915443254182,12.0277387235031,0.853580178932306,1.01888784450312,1.0062241526208,0.0544658224653024,0.3,90,0.01,14.8900684436998,0.01,0.00975659018293514,-0.00668948579485431,-4.35607504924235,-0.272202451312545,200,242
16.1416196558,12.3818395373935,0.847220169332409,1.00774861923581,1.00389396770017,0.0531062751161737,0.3,90,0.01,15.8968230429528,0.01,-0.0028214481869887,-0.00370949480329525,-4.86822415141601,-0.625982430190227,201,243
16.2817970158432,13.8044012175146,0.868307208528917,0.990425495337054,0.996892367102385,0.0532293709480459,0.3,90,0.01,15.0273741430521,0.01,-0.00834940940180702,0.00590853022114331,-0.815034493889164,-2.78714361497382,202,244
15.7985977101712,12.308542892336,0.849528545443141,1.00365598599406,1.00477341067492,0.021373217245082,0.3,90,0.01,15.8380355687487,0.01,-0.00653097701776641,0.00907620930569533,-4.96468671708281,-3.25323363536704,203,245
16.8568053095887,12.8824145587409,0.855666046929457,0.984648810933342,1.00249662889011,0.0353285668416553,0.3,90,0.01,15.6620454625313,0.01,-0.000289068088620338,0.00032145761345609,-1.14802503136679,1.66675099621517,204,246
15.6677515285284,13.5295265119694,0.851454403802406,0.993370205906835,1.00863501074659,0.0219952221556336,0.3,90,0.01,15.1670421105665,0.01,0.00942053713371677,-0.00207269229061697,1.80627700585935,-2.92425434200148,205,247
16.9886249331072,12.9439175819981,0.836994660488714,1.0117320649317,0.997220580985784,0.0594795257412069,0.3,90,0.01,14.5522045346078,0.01,-0.00285429720326263,0.00664934701941792,1.82679655339279,-2.36596505927687,206,248
16.6445118918099,12.7536212652564,0.853041977702052,0.983273131994565,0.995090151242944,0.0390022476672707,0.3,90,0.01,14.2274897209601,0.01,-0.00372822382747952,0.00937153870954874,0.141979721678522,3.3190144784721,207,249
16.4710062282418,12.4697182905106,0.858391425500395,1.01041775908401,0.996716955723409,0.0294340840858717,0.3,90,0.01,15.2152490196902,0.01,0.0068961428817432,0.00364824732545693,0.953807491246619,2.31919707475519,208,250
15.8313582520284,13.9183628425507,0.841428643660113,1.01092770722235,0.990580740654224,0.0391084039563945,0.3,90,0.01,14.1353165181858,0.01,0.0059247519776928,0.00675686979669328,1.15457771329053,2.83119395435654,209,251
15.2533833746249,13.4046638102987,0.858074648885163,1.01618874492322,0.996565190211691,0.0290006129314493,0.3,90,0.01,14.1918137462471,0.01,0.00293304524895173,0.000467487367655171,-4.15162257562382,-4.52667845385624,210,252
15.6798823868847,13.127544404353,0.832072388917624,1.01278187708252,0.993802661946848,0.0499127263999222,0.3,90,0.01,14.960462537711,0.01,0.00725008536010511,0.00946213899821025,1.40942029363656,-2.8181827748974,211,253
15.1434944159924,13.7116544343016,0.842137464127779,0.989872217099301,1.00232172045494,0.0364238929017367,0.3,90,0.01,14.9550876052485,0.01,-0.00166765739556919,-0.00462854944350966,0.429500652342294,-2.02815184444784,212,254
15.0449050683972,12.5381383709145,0.85587117908826,0.988937271938066,1.00751047193632,0.0550773452836276,0.3,90,0.01,15.9414183706952,0.01,-0.0029835192221307,-0.00716436565741438,-3.67253107431408,0.416579762316522,213,255
15.148351248175,13.7817257566464,0.861245057569424,0.997297655333973,0.998838181102409,0.0578191991249204,0.3,90,0.01,15.6709609621273,0.01,-0.00755158377290846,-0.00640735708200304,-2.95399071571411,4.75184789287468,214,256
16.5927651705381,12.2762072846933,0.852520511476376,0.994711689880141,1.00295219691229,0.0421387050178262,0.3,90,0.01,15.1105322540957,0.01,-0.00556967795064571,-0.00782543353972765,1.75663447910149,0.405720993988709,215,257
15.987612808698,13.3915976006306,0.850245427126563,1.01044041848726,0.990996911160121,0.0492869467732018,0.3,90,0.01,14.3654230617399,0.01,0.00281152199279644,0.00781452773589882,2.30602891490423,4.355547298548,216,258
15.5819390560016,12.8528380909389,0.847162651633091,1.00082815642902,0.993620664322766,0.0449819457981533,0.3,90,0.01,15.4157292940104,0.01,0.00286931593626661,-0.00686252193051211,2.74840176754835,3.70964909669856,217,259
15.2316242716605,12.3461482624222,0.853524653479502,1.00552659136455,1.00288091023096,0.0205711859716282,0.3,90,0.01,15.3472313478692,0.01,0.00634151976158597,-0.00337894120179462,-3.55448480975162,3.25893284440606,218,260
16.6884806139431,13.1478453392186,0.869263994734381,1.00187729428798,0.999287129320506,0.0221048892326944,0.3,90,0.01,15.0461040921377,0.01,0.00118716989146678,-0.00895194862496677,3.76000228462149,0.383376417449094,219,261
15.6859470158003,12.1177274409452,0.838894753100199,0.981190157291758,0.994247009536518,0.0350680834605725,0.3,90,0.01,15.5969338162626,0.01,-0.00191085916949709,0.00340166226664096,-1.64323198354871,-1.919045690169,220,262
16.0036182163342,12.6747728385418,0.842837902006301,1.01697783734498,1.00541257312827,0.0539908851364075,0.3,90,0.01,15.9519386030333,0.01,-0.00469706513574742,-0.00692224487915122,-0.250853695246463,4.53029556062298,221,263
16.8373890832602,13.3436525239922,0.869546391713686,1.0086215405326,1.00016893060904,0.035195315977956,0.3,90,0.01,15.0439691992636,0.01,0.00542562874877888,0.00546768443326805,4.11782246282448,1.62426850047687,222,264
15.3975786061752,12.1694511528555,0.865222105644969,0.982543625932387,1.00251336118435,0.0355125692416963,0.3,90,0.01,15.8748497160677,0.01,0.00662980959143898,-0.00852757294706008,1.98876910483512,2.53196599741505,223,265
15.5653016417692,12.0548560529871,0.860622624635753,0.985618375602604,1.00031375089773,0.0297398830696939,0.3,90,0.01,14.400722884292,0.01,0.0095408256540878,0.000254749554263601,-0.111974762522017,2.18265866783386,224,266
16.2599758275374,13.9179771250162,0.840192321842352,1.00515601620933,1.00367100709716,0.0268135035026114,0.3,90,0.01,15.0266685099249,0.01,-0.00230674322005301,0.00109653391373905,-3.3877999858281,3.838129212766,225,267
16.7840940948218,13.434809633831,0.853445595042402,1.00038101318491,1.00099491723516,0.05960937480785,0.3,90,0.01,15.5588609768927,0.01,6.94587262243754e-05,-0.00181879869176598,4.38365350690746,3.28897382468794,226,268
15.0617114179981,13.4147748548659,0.844545071728083,1.01286567585571,0.998562214736731,0.0262644315845941,0.3,90,0.01,15.2613438804807,0.01,0.00437271341610411,0.000572164514241622,3.14228654022418,4.27241608029595,227,269
15.2062402515674,12.6943640571604,0.837795119177577,1.00170332451872,0.995540605598861,0.0474131123997019,0.3,90,0.01,14.9197732565933,0.01,0.00844795796673911,-0.00442083910392678,3.09359707642998,-0.0111539539071224,228,270
15.6276728553239,13.9041019242336,0.859286914792894,0.986337016279369,1.00003644606519,0.0435346410384164,0.3,90,0.01,14.6701536630272,0.01,0.00103933465508412,-0.00436627485898437,4.89462145300323,-4.39587198527613,229,271
16.841307575464,13.2572796979951,0.863776194448029,1.00769332241558,0.997895938537272,0.04849531734214,0.3,90,0.01,15.2409638575176,0.01,0.00465911500669392,0.00931400226206453,3.34818413268591,4.13297096750287,230,272
16.3448240197074,12.7250670437707,0.849096728633543,0.99830578316594,1.00165482081066,0.033992085813497,0.3,90,0.01,15.3583812104012,0.01,0.00489731200753343,0.00322792527442572,0.457254722990765,-4.0878707528764,231,273
15.3592306757107,13.0432607819284,0.836454056383689,0.980424876883558,0.999606765817318,0.0534203363113944,0.3,90,0.01,15.521579645461,0.01,-0.00160249488029794,-0.00521914059221718,-4.58612496436351,-4.03900342833792,232,274
15.0974644458242,12.5795031617812,0.851564829116863,0.983561609737503,1.00352468841004,0.0202282385401742,0.3,90,0.01,15.0977982622229,0.01,0.00273230592707756,-0.000493886234056835,3.85906034658703,-2.14488245693929,233,275
15.0832193407095,13.2396574719116,0.844376519656452,0.989974084751662,0.999379717325223,0.057128617448905,0.3,90,0.01,14.8310334149901,0.01,-0.00731679740703717,0.00110454768228963,3.88398363132986,-1.02182104919747,234,276
15.3528199305129,13.1542148509098,0.852459885114789,0.981739340934455,0.995676002464935,0.0499667780040791,0.3,90,0.01,15.0137580123425,0.01,-0.00490302749377362,-0.00262892431138308,4.12130279265539,-1.31863521920442,235,277
16.88605402276,13.5715579316537,0.860471356754624,0.993868261476465,0.998766908451987,0.0419262812729006,0.3,90,0.01,14.4167528590121,0.01,0.00621231733532777,0.00636302952870262,-0.462044197746996,-0.447164729486397,236,278
15.7969797402667,13.714573082744,0.847757645741452,1.01857374758683,0.998627710322312,0.0552440796495946,0.3,90,0.01,15.2410671862127,0.01,0.00344125942525173,0.0011719148707785,3.7517171882149,-3.12403858752677,237,279
16.1858128347819,13.7077539772838,0.840056768482046,0.989229184508201,0.991922250166458,0.0440714773936354,0.3,90,0.01,14.7945205230955,0.01,-0.00821500281394584,-0.00992151813117065,-0.424898113610789,-0.587725791565407,238,280
16.8992149971978,12.5571859832778,0.850661365084567,0.98919222274079,0.990133969898403,0.0400072276026093,0.3,90,0.01,15.9193589387673,0.01,0.00278992889611825,0.00568226838906717,-0.0148222517153371,-2.99569936544788,239,281
15.9295925556346,13.3657763805626,0.846711302252114,0.99149057725924,1.00800422113666,0.0331930441303463,0.3,90,0.01,14.7536354079097,0.01,0.0071786792843528,0.00622225225337575,-3.04071309677299,0.767136591814643,240,282
16.1484655592438,13.986873556448,0.859770353443944,1.01284570499048,1.00532415377208,0.0590702308502076,0.3,90,0.01,14.7275381979414,0.01,-0.00215062065772934,-0.00909533339385415,-0.327233205390895,0.958543450678815,241,283
16.16731456708,13.4547907550659,0.86480962906696,1.00711040367742,0.99071190183597,0.0217258604417948,0.3,90,0.01,15.2571393710604,0.01,0.000598992197644319,-0.00454064307072492,-2.6687473960169,-0.807442809663646,242,284
16.3682037286611,12.786335247856,0.847518841434306,0.98225401269525,0.995913443690768,0.0271469267692686,0.3,90,0.01,14.5184735892914,0.01,-0.0070646585128231,0.00692833112027738,-0.888642640833835,-3.79942224562725,243,285
15.0219458697948,13.5641442901336,0.844176765792775,0.991704400046086,0.991302991431689,0.0493868385687025,0.3,90,0.01,14.9742525064477,0.01,0.0068503235074042,-0.00326250093709914,-4.04182067485811,-3.08828959537618,244,286
15.5373030929514,12.3161754774751,0.838489527751783,1.01594240075704,0.993658193146734,0.0413346234304949,0.3,90,0.01,14.2303447524326,0.01,0.00652198052134248,-0.00773280270606644,2.47459022790492,4.88401696518025,245,287
15.5860582616142,13.3637120070298,0.842284594641835,1.00600140025702,0.990966571997514,0.0543965799438053,0.3,90,0.01,15.3594301250351,0.01,-0.00845520620988518,0.0073587223814749,-2.15633041381286,4.11468475817121,246,288
16.5881115426963,13.4109840096241,0.860254809484257,0.983022068745916,1.00508294907803,0.0560183296229536,0.3,90,0.01,14.936631972598,0.01,-0.00368262253061722,0.00712789904666226,-0.380213410715307,2.28859635822532,247,289
16.917538343589,12.6212869705278,0.832762538110146,0.980255594894021,1.00977972181159,0.0258116214541085,0.3,90,0.01,14.3072723254298,0.01,0.00596262357399131,-0.00876906692802124,-2.9278370547675,-4.8502615658251,248,290
15.8426606182208,12.6583890836202,0.863694905243804,1.01312553192097,1.00311663161212,0.0264503816213372,0.3,90,0.01,15.4314323856862,0.01,-0.00990583619861406,0.00727522145464956,0.733121076292839,-1.46692861947085,249,291
15.915301252056,12.7986150550002,0.835558348215755,0.982611487007425,0.996509894619468,0.0317563323837076,0.3,90,0.01,15.9054419398189,0.01,3.84467341054944e-05,-0.00316242955079976,0.949783383955685,0.896065693854466,250,292
16.8986633398404,12.255299316231,0.845522777287619,0.980388039812704,0.99008250818689,0.0473964479610263,0.3,90,0.01,14.8079474192794,0.01,-0.00742335097895848,0.00680778651911259,3.6506955895855,-0.827013117975122,251,293
15.0567305128778,12.0221583912252,0.859550829842586,0.993542650585653,0.992510107960817,0.0207037068209003,0.3,90,0.01,15.1432776295866,0.01,-0.00327125210646555,0.000826834449535152,-1.87454441010609,-2.47947250260273,252,294
15.8671354760737,13.3240646264025,0.852138636940627,0.994484931503493,1.00582598921015,0.0393195120120216,0.3,90,0.01,14.0077864678226,0.01,-0.00412628776514715,0.00531577035100304,-1.54399294468183,3.52124774250021,253,295
15.7171519456298,12.1283557990029,0.861878593736596,0.988511148630566,0.99111349944219,0.0272939000602161,0.3,90,0.01,15.613422057946,0.01,0.00702975945228282,0.00550389749411407,-2.98685934433647,-2.82151471585605,254,296
16.2313366942846,12.9287024909434,0.851416974598643,0.99567876016938,1.00759719633793,0.052878795476046,0.3,90,0.01,15.5159556311689,0.01,0.00360349054279381,0.00944725123333222,-3.79826963033448,0.64871086630753,255,297
15.6583313569984,12.1745052172233,0.867954615643333,0.994432769839828,0.999424895196594,0.0415477664066672,0.3,90,0.01,15.1091599709354,0.01,-0.00552077747230681,0.00597297981540794,1.94967630370187,-3.21131076124004,256,298
16.0507446090924,12.3973836566815,0.832037683031619,0.992574720541052,1.00962881339614,0.0285831532040764,0.3,90,0.01,15.2810476080138,0.01,0.00934868437209784,0.00722612340156585,3.52730762983492,-0.46595098773681,257,299
15.5858864612209,13.9223699954187,0.858733923003716,1.00203050810088,0.997454193532989,0.0480121621919844,0.3,90,0.01,15.9296217495731,0.01,-0.00313506430378316,0.00607838046611745,3.79495904347827,-3.01260465146589,258,300
15.3065314738179,12.1083877798653,0.846694198895054,1.00905937260561,0.999758322297527,0.0440875346126524,0.3,90,0.01,15.9086508585162,0.01,-0.0006156441787888,-0.0080461814228569,-3.20642669560497,-1.49478515246461,259,301
15.4847677408721,12.4686565655889,0.84482916497048,0.98107020097255,1.00194838058843,0.0465556975487487,0.3,90,0.01,14.2957350970744,0.01,-0.00519137184140578,-0.00171076627337485,2.69069088185979,0.653217508561373,260,302
16.8042339624822,13.6621515236446,0.832168017429272,0.985536581264961,1.00370451132333,0.053766586323521,0.3,90,0.01,15.3056410721251,0.01,0.0042985050483917,-0.00129623865475592,-0.651861103522165,-1.75130889985267,261,303
16.6723276434545,13.1266642547973,0.841489049478604,0.994190669841882,0.99544968181324,0.0590881274337794,0.3,90,0.01,14.6812692057127,0.01,0.00847921626435927,-0.0084684274338234,-4.18828907607982,-0.560435126187975,262,304
16.2616365406373,12.2456146823332,0.862611465358293,1.01799760809568,1.00088972639574,0.0526856639801232,0.3,90,0.01,14.8667642562707,0.01,0.00181928568710333,0.00565353532978583,4.65779901624039,1.18916647451714,263,305
15.4748130420355,12.9250845276461,0.847866715308817,1.00847945265108,0.999446319075332,0.0309316012502631,0.3,90,0.01,14.641105720463,0.01,0.0060615773991818,-0.00137120977896071,-0.830443951845386,3.60425298377996,264,306
16.908244505444,12.2708144428735,0.863714098397035,1.01946800071751,0.991594302156014,0.0599424064589562,0.3,90,0.01,14.0551692682078,0.01,0.00619162825189578,-0.00636508161506966,4.34317018620525,3.5411482658948,265,307
16.7187108577525,13.7254017776128,0.861580558567206,0.991755369219365,0.998458838081649,0.0404717380274208,0.3,90,0.01,15.0650524792838,0.01,0.00389103507554687,-0.00639750932695298,-3.09764827277184,2.17638675429412,266,308
16.8501009607769,13.2550620430053,0.862891179968866,0.992767486192458,0.991885093253369,0.0280253971479353,0.3,90,0.01,14.5248332586595,0.01,-0.0079654997807318,0.00277888079278404,1.69805088393517,-2.85922871019523,267,309
15.5047139946838,13.763813933995,0.832240418086577,0.984583096896671,1.00579174698716,0.052822239488818,0.3,90,0.01,15.4875247684546,0.01,0.00918831325134151,-0.000837763359839533,-4.29853290983408,-1.88400147043936,268,310
15.4451996826824,12.6026072711119,0.845848546712435,1.00925883488729,0.998725338977798,0.0464643558920968,0.3,90,0.01,15.1033057138978,0.01,-0.00790611027150495,0.0027059601346831,-2.83724242914998,-2.59220755648335,269,311
15.5315298147358,13.5472379384944,0.831621779911426,0.990547792854261,0.997184575093821,0.0490938705631759,0.3,90,0.01,15.6055668213824,0.01,0.00457940621545634,0.00888447356632905,2.11748118046158,1.41582106506431,270,312
15.7348826596631,13.0300156065985,0.863910633397053,1.00352991835818,1.0021847574698,0.0351061544105747,0.3,90,0.01,15.159476157609,0.01,0.00260550738959832,0.00384239791406308,-4.2290601040831,-0.419555485947148,271,313
16.1348163370251,12.9608639063114,0.843803718530401,0.993231414541214,0.996070439999251,0.04799589225249,0.3,90,0.01,14.5355050561355,0.01,-0.00186517744045476,0.00245379492555708,3.60738470476573,-4.92678682770452,272,314
16.2512838632916,13.9839283721724,0.859333469273946,1.00844000773375,1.00054922443537,0.0581689466628875,0.3,90,0.01,14.6514137941374,0.01,-0.0026053692111337,0.000332840950492817,1.66996472919463,0.981704661532897,273,315
15.2040691631041,13.9966348553894,0.836754679674566,1.00280926668309,0.992919587697585,0.0551858966855481,0.3,90,0.01,14.5457302831069,0.01,0.00931375053784924,0.00131469148213257,0.575987463386831,-1.84251418932825,274,316
16.716211260714,13.0872342631099,0.841142504379207,0.998939839059628,1.00432720619327,0.0279341579620564,0.3,90,0.01,15.1359812077762,0.01,-0.00473085121522299,0.00547457443125283,-2.93797579596801,-4.76620037855685,275,317
15.8656618455825,12.6988217761031,0.868445435327953,0.980941708965665,1.0064994398826,0.0491784316824964,0.3,90,0.01,15.7642301171569,0.01,-0.00676624540712418,0.00695433455058853,-3.58489232645111,3.52750208267891,276,318
15.51761560017,12.4918980690341,0.866712900695145,1.00426417755808,1.00348217148674,0.0570144562712162,0.3,90,0.01,15.0529704198366,0.01,1.67127782963565e-05,-0.00238837997960835,1.33823460855107,-2.04881684710914,277,319
16.8538908494546,13.4179189580084,0.835485837491593,1.01573794075412,0.993755603759982,0.0526601104624309,0.3,90,0.01,15.2701645559384,0.01,0.00845157190259228,0.00620377873131542,3.63815221918543,0.517784519190628,278,320
16.025806660352,12.5328892413199,0.840477370349611,1.01369855059183,1.00360413418853,0.0539225584025095,0.3,90,0.01,15.6854654391886,0.01,0.00454549365657853,0.00935717776006943,-1.35080801932906,4.89951519992004,279,321
16.4086418351036,13.5670456783757,0.837006860739809,0.990396482700259,0.998644901897735,0.0438933847555594,0.3,90,0.01,14.8094996765545,0.01,-0.00603467759876483,0.00256467465281052,4.80526221500167,0.110970370101659,280,322
15.7712889395651,13.0858307929515,0.838237857237742,0.996284333007905,0.999618896434574,0.0564275735013903,0.3,90,0.01,15.9323639780577,0.01,0.00779637801366484,0.00940827880378746,-1.52961948337403,2.08247561093026,281,323
15.8597130192465,13.8826109675795,0.832858380009435,1.01137048077867,0.996343198145392,0.0491400646125374,0.3,90,0.01,15.0587832426891,0.01,-0.00971532734896341,-0.00134580410256433,1.63837880750593,3.23575198095787,282,324
15.5237408280834,13.7537785092171,0.8661398707741,0.998385163156458,0.999309675260276,0.0347404249602054,0.3,90,0.01,15.3505382201857,0.01,-0.00782771093046071,0.00921840371064504,2.69747158233809,-0.836753233558065,283,325
16.3073399068756,12.5627447068439,0.853318181568888,1.00848546647964,0.996960662044972,0.0283402558471837,0.3,90,0.01,14.2621136079944,0.01,-0.00602014168546059,-0.00663642618748178,-0.172043759094735,-0.359733888515775,284,326
15.0597228239289,12.2754457780422,0.861022777339421,1.00702252293028,0.994545174218582,0.0488377777773563,0.3,90,0.01,15.1342062024211,0.01,-0.00615946783560407,-0.00482713687005438,-0.708889449236506,-1.761276214377,285,327
16.1508393767216,13.9259284050612,0.831845673233208,1.01229154096932,0.990856188889257,0.0365795444835241,0.3,90,0.01,15.5149429592563,0.01,0.00858225596141779,0.00538915973536616,0.133990241302731,1.86717254637125,286,328
15.7649899396915,12.7136408379429,0.86215494035767,0.992325505513199,0.999729277178721,0.0398132605679335,0.3,90,0.01,14.6036965389666,0.01,0.00307411722061915,0.00762182727997817,-0.966589183983322,4.36364969021339,287,329
15.5028858414855,12.0764215830543,0.86366947716376,1.01389081971276,1.0068636194678,0.0318328189570253,0.3,90,0.01,14.5645249358686,0.01,0.0066146240454966,0.000198174488061469,4.01216822151148,4.79948849751626,288,330
15.0415736201348,13.7553984376436,0.836087155178808,1.01419436107632,0.997795872814204,0.0216051143057843,0.3,90,0.01,14.0859706228688,0.01,0.00239211909530237,-0.0086590824402242,-0.942188828331894,-3.48601027168373,289,331
15.2959997670709,12.3797366761158,0.869325840266592,1.01446688314661,0.995115281243134,0.0562534297152833,0.3,90,0.01,15.3286542173614,0.01,-0.00538691287243343,0.00603401339530025,3.17673060399027,-2.93956285452683,290,332
15.5460928828933,13.9448372963321,0.852354009078995,1.00477677817769,1.00435865203079,0.0237039376382781,0.3,90,0.01,15.9603245099331,0.01,-0.003429334248253,-0.0088323836615695,-2.64737463026087,0.537200858585133,291,333
16.0382624747062,13.906860996483,0.867779932690039,1.01399120086015,0.999818470582927,0.0516591765700649,0.3,90,0.01,14.3851734913897,0.01,-0.00482749442789491,0.00894926754807624,0.0475182436162136,-0.187162348659196,292,334
15.4607594281365,13.1967042972823,0.844525588071749,1.01236859775933,1.00632022076729,0.0400750263447393,0.3,90,0.01,15.6600393195568,0.01,0.00277156609130231,0.00408406375242742,1.71521502512012,-0.671363345462034,293,335
16.0838961659721,13.5041155403911,0.860560794212141,1.00998472894557,0.994639323267819,0.0381417513095781,0.3,90,0.01,14.8056438368227,0.01,0.00628253748851543,0.00591632782273949,0.0994351026624187,-1.2995289509277,294,336
15.5777838690219,13.6702239482313,0.835783504427176,1.01623017729918,0.996628867763835,0.0206957829524098,0.3,90,0.01,15.8235522153065,0.01,0.00633209320281705,-0.00803783504175442,-0.926275021315867,0.0622091892559791,295,337
16.7446368880401,13.5224625483012,0.836299549586983,1.00507448156409,1.00290125189478,0.05775562055212,0.3,90,0.01,15.1008001551236,0.01,-0.00768573418395603,-0.000467439214335648,-3.78655758445212,-3.16460602894213,296,338
16.4137804611705,13.3507414683118,0.830796997996627,1.00859007381639,0.997653308563882,0.0212403230585588,0.3,90,0.01,14.8231648092399,0.01,0.00365028658140103,-0.00234926157468702,4.36541261239571,0.177610702440989,297,339
15.0365564791538,13.7916083192746,0.84904904539451,1.00891076698529,1.00328935691638,0.0536989008416532,0.3,90,0.01,14.3014155207178,0.01,-0.00641530893782988,0.00318294035907211,-4.56090807730931,4.97920817289087,298,340
16.9715138837247,12.7952999115163,0.833910306437019,0.99486945116559,0.998748886647921,0.0404358859172082,0.3,90,0.01,14.1427239789158,0.01,-0.00594630998625827,-0.00172892950611769,-1.95567109221812,-0.792119459878062,299,341
16.7887246878115,12.0734090282161,0.860043157609291,0.992462948816531,0.99108686938466,0.0337207257626918,0.3,90,0.01,15.0992624465929,0.01,0.00470126877375578,0.00155260270825734,-0.525210085536607,0.166752543829699,300,342
15.5266569533247,13.667716456604,0.840310330809897,0.99314677241015,0.993960415178104,0.0411272256804805,0.3,90,0.01,14.0773724467984,0.01,0.00666797177757292,-0.00242303032507639,1.12166779195738,3.34387486551007,301,343
16.6967503479527,12.8570637474639,0.847581212687789,1.01204931658153,1.00056576845957,0.0480978511088811,0.3,90,0.01,14.5049932886482,0.01,-0.00510072308856804,0.000515649740234707,-4.01754044773013,2.64278555501012,302,344
16.2438802828311,13.5958537896725,0.843672092157195,0.994374197266269,0.995902024332517,0.0300959679181428,0.3,90,0.01,14.4727980223517,0.01,0.00211223495429767,0.00851714748395238,-4.19674048836721,-0.757321763318108,303,345
15.0807010192196,13.3261109244854,0.856053613568596,1.01895390730488,1.00713941536852,0.0579867972322321,0.3,90,0.01,14.1046778762345,0.01,0.00834384325293454,0.00209263866574095,-0.290903505045867,0.571153592122035,304,346
15.0841740833628,13.8205340657597,0.838309138365345,1.01614501754516,0.99932196660791,0.0508740499952626,0.3,90,0.01,15.5654515936196,0.01,0.00440590309314436,-0.00297065380814193,3.24380098342671,2.56235650813714,305,347
15.7180492670303,13.2378030438762,0.851025288484113,1.01081163639997,1.00827295049226,0.0496291111201741,0.3,90,0.01,14.0205049307719,0.01,-0.0050500410139107,-0.00954846423333083,3.43429379435728,0.393003740054457,306,348
15.4729826606272,12.0069254236293,0.834832743641609,0.989627738815079,0.996044492646285,0.0566638948377965,0.3,90,0.01,15.9549895670674,0.01,0.00113370899152078,0.00998675634621431,-0.700404096901924,3.83214390273508,307,349
15.8378404989994,12.2059696056896,0.86326776926145,1.01195352689841,1.00217317947293,0.0391782334479559,0.3,90,0.01,15.5020489569608,0.01,-0.00273027914757693,0.00183273449128629,3.83032670192457,0.634645689276439,308,350
15.767348095181,13.3493747989056,0.868670908903322,0.997434850333188,1.00213412086256,0.0210627277430939,0.3,90,0.01,14.5556505108536,0.01,0.00446676195006414,0.00104328858620969,3.92785338432726,2.30609813522096,309,351
16.9853528431804,13.4296063322317,0.83222232512837,1.00066501711132,1.0042723825218,0.0521303399154783,0.3,90,0.01,14.0926833123146,0.01,0.00127102371531439,0.00682335452760942,1.4897664259288,3.18318311802695,310,352
16.3834926060735,12.1415043361121,0.841752087091266,1.01186285070974,1.00078105122476,0.0574394387223096,0.3,90,0.01,15.0349616843195,0.01,-0.00267692777160252,-0.00302347770199456,-1.55587477881287,-2.38797349053786,311,353
15.4097014616564,13.703445491892,0.869492901383011,1.00206191467573,1.0072824624355,0.052302129821417,0.3,90,0.01,14.8899918897564,0.01,-0.00909299980465657,0.00381511426110164,2.55860289264155,-2.80378856476056,312,354
15.9899725559648,13.1019725825997,0.833046608678355,0.982866951612045,0.994253262462011,0.0283229222620879,0.3,90,0.01,14.549838468869,0.01,0.00654099942984916,0.00312689321692887,-3.47868729053804,-2.6137146358289,313,355
15.2810662256899,13.4912638859102,0.845985457831981,0.986988712087895,1.00780548277769,0.0481362152154173,0.3,90,0.01,14.1384983029857,0.01,0.00451981551048981,-0.00291516205561696,-3.9613459572775,3.97936426539251,314,356
16.6265381806845,12.168500581331,0.84247285606502,0.995246344417676,0.991226137631657,0.0384590524043347,0.3,90,0.01,14.9675159190676,0.01,0.00498017851509808,-0.00224352154164057,1.15637190027972,-3.38414072532251,315,357
16.8511564501101,12.332856983287,0.863090052346385,0.99363422432485,1.00193409116702,0.0597847011488428,0.3,90,0.01,14.1696612526215,0.01,0.00364126755076899,-0.00665532835572937,-2.46137864294238,-3.20252867805709,316,358
16.0490113136498,12.8354040124812,0.864834419653354,1.00108395577582,0.997768227426599,0.0452453719071196,0.3,90,0.01,15.4407600074912,0.01,-0.00150207112577257,-0.0060294711492794,-4.5523504220134,2.45494228367709,317,359
16.6738399909123,13.660671432023,0.861681410007145,0.989949933323509,1.00493842925296,0.0278915545840604,0.3,90,0.01,14.9300446711622,0.01,-0.00842778857529905,0.000986783107168739,1.97525858673427,-3.37634566715056,318,360
16.4420093542696,12.395187265301,0.837764916429059,1.00674466354033,1.00824238106384,0.0465148303036047,0.3,90,0.01,15.4122529649651,0.01,-0.0086690189473751,-0.00990746298511853,3.20472900398943,3.93485703171748,319,361
16.6653150288261,13.3569258689755,0.86359211523857,0.982776246260671,1.00287350028711,0.0577056598129183,0.3,90,0.01,14.8366216016901,0.01,-0.00844469564710899,-0.00545259157679014,1.37251305372871,0.550846535852251,320,362
15.6366065489325,12.2173944362886,0.868472786247046,0.988967949350659,1.00869835321641,0.0598391277846072,0.3,90,0.01,15.392313413717,0.01,0.000999920205683099,0.00401984754316288,4.50814817532321,0.732207467771163,321,363
15.7955998090807,12.3732980545077,0.834194703591122,1.00713255663465,0.994570037685961,0.0526315492862209,0.3,90,0.01,15.4586797993018,0.01,0.00180304083485424,0.00409093564499956,1.12790879592428,4.02167766052689,322,364
16.5993466641451,13.2926120699069,0.85013461416221,1.01679662851151,1.00133894403896,0.0438752353317643,0.3,90,0.01,15.7892773036722,0.01,0.00525022900263202,-0.00251381470638072,3.12584994960955,2.31235036309261,323,365
16.5985302481676,13.2059964782295,0.858015814693517,0.989904671532425,1.00802889250248,0.0275287557110771,0.3,90,0.01,14.1477721990933,0.01,0.000187927482301882,-0.00505026697213746,-3.28473877200661,0.195367436062925,324,366
16.7937684451188,12.6170953851358,0.833888060835194,0.980074115434836,1.00465905070875,0.0509022837847773,0.3,90,0.01,15.4624061463267,0.01,0.00582598166472864,0.00715290981196449,1.4435242508581,-0.315412813402086,325,367
16.0870505919668,12.2570674456992,0.849152497006177,0.991501156104699,0.998099408059557,0.0426280267979904,0.3,90,0.01,15.6922451579659,0.01,-0.00984493878636726,0.00356453654570423,-2.93044986015238,1.30376108943448,326,368
16.1279229764056,12.5554095460951,0.865691147786848,1.01413542652513,1.00976317293838,0.0564623114950326,0.3,90,0.01,15.0889152612431,0.01,-0.00324453690777958,-0.000548836857298568,-0.84295114159864,1.75046309481318,327,369
15.7765260478606,12.8271954795553,0.860173780374216,0.997586311150359,0.99181552684219,0.0275921263093604,0.3,90,0.01,15.0751120898769,0.01,0.00673670198300355,0.00231216097758662,3.37193840869564,-0.718668632422027,328,370
15.7429813087884,13.4185860312351,0.851290009927831,1.00125456061788,1.00121146889575,0.0319758777681108,0.3,90,0.01,14.6231244099706,0.01,0.00741319877082415,0.00687509150791546,-1.33184305243803,2.01978136130849,329,371
15.2278877683873,13.1171646825453,0.849670997606318,0.985880064077348,1.00578133798172,0.0362710384788332,0.3,90,0.01,15.2356673691091,0.01,0.00591584451555979,-0.00623754965453124,0.882731386113812,-3.57767337399486,330,372
16.4492137021458,12.5023515221181,0.845549435720187,0.987456823243507,0.991030405844662,0.0283694096858059,0.3,90,0.01,14.9685439613184,0.01,-0.00692272351875975,0.00307684314112776,-3.49730231858331,1.44969974483569,331,373
16.6583875672385,13.6872641022607,0.846095794120741,1.01891961626173,0.993933960703115,0.032928090180226,0.3,90,0.01,14.6553275850792,0.01,0.00313376213032309,-0.00943986410417622,2.2179482873389,-3.93723630989752,332,374
15.6084345868851,13.6513627527482,0.848315222426067,0.987866653230671,1.00556769217295,0.0240809833487306,0.3,90,0.01,15.6730209365022,0.01,-0.00316572614994347,-0.00657464661048141,-0.13734433504561,1.45633914447361,333,375
15.7018591747944,13.2349384659298,0.865829231557822,1.01268665301892,1.00210565988637,0.0236606240215832,0.3,90,0.01,15.5107317862642,0.01,-0.000544396611060909,-0.00796030446164191,0.114308547906711,4.98091623375057,334,376
16.3636106840347,13.9970655854386,0.850216984204166,1.00408040948061,1.00242751130265,0.020643285345753,0.3,90,0.01,15.629983852294,0.01,-0.00811524934353051,-0.00402818204205873,-4.57941046061761,4.49158420032953,335,377
15.2761616643422,12.2728249235359,0.855427308553902,1.01329223634036,0.995471021980919,0.0481659909122467,0.3,90,0.01,15.1186280032104,0.01,-0.00114723884017275,0.00255337087811809,0.330607192091984,0.105092660530683,336,378
15.0605980908578,13.5905094861813,0.83195283538187,1.00453870428577,0.999635764158057,0.0356226696124046,0.3,90,0.01,15.051337777831,0.01,-0.00702004484167316,0.00376308186605976,-2.32685530313254,3.62655801472574,337,379
15.6225498292681,13.768352992391,0.85625750676378,1.01878987308149,0.999945266243253,0.0568551906511414,0.3,90,0.01,15.9755177117736,0.01,0.00973829737597075,-0.00248060676580673,-0.236790147740822,-1.69661717004247,338,380
16.4051486363507,12.8877566009569,0.849806211585762,1.01203870485054,1.00781247701931,0.0295762391148165,0.3,90,0.01,15.6077049413953,0.01,-0.0072581076947846,0.0049916646688189,4.49751191614632,-0.113029207522018,339,381
16.8748455189669,12.4994089561169,0.830657084881867,0.996102692164227,1.00334463607058,0.0567174284738957,0.3,90,0.01,14.4143920643664,0.01,-0.00485927789744315,-0.0082443940618167,-2.47644770552461,-1.03116526955429,340,382
15.2341880619128,13.6984030754508,0.857079783023623,0.98438616453622,0.990984488376975,0.0517695702910157,0.3,90,0.01,15.4789902913029,0.01,-0.0080035846785019,-4.31892593994506e-05,-1.94302283102576,-1.13727725240714,341,383
16.6348146593629,12.338936274112,0.846785430617721,0.999930173431549,0.994743230630665,0.0219562126521833,0.3,90,0.01,15.1767261384986,0.01,0.00837635362814288,0.00943593436404289,-0.998655383428122,-4.46999667076621,342,384
15.4363569795571,12.2986325463176,0.839105735217302,0.980031288442662,0.992343132891503,0.0375587416586808,0.3,90,0.01,14.9513571639492,0.01,0.00974802127137479,-0.00259720648522314,1.55225479813058,-3.13698111215531,343,385
16.7985156337571,12.0458118418581,0.836059575182735,1.01391426192454,0.995142324698248,0.0554085407666133,0.3,90,0.01,15.3669587620724,0.01,-0.00870779850477255,0.00693618950967962,1.68519527879702,4.80337874688645,344,386
15.2720822780627,13.2509901876398,0.846162897905396,1.01477141052294,1.00032431506602,0.0566261841738916,0.3,90,0.01,15.7420793238489,0.01,-0.00678714070128032,0.00601757559717485,1.50322967724252,-1.42451845518813,345,387
16.2044676125648,13.7802817801283,0.864210692521053,0.998130412409488,0.997088836685958,0.0587738277425789,0.3,90,0.01,14.2111137316431,0.01,-0.000960889616661149,-0.00947566053254483,2.11097742125855,-1.83212065806099,346,388
16.7708162144303,12.4479547580896,0.850266749681682,0.984683957269554,1.00950908365969,0.0405114882861507,0.3,90,0.01,15.2132318506762,0.01,-4.14704084408107e-06,0.00655892070536142,1.92349413086081,0.434865202579108,347,389
16.569921310349,12.0638747774563,0.86720219057278,0.999111716895095,0.998985735554713,0.0515732799802444,0.3,90,0.01,15.7304627369966,0.01,-0.00165295380870865,-0.00416509191082701,-1.66217162852278,-2.68044486421,348,390
16.0236726776552,13.7167460946552,0.844932366693422,0.981332408685602,1.00559178053429,0.0535204576423716,0.3,90,0.01,15.0941235075183,0.01,0.00565644902668999,-0.00147679124151729,2.5162468272043,4.81778992003112,349,391
15.9811920273738,13.4825412524038,0.835459298096774,0.997443987331293,0.992465331736552,0.0506556773295856,0.3,90,0.01,15.4608624544992,0.01,0.00909594206662388,-0.00726835659979124,4.1504830609843,2.79154464369865,350,392
15.6434458064487,13.830466220538,0.86743354225572,1.01077437675499,1.0078500978424,0.0223289521402658,0.3,90,0.01,15.1998845433528,0.01,-0.000555594947367101,-0.00758737899847013,-3.63353824373423,-0.311517879607289,351,393
16.4615233158538,13.2966055767541,0.864605074390739,0.982797430847666,1.00683437174751,0.0388317786901839,0.3,90,0.01,14.8125745381736,0.01,0.00966007858009871,-0.000192122450931542,3.58170826827633,0.92235531619783,352,394
15.6995629554769,12.473684536307,0.836172267729517,0.988317291069713,1.00211286488135,0.0554912609660358,0.3,90,0.01,14.708083952505,0.01,-0.00568850297744147,-0.00121217861987589,-1.58411274583177,4.3672501680855,353,395
15.630648433418,12.2308728792413,0.840486408934729,1.01208618886116,1.00997647416672,0.0209373850913696,0.3,90,0.01,14.8309091372169,0.01,-0.00550186028223745,-0.00333948767479828,-0.656797817743909,4.1217008580118,354,396
15.2241537531126,13.2385036992263,0.852024043660899,0.993338798475205,1.00114455235424,0.0275686990735533,0.3,90,0.01,14.4743478141,0.01,-0.00476928266634576,-0.00222399688236984,-1.22015636803011,-0.00762869887164719,355,397
15.8794073923479,12.6779788157942,0.868162492078809,0.992186502418067,0.999494600735265,0.0334918337926384,0.3,90,0.01,15.4714204194649,0.01,-0.00918105126192803,-0.00749841555642502,4.92889854333986,0.693114107484543,356,398
16.8157876282822,13.035330834825,0.848772155231965,0.986393974925737,1.00849657322657,0.0574664534621038,0.3,90,0.01,14.4581064229072,0.01,0.00665505609234393,0.00468798157724198,4.6905657149208,-4.64732160985459,357,399
16.4282672659935,13.778494843326,0.856208527955202,1.01059897434492,0.992566778807396,0.0226549249687694,0.3,90,0.01,14.330611461914,0.01,-0.00754845015102383,0.00897869778167876,-4.91474997429656,-3.7061555271917,358,400
16.5307796070825,12.8881377192896,0.843002982416203,1.01637448002746,0.996109373121498,0.0489839219449531,0.3,90,0.01,15.0285285063177,0.01,-0.0022509356647855,-0.00741241263691018,2.38058780130041,-2.77361188883488,359,401
16.4093946804466,12.4865427264162,0.835957100806219,0.986162691656914,1.00377330404468,0.0406660545903164,0.3,90,0.01,15.4981558072306,0.01,-0.00224113156436335,-0.00539664042907672,-2.90684299072567,-3.62569714000845,360,402
16.0246414780167,12.8264868209492,0.845861812554394,0.996558165745573,0.992279504224115,0.042901784599846,0.3,90,0.01,14.9384897445632,0.01,-0.00214251545880229,-0.00638324877213991,-4.12150401692428,3.22022153447886,361,403
16.9357673053812,13.4255053253508,0.859749581473513,1.00063259194847,0.998144131071892,0.0278690259491393,0.3,90,0.01,14.7015727528742,0.01,0.00523356961552789,0.00438668864511301,-1.85467519052028,4.25390830187566,362,404
16.5793824875002,13.0320754210859,0.849597501676665,1.01794919044954,1.00669531458281,0.0392565916811922,0.3,90,0.01,14.491569335556,0.01,-0.00421420492214211,0.00353629595389919,-3.36065998202584,-0.423216180912639,363,405
15.01483620382,13.488143888488,0.848451392722904,1.01801570561962,1.00063873805584,0.0413536629921226,0.3,90,0.01,14.4535614997836,0.01,0.00817988528269279,0.000538261537134424,-0.0423069797249287,3.50128340334788,364,406
15.3289394321976,13.6062845817211,0.848434159251769,1.00429860299359,1.00747249813591,0.0501596636256405,0.3,90,0.01,14.5584651947176,0.01,-0.00779313120210785,-0.00233184421524034,-1.36424330699815,3.75299035617606,365,407
16.4843498601089,13.3217727184537,0.831525980208226,1.01033882303829,1.00642170361973,0.0515397767755156,0.3,90,0.01,15.7182766402352,0.01,-0.00199560524184119,-0.00439225359956655,4.47039404599091,-3.53810864756564,366,408
16.5148401990943,13.2798675684181,0.839582417954515,0.981085616810421,1.00624282511174,0.0247093589808453,0.3,90,0.01,15.0616226552416,0.01,0.00544222287430057,0.00842291728922715,4.97108433229478,0.772309848112071,367,409
16.4509436989682,13.0145267852009,0.863616169289723,1.00897595867851,0.99895328578393,0.036113499664452,0.3,90,0.01,15.7323899445251,0.01,-0.00833581006731515,0.00753177652379746,4.25800439900292,4.14680778457018,368,410
16.5681631721817,12.4274621447212,0.840215683072558,1.00826461196828,1.00179405333668,0.048693701496146,0.3,90,0.01,15.5758865476111,0.01,0.00125917366494603,0.00337970132641332,4.82763255589435,-3.5672216199749,369,411
15.152397220183,13.6149007078445,0.85198028070121,1.00887640883025,0.990335428216227,0.0592227532786155,0.3,90,0.01,14.0257884057563,0.01,0.00832777092641501,0.00276603762883416,4.26398541871896,-2.90478053553621,370,412
15.4820352972314,12.11690868797,0.838705191541275,1.00861638832097,1.00939181997992,0.0281042153058077,0.3,90,0.01,14.7219036434665,0.01,0.00235400708518338,-0.00542149394446061,1.89196929670827,-1.07986430128823,371,413
15.2308041807418,13.2496871359667,0.863013711410414,0.987680139145793,0.990954611488372,0.0387575882628091,0.3,90,0.01,14.6599952323382,0.01,0.0032278066612854,-0.00768905304914938,3.29398409279855,-3.58046129096175,372,414
15.9992353602802,12.6040457303073,0.840238673595523,1.00439913442622,0.990014030140179,0.0351669496074687,0.3,90,0.01,14.2350556350983,0.01,0.000668462033165585,0.00474926877518451,-2.71325211736393,4.69209776587782,373,415
16.5100049179272,13.8922241033543,0.854923925938395,0.985228803597218,1.0091566662869,0.0214891270180553,0.3,90,0.01,15.0745886023048,0.01,-0.00916945577199624,0.00705712005835205,-1.59637489956005,0.303611283496799,374,416
15.1100319238768,13.4693714980275,0.857524673569455,0.981942837965324,1.00530049885939,0.0218029116183247,0.3,90,0.01,15.9524179747205,0.01,-0.00929290795020863,0.00151974569563997,-0.212276831279727,0.102841039216404,375,417
15.411071611408,12.149274987143,0.846235060964663,1.01624163134004,1.00269807981992,0.0432517188867933,0.3,90,0.01,15.0797546867809,0.01,-0.00986162100368983,-0.00608395060383527,-2.8884967375282,4.50476245409664,376,418
16.8557050198181,13.7673319723923,0.845428987705612,0.995524434136441,0.992442332341963,0.0216279956558761,0.3,90,0.01,14.7405629959418,0.01,-0.00758463002431413,0.002157502389873,0.34763720517653,2.86756901123301,377,419
16.5907974686856,12.9565720463986,0.853606217880058,1.01520401326874,1.00384908876087,0.0309983849683472,0.3,90,0.01,15.4653784706406,0.01,0.0021333595990207,0.0043018960956452,0.241696033919462,-1.62177476212185,378,420
15.1300245840785,12.2104635187108,0.839931967580516,1.01126197357431,0.992829614393543,0.0589992775784607,0.3,90,0.01,15.2436346469643,0.01,-0.00869861771581708,0.00838515196251927,3.19968201352718,-2.07825961718929,379,421
16.7680455220387,12.2585693725296,0.859649170864062,0.988526410375793,0.995987302007147,0.0335854222643168,0.3,90,0.01,15.9137864815113,0.01,-0.00585458492127692,0.0053581356263882,3.43559025491281,-0.855987826757143,380,422
16.3591789332875,13.412530540958,0.869077024091904,0.998068750260785,0.990378766530449,0.0205415618299715,0.3,90,0.01,15.2973360221189,0.01,0.00339018006274911,0.00905565691442929,-4.3689355973863,-1.70161597696509,381,423
16.9767578930496,12.0614609952633,0.864422445774684,1.01753644603917,1.00812612391611,0.0258894826068159,0.3,90,0.01,14.6240616242939,0.01,0.00363729092627938,0.00605854959371881,-2.9713376150904,0.0425414969082825,382,424
16.7338776054641,13.6431035285379,0.850851723261357,1.00097332427214,0.992799081079282,0.0295537416850917,0.3,90,0.01,14.9373514318064,0.01,0.00908593892905885,0.00285688702607801,2.26553923988249,0.887396979328997,383,425
16.5028767444294,13.3587343162938,0.834367570478911,0.985733939548995,0.996053993209458,0.0286156283342293,0.3,90,0.01,15.0489258393812,0.01,0.00269654209998488,0.00294559431681419,-1.10525881202279,2.96732485209966,384,426
16.0364330313019,12.9760758181564,0.856911238279579,0.982027157552145,0.998191264788755,0.0321143030442683,0.3,90,0.01,14.5328284975653,0.01,-0.000102069975591866,0.00766827329084962,2.83047501249084,0.989576599359014,385,427
16.0723478465249,13.9416268604331,0.849174050436525,0.992553771330986,1.00672575581636,0.0579264892262815,0.3,90,0.01,15.4071627584983,0.01,0.00901771744895317,-0.00765703281743788,-3.22530524819925,3.86241513308039,386,428
15.5431021341925,13.2000232345066,0.842112097347701,0.999264317359603,1.00105468851288,0.0225032059663041,0.3,90,0.01,14.0952893473538,0.01,-0.00919754374780915,0.00924460391345322,3.3029323024612,-3.24283951600808,387,429
15.1769586391445,12.5255324058776,0.830924015919872,1.01877694051408,1.00920966956035,0.0322446693998677,0.3,90,0.01,15.2759501931393,0.01,-0.00371469742387566,0.00644545982507543,-3.10916607815769,1.4076650865298,388,430
16.1301192033362,13.435601864693,0.834560364928633,0.98152098634927,0.995196481609324,0.0331527070189779,0.3,90,0.01,15.8570765006476,0.01,0.0039783707304029,0.0054830738451704,4.39978213927179,-1.39135088330939,389,431
16.3200557951533,12.1510340131718,0.859780582462184,0.998878357786428,1.00637370243669,0.025836322719784,0.3,90,0.01,15.3795444191188,0.01,0.00256414978113222,0.00154302427017254,-4.82119059255178,0.340814594471507,390,432
16.9727639157693,12.5444209057774,0.862100380952123,1.00192817262668,1.0054079741362,0.020407129572344,0.3,90,0.01,14.5171402289214,0.01,0.00679368770006387,0.00746825544107155,-3.06556165305257,-1.27590753703413,391,433
15.2709138150234,12.3159797703842,0.862207264716972,0.992279493374017,1.00860414933686,0.0545424703697581,0.3,90,0.01,14.8703830939726,0.01,0.00864345883778326,0.00144812478872365,4.94291654546156,4.28959072166714,392,434
15.4107045847798,12.1872732460886,0.85406699411616,0.996124574199668,1.00126643642801,0.0241585976853855,0.3,90,0.01,14.4550582155151,0.01,0.00770771763013317,0.00108279430582301,3.56478735587077,-1.61574662860557,393,435
15.8485140739461,12.9387369457494,0.857278080189318,1.00417088218947,0.993359740763303,0.0233490730271545,0.3,90,0.01,14.3242504686775,0.01,0.000724066960055773,-0.00969417188803986,3.53920661708893,-3.39467747128641,394,436
16.0888218253928,12.4411160572816,0.867562327848378,1.00979226548316,1.00707261190551,0.0215284283124103,0.3,90,0.01,14.7287663040106,0.01,-0.000709506326781378,0.00798604226659337,-1.99881774161122,-4.10802393687751,395,437
16.7558107910603,13.4328745681112,0.846722939936639,1.00149476667298,1.00509073283829,0.043331264626112,0.3,90,0.01,15.9907244075327,0.01,0.00574540414683174,0.00328045023412922,-1.0578028817288,3.08707692836631,396,438
16.1543779302419,12.4582128625437,0.855921136324317,0.995156574677039,1.00892526140473,0.0349221713550875,0.3,90,0.01,15.7081076732178,0.01,-0.0093866629179633,0.00321164948850673,1.49195108961802,-4.14846876009271,397,439
15.7375958519827,12.3984122298759,0.868084627281379,1.00564752538971,1.00967718794894,0.0445366124916851,0.3,90,0.01,14.4427126618636,0.01,0.00564026738060617,-0.00148437642406849,3.64772484469967,4.04749616648954,398,440
16.3254835508999,12.0056678021673,0.855372428751719,1.00633079627485,0.998659449501369,0.0491185113879738,0.3,90,0.01,15.1653970806347,0.01,0.00516920349738241,-0.00848133479450393,-4.34800199049622,4.73680271982918,399,441
16.7738598382922,12.8711273847741,0.83520272958945,1.0058355377093,0.991656810679203,0.050080520582388,0.3,90,0.01,15.1630251817936,0.01,0.00758984123189958,0.00870916315242289,-3.79311881602057,-0.894693998564298,400,442
15.0058846244802,12.8171943306631,0.844685238694239,0.99946075028819,0.993087482078023,0.0447834199844363,0.3,90,0.01,15.2488317201278,0.01,0.00875142705576647,-0.00659313946060894,-2.73784547080224,2.75638849569091,401,443
16.515211569091,12.2015669439473,0.855057242390312,0.991007517499981,0.998967067293929,0.0274984405580151,0.3,90,0.01,15.2264132718408,0.01,-0.00144995008519398,-0.00227158628937989,1.96328056968879,-1.42981721938927,402,444
16.1999763387367,13.5514692773332,0.831564202555417,0.994004091857835,0.997344024856336,0.0393376875433496,0.3,90,0.01,14.9796087581211,0.01,-0.0012165478266074,-0.000790946947386781,0.583915851920368,-0.374425923500545,403,445
16.2633109708551,12.0089051294026,0.858777398006245,1.00329839363051,0.995619699154151,0.0243629089164551,0.3,90,0.01,14.9906759682417,0.01,0.00510233056746875,0.00850403366130593,-2.10323882748379,1.06575869874216,404,446
16.6848076423835,13.0118316148949,0.861642795774559,0.999571429271286,1.00092942610183,0.0369804440778812,0.3,90,0.01,15.985466180061,0.01,-0.00423051643006147,-0.00409556478798001,-2.24792294580384,-1.20284842012247,405,447
15.7852989548301,12.6443423232812,0.855525960569043,0.99909399041958,0.99979204080699,0.0478349166791476,0.3,90,0.01,15.0958663807132,0.01,0.00602427465703153,0.00234728522884904,3.11419641663584,-2.22340486104619,406,448
15.5123678112212,13.0096926998354,0.850905535963738,0.983558105653628,1.00155189288608,0.0477925823156808,0.3,90,0.01,14.358528238557,0.01,0.00902782870785647,-0.00329926194711194,-3.95099894879749,4.44386042470906,407,449
16.4358484348509,12.5747560824362,0.844807486289105,0.989151943592802,0.99319480110321,0.0470576870748262,0.3,90,0.01,15.3611806392526,0.01,-0.000878411739232837,-0.00286919270609478,-3.26825047570255,-0.243187348651269,408,450
15.6778678806552,13.1732133026624,0.863356272014736,1.00520389567036,0.996030252660513,0.04238519403872,0.3,90,0.01,15.2802857048907,0.01,-0.00377768786123309,-0.00253881130551203,-1.57298883468617,2.73803784360422,409,451
16.0155245212163,13.8679785264467,0.850004675227396,1.01230831132375,0.991760377630915,0.0230785158166372,0.3,90,0.01,14.073207115508,0.01,0.00804331663643546,0.00585034013491786,-2.68404994466227,-4.07307275653511,410,452
15.2640956999604,12.6992283755539,0.830578383091628,0.981677393732791,1.00980031707311,0.0542584306658803,0.3,90,0.01,14.8952955846327,0.01,0.00393636403960741,0.000434055281441297,-2.71502897285411,-4.01217176160016,411,453
16.8488841497786,13.8917704753751,0.847268250448766,1.01104128248118,0.999296387654979,0.0315930998116577,0.3,90,0.01,14.5934131055236,0.01,0.00899478756044445,-0.00155235643888197,4.68608070710446,-3.62084998246433,412,454
16.7367907737587,13.6023045684806,0.849633949889022,1.01020507596944,0.992485353694995,0.0552922661289375,0.3,90,0.01,14.1135455571403,0.01,0.00311600167835811,-0.00722724992980779,-2.17948882663339,-0.774586095166823,413,455
15.2482885009233,12.0219984445939,0.858141661010027,1.00631684187351,1.00859367752689,0.0414871023334062,0.3,90,0.01,15.2163818693615,0.01,-0.00687103760033878,-0.00377306080824646,-2.99619988889013,-4.47772392670231,414,456
16.5436063577116,12.7916888004961,0.834394205376021,0.983717084986102,1.00382680439975,0.0553383331912289,0.3,90,0.01,14.5209286905404,0.01,0.0013421948653598,-0.00808311918089634,0.378345454468823,-3.12777604267894,415,457
16.0414011759343,12.1585860711921,0.863040807400339,0.999945018936874,1.00146798254849,0.030462970316147,0.3,90,0.01,14.7053302880352,0.01,0.00110720442408488,0.000495431336500882,0.984130872204128,-0.548865971607243,416,458
16.5318986068014,13.8157124810233,0.86471015397908,0.984907662447125,1.00208435179043,0.0205326607006059,0.3,90,0.01,15.5622906055451,0.01,0.00458007134186393,-0.00720296165701667,0.906253003884578,-0.156799305926984,417,459
15.4815471260192,13.4490034596797,0.84317722213168,1.01971577917818,1.0046933499929,0.0206252039494707,0.3,90,0.01,14.7869975457461,0.01,-0.00967375485276741,-0.00381988041542145,3.35757738761295,1.85299745180715,418,460
15.4645611452103,12.5119919483714,0.842648089675649,0.990294287240969,1.00852228627413,0.028721367932831,0.3,90,0.01,15.3713581246908,0.01,0.00246770858157638,0.00625005756854441,0.528784628418366,-2.13572272857148,419,461
15.1071977771353,12.5678363987533,0.869980688589022,1.00995795427394,1.00035690087022,0.0377356318869278,0.3,90,0.01,14.8170620563992,0.01,0.00527672791791646,0.00324858019335867,2.06207571666161,2.33732385688336,420,462
15.0499881163263,12.4612362603545,0.839964770130109,0.999772737106358,1.00893741617485,0.0209644803861923,0.3,90,0.01,15.0732278895171,0.01,0.00588599622654587,-0.00141950619169664,0.557485647079822,2.94767531122056,421,463
15.6011556114038,13.0334944274439,0.86939635021985,0.985292974159031,1.00884116797892,0.046086038498627,0.3,90,0.01,14.9245752296828,0.01,0.00900875134334745,0.00887838473913485,-0.798744241192853,-2.1237888675012,422,464
15.3826371548167,13.7058808373214,0.852713833073478,1.01560019517028,1.00274259120504,0.022832724588087,0.3,90,0.01,14.1663108873138,0.01,-0.00394559853404911,-0.00933725993077394,1.84392383373071,2.71882016206125,423,465
16.1603896071411,12.4794045497704,0.841131617111802,1.0171626871931,0.994277402257872,0.0243923085680926,0.3,90,0.01,15.4906423078282,0.01,0.00916775484984062,-0.00215494069847889,-4.45446483588486,-2.61925775434218,424,466
16.2460908610748,12.2069890607838,0.869171361285766,1.00017976309187,0.999261900390719,0.0456655501633234,0.3,90,0.01,14.8207103432988,0.01,-0.00567928046102632,0.00508248713522517,-4.38108491986719,-4.54349917310877,425,467
16.3580183016189,12.760558117049,0.849564528266522,0.985354406961149,1.002944786772,0.0580585837591739,0.3,90,0.01,15.6306361869919,0.01,0.00760589356029717,-0.00959500659295045,-0.0730830437324332,4.4026263537967,426,468
15.3273498659452,13.6461702498697,0.836768691812909,0.982379525499042,1.00192813112779,0.0509612024369566,0.3,90,0.01,15.6154529822579,0.01,0.00792117033996862,0.00316703317949453,0.390892734741457,3.3842540066627,427,469
16.7563667133388,13.4794521022311,0.851148017807925,1.01211761552825,0.994222031188041,0.0585985179657326,0.3,90,0.01,15.536070995696,0.01,-5.82330370771378e-05,-0.00133856109130949,2.29865772376116,-2.81249588652728,428,470
16.0222267397516,12.111581426918,0.83890708768193,1.01130253078826,0.996176522366696,0.0305231020779644,0.3,90,0.01,14.561639224195,0.01,-0.0088831817368214,0.00731260656545051,3.02087438726088,-0.34493021097872,429,471
16.9367395977508,12.6577995746695,0.855772666078261,1.01565763588309,1.00897853877764,0.0270629295854395,0.3,90,0.01,14.8412867333717,0.01,-0.0071015869089847,0.00198258678088104,-0.0398286747209378,-3.44692436087032,430,472
16.4011734165034,12.6233933945501,0.852063418189008,1.01555660614299,1.00733821470859,0.0495146961941809,0.3,90,0.01,14.7589645923208,0.01,0.00943934728957072,0.00456135741695873,1.43894109899864,-3.51638589983313,431,473
16.1555928436292,12.5218653861447,0.864292190125827,0.991732311453578,1.00144080202224,0.0235987032416674,0.3,90,0.01,15.9005411198995,0.01,-0.00288187882497748,0.00227595390059859,-0.719128400078701,-4.82261463548999,432,474
16.0188940755036,13.8406111623074,0.86352657653219,1.00619464236738,1.00393368543696,0.0478148378257068,0.3,90,0.01,15.3185562573163,0.01,-0.00266766964961316,-0.0061427032388008,-3.41486095776497,-1.92140852197014,433,475
16.1591747991621,12.454351012717,0.837277741499049,0.984048537573399,1.00148517965986,0.0569435074418673,0.3,90,0.01,15.2214300950707,0.01,-0.00693688554638659,-0.00396663664925594,4.38666749925497,2.74813968893385,434,476
15.1334941693706,12.6425236047237,0.859230229051704,1.00533844990035,1.00163142751034,0.0440539413255823,0.3,90,0.01,14.4453848967992,0.01,0.00769680074653933,0.00868548285952454,2.94809287694691,3.20440480587218,435,477
16.9449007047783,13.4922240281884,0.853139000144616,0.994062686772141,0.998183109123751,0.0349956578590513,0.3,90,0.01,15.2836530669403,0.01,0.00133375495022565,0.00614817944163364,-3.52461526167072,3.01598042705515,436,478
15.4139829892546,12.4287057216512,0.857449998200502,1.00837128600236,1.00313118142064,0.0344658038302768,0.3,90,0.01,15.6193785962161,0.01,0.00609220852926372,-0.00140653706981343,4.1959519388402,3.95004457333303,437,479
16.9470554462225,13.0801305896954,0.830810364782518,0.980644942903004,1.00981782706326,0.0564177914624354,0.3,90,0.01,14.1275047284424,0.01,-0.00547520723447697,-0.00881317317383456,-0.128713254761487,1.97478365449604,438,480
15.9265863904476,12.4086353504052,0.853622366238119,1.01065262452407,1.00252254780647,0.0403320290846321,0.3,90,0.01,14.8634379993453,0.01,-9.09481583423292e-05,0.00279259710555263,-1.75800020790632,-0.924817749858443,439,481
15.9209366345259,12.3673100880919,0.848821547949262,1.00197477852972,1.00909807193829,0.0569312770828101,0.3,90,0.01,15.8007986079149,0.01,-0.00259120458689755,0.00758734714908372,4.69588096492182,-0.489880456182658,440,482
16.1195375737967,12.368571251083,0.843412323079165,1.0016944044135,0.995663781166755,0.0357602698001804,0.3,90,0.01,14.2016909212166,0.01,-0.00689288797224111,0.00922706032974404,4.11296582684512,1.9425789565897,441,483
16.4760739978438,12.4641846838127,0.836805199670599,1.01882900595387,0.991966364218339,0.0426407068187794,0.3,90,0.01,14.7807748920074,0.01,-0.0086397611762964,-0.00948377402650529,3.15263196585026,3.99031271723692,442,484
15.1905835533363,13.2901116244901,0.866503439393541,0.990514012598906,1.00450915360011,0.0503162554433287,0.3,90,0.01,15.4434780872617,0.01,-0.00464959645275062,-0.000600325943893159,-3.21824439371715,0.793771487454985,443,485
15.1711750555173,12.3895175809678,0.858683712537556,1.0004600322953,1.00975980070095,0.0431164808204569,0.3,90,0.01,15.0247858555787,0.01,0.00691251880850906,-0.00780366814370629,0.757967756998211,-2.94576311896252,444,486
15.9581800675128,13.4310673449676,0.838102262663407,0.984517005520879,1.0022657827807,0.0417394046015656,0.3,90,0.01,14.374027172351,0.01,-0.00776421060313041,3.29238358399847e-05,0.109259899174572,-4.18920206235222,445,487
16.4881422496568,13.5948883137911,0.854380754909715,1.00030738681045,0.996573535992665,0.0402920971159681,0.3,90,0.01,14.6712305444509,0.01,0.00811307689538875,0.00582873434053959,0.750219913003686,2.69279116943596,446,488
16.4633521093951,13.1563763399369,0.861958432149022,1.0178422130986,0.997358695019836,0.0488148415366836,0.3,90,0.01,14.0176489383521,0.01,-0.00279499308491473,-0.00472131655147629,-1.73275687312633,-4.82818266382637,447,489
16.00757011513,12.6338241951955,0.849616705224593,0.998898661535641,0.993993154943697,0.0506262843346164,0.3,90,0.01,15.8760507326692,0.01,-0.00712968477177265,-0.00399096647934421,-3.77523727042259,-1.18115866179184,448,490
15.5994751142228,12.8729439526246,0.846283214382202,0.99773274016539,0.993672340044468,0.0211788355260325,0.3,90,0.01,15.8907405855907,0.01,-0.0084357348959082,0.00912349268325453,-1.98780118092327,-4.12524154171537,449,491
15.7602685379737,12.9414497702528,0.858713820442029,1.01511493255828,1.00096229800203,0.0347337205440096,0.3,90,0.01,14.7557011536741,0.01,0.00808061200718666,-0.00904241296897473,1.65169759246852,4.5294380613716,450,492
16.5252333798864,12.3762670555699,0.846553204805615,1.00937713899429,1.00486740186552,0.0312879620869155,0.3,90,0.01,14.6872082495242,0.01,0.00183082506427733,-0.00256770100951388,-2.36804669292179,3.41216658781341,451,493
15.5634510400145,12.7645683056874,0.843892958686261,1.00792493549458,1.00061743522243,0.0505364231913312,0.3,90,0.01,15.8205925938638,0.01,0.00862408551794392,-0.00270590673588997,-1.88008985978102,3.80841354259801,452,494
16.952062103874,12.861117212241,0.864893265496495,1.01834223369967,0.994920402075348,0.020178815869953,0.3,90,0.01,15.1339439022184,0.01,-0.00709930872437097,-0.00115235352109437,2.46081783433829,-3.4198635930197,453,495
15.7516475642829,12.2891555337068,0.865277116299635,1.01153721506379,0.995261449367089,0.0439208577737533,0.3,90,0.01,14.6192528328807,0.01,0.00712303283462093,9.22984919979122e-05,-4.38964345204053,4.49772139811114,454,496
16.7697996918388,12.0658448049157,0.860922675934479,0.988178940601929,1.00953745659357,0.0482118043407225,0.3,90,0.01,14.1558840178101,0.01,-0.0087155056631859,0.00515664907902849,1.09384835885565,-1.88668539175511,455,497
16.466478297541,13.3575602009834,0.849735923031721,0.996536571240934,0.992097804095617,0.0343554916507983,0.3,90,0.01,14.9863853545576,0.01,-0.00797042472060344,0.00323176220609286,0.271739743359701,-3.2627879289637,456,498
15.4505013554442,12.0371046265496,0.840015639634763,0.998412206536179,0.992062968958732,0.0284500346552834,0.3,90,0.01,15.4301218630538,0.01,0.00177272994409477,-0.00275495584653729,0.962902997571714,2.25869068976708,457,499
16.2520096031337,13.0768861736791,0.863638232865224,1.00771291247887,0.993037382309486,0.037594759667956,0.3,90,0.01,14.353786366205,0.01,-0.00149150178229387,-0.00463689163647515,-2.87013237296779,-0.175100309812918,458,500
16.3524730620027,12.4876849038232,0.849302522932723,1.00025924266351,1.00964619031584,0.0512877585156102,0.3,90,0.01,15.2773705795172,0.01,-0.00953326301642035,0.0055930776197797,1.39957448678292,-4.54801960245691,459,501
16.248902702922,13.3369725510987,0.863318600652996,1.00898908159591,0.994775317108039,0.0354432053596504,0.3,90,0.01,15.0706217757466,0.01,-0.00757877006376234,-0.00786148325393249,4.54457180107441,4.09438903756087,460,502
15.5114323209907,12.6372713235897,0.833226344885283,0.987679998576956,0.993361543747772,0.0234384176695296,0.3,90,0.01,14.3089639497459,0.01,0.0016625867163375,0.00420254215944144,4.86085704188743,1.35828470472097,461,503
15.0586253987602,13.8708261300959,0.839709432492608,0.996609874608769,1.00825978506747,0.0311106275531778,0.3,90,0.01,15.7353828649804,0.01,0.0099694302552091,-0.00727417651866661,0.170799058260974,1.34267780697025,462,504
16.7393763400462,12.7974199120657,0.848217426247719,1.01707008464248,1.00664912268312,0.0599921936395748,0.3,90,0.01,14.6130186634654,0.01,0.000329803610902528,-0.00915751937404802,2.84939832664885,3.21700848189948,463,505
15.6935244212803,13.0964975083372,0.858138280182754,1.01404281293148,1.00137676466802,0.0345954536618298,0.3,90,0.01,15.237186986188,0.01,-0.00182732577781103,0.00229408158922446,3.86862447040492,1.11041011184893,464,506
16.6302434862242,12.8701144409328,0.866575005124983,1.01825638435053,1.00973518684788,0.0443625882016524,0.3,90,0.01,15.9272448665111,0.01,0.00462383734648064,0.00793589128804706,-0.549564345832173,3.77625685851843,465,507
15.0282755451342,12.8481474307832,0.859246456913641,1.00464981958311,0.997143525194152,0.0242470162965875,0.3,90,0.01,14.2226323478359,0.01,-0.00353046997067954,0.00717206282551648,-1.14296697047485,4.7458681996013,466,508
15.9040731768306,13.2061389219957,0.862378481123598,0.997196912556311,0.996682469302982,0.0432190904665289,0.3,90,0.01,14.92835086269,0.01,-0.000207060276370763,-0.00661458103981802,3.21329099052256,3.39313390651199,467,509
16.4002607577806,13.936865041573,0.833281973324923,1.01182402305033,0.998330771072197,0.0229484154406547,0.3,90,0.01,15.0215598057992,0.01,0.00841739995688214,-0.000426486217603507,-4.78653578620166,4.64404483349868,468,510
15.2447143541679,13.46303111544,0.841232238519161,0.981825050343112,0.997410054475451,0.0556102338202382,0.3,90,0.01,14.6838042887438,0.01,-0.000443218698811372,-0.00483042714187272,4.37572229034973,-0.107769714968742,469,511
15.2887673898622,13.2640299736255,0.86276416506257,1.01832409697464,0.990843374044476,0.0368564861729903,0.3,90,0.01,14.0228528272253,0.01,0.0074527400765246,-0.00618120626154705,-1.20664007621856,-0.428319056566836,470,512
16.5938171647174,12.5546464731254,0.853484039767284,1.00301698066641,0.999197221418846,0.0434163551096744,0.3,90,0.01,15.8332672912679,0.01,-0.00646334166974367,-0.00432566132204988,-4.8198571914045,4.46249449962123,471,513
16.6918555552207,12.5157431511558,0.840906188843056,0.994440371076068,0.995876471800146,0.0353466250879763,0.3,90,0.01,15.8010847878347,0.01,-0.00576007462123863,-0.00443317833487522,-2.3226080173275,-0.538796045740603,472,514
16.5274495157187,12.9739097365726,0.864502012864587,0.980819638906891,0.995325785695772,0.0470040065820043,0.3,90,0.01,14.8873203047401,0.01,0.00667488863510606,-0.00958768544212036,-0.61670823012844,-1.79999411429773,473,515
15.1821297372235,12.7203487725663,0.844636611658984,0.994593405732784,0.997749209536584,0.0331054837398354,0.3,90,0.01,15.9023838368134,0.01,-0.00104456106939245,-3.85540067307996e-05,-0.050471603931042,-0.040235163217555,474,516
15.8215625303506,13.2283581569468,0.858813655444449,0.993476944907482,0.990122166718586,0.0328368303531796,0.3,90,0.01,15.7203898958313,0.01,0.00952639204351247,-0.000875084461033725,1.42576150222542,-1.93819237262532,475,517
15.893651939501,12.4815515442503,0.842148823079924,0.99537758073307,0.999657796563025,0.039789521215688,0.3,90,0.01,14.6520833615999,0.01,-0.00573873160889205,-0.000200365064511666,-4.51363779682201,2.07071427962423,476,518
16.9782118822938,12.4824773046108,0.869572634955548,1.01783731907908,0.993261477729526,0.036329814520298,0.3,90,0.01,14.7615465129064,0.01,-0.00237973048980576,0.00749743674882736,0.402444822431719,4.86851115081879,477,519
15.3680753229525,12.2514162774735,0.855519427662772,1.00345022032874,0.992603838398006,0.0573407612871108,0.3,90,0.01,14.5916353629853,0.01,-0.00270502739653055,-0.00679387857534701,-0.312449473491031,-0.295229172216153,478,520
15.8357270970795,13.9981654628065,0.842548797686789,0.989768542699544,1.00760504800665,0.0561402945770808,0.3,90,0.01,15.7481552211012,0.01,-0.0064920828618735,-0.00607863328682509,4.8715885162414,2.07845968133639,479,521
16.7713018253647,12.013458097678,0.861759343272276,0.989441757505673,1.00527943506301,0.0225929075446469,0.3,90,0.01,14.9857203574458,0.01,0.00668170435306365,-0.00836337544678833,4.93199643042625,3.70472665991665,480,522
15.5546005444701,13.4947382703465,0.858841436495202,0.992487147444758,0.996641006253149,0.038611692106167,0.3,90,0.01,14.5726229082858,0.01,0.00962358000157981,0.00113183584585422,-1.24157834364514,-3.86478890668771,481,523
15.1729272005249,13.6443535807936,0.851731089311084,1.00915953317287,1.00815068840937,0.0487545076998368,0.3,90,0.01,15.9482268780324,0.01,-0.00963878695622092,0.000918468458194306,-3.68176816660301,-1.36338772771456,482,524
15.9146361230841,13.3045596319333,0.830175627530751,0.986576240720665,0.993631466841648,0.0363960318682946,0.3,90,0.01,14.8017745606065,0.01,0.00753775350023392,0.00158438503925927,-4.37539648156248,-2.87265856021234,483,525
16.5041156793877,13.5899239239127,0.840600604322428,1.00889167690704,1.00263349128899,0.0349143957942285,0.3,90,0.01,14.9084390945057,0.01,0.00171716419752905,0.00849895088413923,-3.84953826512473,3.46538642643714,484,526
15.0577571115949,12.5656542274968,0.86099249642774,0.984116208205943,0.999237159581212,0.0361700901402289,0.3,90,0.01,14.8748561200508,0.01,0.00556443727968953,0.00250641986328532,1.42249787804398,-2.41965754477056,485,527
16.3035552653103,13.5538418445012,0.860642223872265,0.997704502264054,1.00918722775796,0.0562019833426804,0.3,90,0.01,15.1843093192635,0.01,0.00678021668681797,-0.000895899187805627,2.73846521016023,0.293979142078919,486,528
15.6192944264094,13.4167612965348,0.856889414040063,1.01156915652499,0.997284384351105,0.0451215450983942,0.3,90,0.01,14.0155037417988,0.01,-0.00227079123853754,0.00783326249006895,2.40256948415155,-2.89455567266391,487,529
15.720765975993,13.7895697032567,0.868133696984087,0.991584157907695,1.0045585672234,0.0230540955344591,0.3,90,0.01,14.8610610876999,0.01,-0.00321781397288917,-0.00790304918788785,-3.07667961223405,3.44659016785093,488,530
15.0290742140349,13.0683537920717,0.848374563169044,0.995009272186365,0.995642089051738,0.05106387488663,0.3,90,0.01,15.8780392386717,0.01,0.00897407801375439,0.00968538126757078,4.52627607504955,1.63627275503585,489,531
16.4652981627444,12.0237609039599,0.859424591638589,0.988056610425071,0.992766108629725,0.023299880260972,0.3,90,0.01,15.822159939137,0.01,0.00870353881217365,-0.0058337159584553,-4.39640604890342,-3.03196371409458,490,532
16.9294969104446,12.1756093211053,0.83794707672781,0.991842448842849,0.999667700657226,0.0365448060336699,0.3,90,0.01,14.9075066689238,0.01,0.00144168963979339,-0.00813166418560382,3.23408675309629,-3.27250353499996,491,533
16.961735383394,13.3189947511413,0.861467801408103,1.00566617231732,1.00992530003215,0.0456145694987036,0.3,90,0.01,14.4466420743588,0.01,0.00992988579050401,0.00908893500337711,2.00422256453043,-2.70078693157443,492,534
15.730982061102,13.7790100890156,0.868604829488714,0.989786879465382,0.997304400411968,0.0304097496142796,0.3,90,0.01,14.9181849903593,0.01,-0.00271687634720989,0.00304820356062381,2.20473419853098,1.35481217997573,493,535
16.0645858970469,12.1802637119322,0.867651887024469,1.0150783210752,1.00346591254285,0.0403198045073867,0.3,90,0.01,14.662648131776,0.01,-0.00334593569968037,-0.00887265208661593,3.60364856880416,-2.85211295023427,494,536
16.268622102142,12.6690289957752,0.834459677718742,1.00647681643441,1.00538592886425,0.0307401077388122,0.3,90,0.01,15.6519100604145,0.01,0.00608631962959653,-0.00013757684444753,2.71228146969873,-2.58875098640612,495,537
16.3707861131282,13.1131125654956,0.835149551613887,0.98833497973948,1.00458169582142,0.0507469638048037,0.3,90,0.01,15.272727776249,0.01,-0.00852981560686254,0.00522747242692434,0.219299460991479,2.49602073618853,496,538
16.5008112959362,12.7486638242412,0.861051519831511,1.0014030529278,0.99144471624548,0.0278305700688243,0.3,90,0.01,14.6289375798336,0.01,0.00333771736665851,-0.000223230929886624,-0.0584187036399273,-2.36460963488104,497,539
16.2369284851925,13.4222319565177,0.846254277686849,1.00869112024597,1.0013567008979,0.0502966866918409,0.3,90,0.01,14.5514746820194,0.01,0.0097888606803492,0.000607478064242854,-3.94519604951791,0.86510703650746,498,540
15.6334042564316,12.8297453692243,0.853944383153046,0.999985319633093,0.998086749453511,0.032669280724115,0.3,90,0.01,15.5186489212818,0.01,0.00968617627819288,0.00482750361527362,2.59771713556116,-4.50523701137973,499,541
16.4722829042006,13.6001329359017,0.855805271591612,0.998179306574455,0.990097645251489,0.0424628422191081,0.3,90,0.01,14.6345370984584,0.01,-3.07880066677865e-05,-0.00346870549674736,-3.61048883938874,-0.989697557342733,500,542
16.4395558269991,13.1605290291578,0.832195228546041,1.00808922732359,1.00492493148705,0.0399369891389812,0.3,90,0.01,14.1024215089076,0.01,0.00655527240972694,-0.00403535079024107,2.07988059973672,2.68487329261083,501,543
16.2609293490648,12.5031924065924,0.860028373609548,0.989048716452298,1.00533166348875,0.0581406711601106,0.3,90,0.01,15.0005820258795,0.01,-0.00426052988408691,-0.00715875304938555,-0.308296979687817,-1.34420645877203,502,544
16.6665289502121,12.3643986055364,0.835933376385677,0.992036263005531,0.998880010506124,0.0587829028353602,0.3,90,0.01,14.3736097033317,0.01,0.0029829579735565,-0.00143214302030853,-2.21450555180187,-3.32831886440861,503,545
16.4486411703107,13.2315810121512,0.842162873787645,1.01216740869744,1.00529997528077,0.0315185631339042,0.3,90,0.01,15.6901824099011,0.01,0.00541807876171735,-0.00708624511679458,-0.200798222381128,2.03307608071065,504,546
15.1408073080114,12.4379991643298,0.866414748771995,0.990367708889779,1.00758991769936,0.0475181604944597,0.3,90,0.01,15.1972689635556,0.01,0.00367230493348997,0.00309132136282139,-2.13137352584193,-4.92009262111171,505,547
16.9820029809052,13.2917185258136,0.834200152836642,0.990255130072581,1.00231233125628,0.0401335810047322,0.3,90,0.01,15.6411140904936,0.01,-0.00373199390708439,0.00913452985806921,1.31310914989177,3.8706248474768,506,548
15.4163287324737,12.4428751743302,0.864001395212079,1.00752959939917,1.00008426079702,0.0443012214266814,0.3,90,0.01,14.8777091531718,0.01,0.00648189990890416,-0.00999464347895573,0.546366994824914,-4.14169395328568,507,549
16.1535348434228,12.0000037103764,0.85524808609209,0.996080016310849,0.992573293377231,0.0201553152787258,0.3,90,0.01,14.6891127031835,0.01,0.00216389962588328,-0.00809232147343733,-4.84063807081468,4.17678445794424,508,550
15.9682969382092,12.0254311990231,0.839393412848335,1.00068800730045,0.994441526055102,0.0358310363840707,0.3,90,0.01,15.0605568879245,0.01,-0.00283049484361124,0.00186951321904558,0.772292335684881,4.28303937928293,509,551
15.5406864081862,13.0213252431881,0.85419439891705,1.01841118322314,1.00876808771832,0.0296744398074204,0.3,90,0.01,14.3864043774156,0.01,-0.0029243650276911,0.0034446040049418,-0.523999892549646,-1.22967262174115,510,552
15.3898199997293,12.3062151535473,0.833852108802681,0.991121060532809,1.00840544151166,0.0516767560123119,0.3,90,0.01,14.9149942870598,0.01,0.00581862720182553,0.000784814762890679,0.564025513450746,-2.10904715849912,511,553
16.629466835061,13.8667976311392,0.837458808154789,0.981053071203973,0.991689291833596,0.0276950777492121,0.3,90,0.01,14.3504243888102,0.01,-0.0054402964591295,0.000616086138125978,0.487421702082798,3.79097514996171,512,554
16.6425720685384,13.7707215384788,0.866634174836749,1.01197958426765,0.991016982749921,0.0246816206075644,0.3,90,0.01,15.8037756437692,0.01,0.000608739481740823,0.00498944196199566,-2.99258276664871,3.98942444106072,513,555
16.4601496671269,12.0993731729509,0.842760334013749,0.991997724061366,1.00083904982324,0.053284657337211,0.3,90,0.01,15.943265035002,0.01,0.0055089381990042,0.00867770761623331,-0.884380827068231,2.20816809890127,514,556
16.954390458078,13.6932749811338,0.868484654952435,0.990351444191758,1.00082480728789,0.0311642380599064,0.3,90,0.01,15.2331535953693,0.01,0.00501967104473651,-0.00474254239246553,-1.96567010464366,-0.888122734821277,515,557
15.4204734329244,13.5481347969291,0.858232440876109,1.00166637945343,0.99066527857241,0.0460456410048385,0.3,90,0.01,15.4705919314359,0.01,-0.00328532867328825,-0.00891957834092749,2.36060729821325,-2.63236405671551,516,558
15.0662448738783,13.7562438277118,0.84540483053712,0.999411880312183,1.00104346402158,0.0534503532556148,0.3,90,0.01,14.1257545680258,0.01,-0.00859162650921369,0.00167335906088759,-4.18153840509018,-2.23767173305647,517,559
15.2357385282543,13.8132486528553,0.846761171568245,1.01281933861557,0.991832956767624,0.0550397066286904,0.3,90,0.01,14.9912194267896,0.01,0.0075707348893713,0.00208790080070059,-4.75783498056542,0.763564262395171,518,560
15.4313450349914,13.7211327451063,0.864146094110707,0.985985517435926,1.00704654321906,0.0305748402148321,0.3,90,0.01,14.4125968627795,0.01,-0.0058287364207295,-0.00284671954186231,-1.18992367544898,-3.70009644784773,519,561
15.5908878212237,13.5818077109371,0.866251639920668,0.987646166374063,1.0010164156492,0.0522769334591173,0.3,90,0.01,15.5206679286401,0.01,0.00941727967204931,0.00220818178577641,0.775222577343339,4.85928426392702,520,562
16.7503317922654,13.6681441029182,0.865046784270856,1.0198109347222,0.993426357015635,0.0300206250971278,0.3,90,0.01,14.3267455947103,0.01,-0.00406613396179872,-0.00418313967665567,4.53373092966048,-1.81256001878654,521,563
16.636033866054,12.9269697141003,0.847446563187381,1.00443284938435,0.990073684239694,0.0587269627473559,0.3,90,0.01,15.824040025524,0.01,-0.00987706737479113,-0.00917394511131564,2.15008046142151,3.75598267865848,522,564
16.6541824339383,13.3007520158855,0.833739700003568,0.983624852495314,1.00028862937311,0.0568238301893443,0.3,90,0.01,14.0197183992151,0.01,-0.00323148552846967,-0.00777822566538263,-3.59150626300386,-4.26659052561322,523,565
15.9427832433983,13.1190972152492,0.857658987729147,0.992511043758746,1.00634740295837,0.0595542032524818,0.3,90,0.01,15.6469726891872,0.01,-0.0040746681970916,-0.0022622580998655,2.15803412679831,-1.62532300099407,524,566
16.8753010537652,12.9825434172079,0.868294811355685,1.01586365069913,1.00819585388641,0.0301135191790942,0.3,90,0.01,15.0729351620894,0.01,0.00315869620019282,-0.00864708766144845,4.96688628921883,1.88449489289084,525,567
15.9595181860697,12.0772226363106,0.865405276185063,1.013624712484,0.992943950036428,0.0570512689920948,0.3,90,0.01,14.0186423510259,0.01,0.00220728728705865,-0.00128699397608589,-4.55572919214949,-2.67506754825669,526,568
16.3228523722664,13.9996292855358,0.830849474458326,0.982462852317926,0.998209217047567,0.0255461433958807,0.3,90,0.01,14.3568272817268,0.01,0.00727723049286217,0.00820665004728844,0.388493739589089,-1.14566818569701,527,569
15.1590066762309,12.0112351413166,0.8655044368095,1.00736685007158,1.0094235920055,0.0330593734954921,0.3,90,0.01,14.8865921455861,0.01,-0.00127020208059545,-0.00912761314470019,-2.61134607409826,-1.26260733030883,528,570
16.4220226473579,12.6663162056494,0.830699549421744,1.00653757435034,0.999854667869973,0.0281555062240363,0.3,90,0.01,14.854451512745,0.01,-0.00973169113386061,0.0025871390739203,0.181321454313782,0.874193541381866,529,571
15.8076799335089,12.625685598702,0.831154567078522,1.01400598606685,0.990577604340102,0.0481409604558313,0.3,90,0.01,15.1381381484573,0.01,0.00369070376704771,-0.00164715606692772,-2.45323211107964,-4.63649116473132,530,572
16.564749221706,12.3707798019724,0.832539906789205,1.01933159536295,0.992249804560271,0.0398471080429834,0.3,90,0.01,15.6826567355495,0.01,-0.00495505133323293,-0.00600646124756184,-1.22904302282843,-4.58564162026303,531,573
15.4521179196102,12.0522837722153,0.855073947758033,1.00500993363053,0.990322110275883,0.0457941673980591,0.3,90,0.01,14.777582857792,0.01,0.00961742027977412,0.00745911969620505,4.55020835866423,2.04217942820299,532,574
16.8719682693111,13.2832202918593,0.836074421331819,0.982856753659282,0.991729228029618,0.0352298551370702,0.3,90,0.01,15.8258915511168,0.01,0.00418766830595123,-0.00529104111781862,3.9155913880043,1.30968377223677,533,575
16.4743200172296,13.0388971165401,0.86345175123643,1.00563224510899,1.0028032809142,0.0266787873059414,0.3,90,0.01,15.0371748451333,0.01,-0.00736050797240314,0.00491837573208962,1.09938440670179,-4.90387767093181,534,576
16.8139707026531,12.6240807780107,0.867637549482483,1.00906824012035,0.998448002814971,0.0573123189329616,0.3,90,0.01,15.8406036014589,0.01,0.00131311253178599,-0.00851877159540848,4.46505054032589,4.30141155063645,535,577
16.3953532815727,12.772850700369,0.862864595246237,1.00622839282276,1.00858193325858,0.0449497383843029,0.3,90,0.01,15.4457258251217,0.01,-0.00493834228334125,-0.000350769804676883,-0.444755049548101,4.10212410140235,536,578
15.2562029745278,12.153074294011,0.84596272032122,0.984828573740677,0.996910242015176,0.0546255087228449,0.3,90,0.01,15.040473133063,0.01,-0.00832982115115843,-0.00537131304152977,-4.46101042220439,-0.060949473210357,537,579
15.4804107212948,12.1540405506605,0.831933046089504,0.993206999793098,1.0069753503536,0.0515425781072779,0.3,90,0.01,15.2555267558356,0.01,-0.00195768724567217,-0.00751397334496792,3.87249266560486,4.11535721222549,538,580
16.7137916811635,12.2939643262992,0.830284082675471,0.985796624403688,1.0036674250834,0.0508560577109562,0.3,90,0.01,15.0784392826752,0.01,0.00728250114575821,-0.0075919323340133,4.28587684701191,-4.37804528666191,539,581
15.8499793422752,12.0926959013074,0.849510387539871,0.984987512785967,1.0094505894765,0.0537213949661189,0.3,90,0.01,14.8599432552302,0.01,0.00160632417291746,-0.00914207806326299,2.13552489572306,-0.977229929738088,540,582
15.4040537158968,13.1705627976101,0.830028948213486,1.00523421902117,0.993308747540819,0.0332983646863615,0.3,90,0.01,14.2913493750469,0.01,0.000426023907381817,0.00391619377843619,-0.839242827369539,-3.60474068035073,541,583
15.4583231880019,12.6222684775928,0.837530285675743,1.01483862939218,0.99073873787605,0.0430869647588186,0.3,90,0.01,15.9614566237256,0.01,-0.00112225421030854,-0.00858086540265651,-0.123834129729515,0.42545288384829,542,584
15.3916912061831,13.9375205781646,0.843784892327571,0.989166830892069,1.00590118848874,0.0327994569462348,0.3,90,0.01,14.862481787712,0.01,-0.00663623742104803,0.0071602892664513,-3.77075390514255,-1.78680553033037,543,585
16.8787057682791,13.4455653002209,0.850493448577237,1.01083510533271,1.007396761403,0.0385951560696802,0.3,90,0.01,14.1469061645175,0.01,-0.00535717007304496,-0.0020385669973818,-2.33651610041304,-2.75744573969962,544,586
15.4999884515235,12.3239426558457,0.83138991014552,0.999610893715302,1.00191776327738,0.0510178658202735,0.3,90,0.01,14.8386164791828,0.01,-0.00449737915984596,-0.00230526688814315,-4.52142340837846,-4.59586949243911,545,587
16.8426001693911,12.0813021164174,0.865005824074223,0.986192864803847,0.993066470163268,0.0468159306474786,0.3,90,0.01,15.2905785221452,0.01,-0.000271571967742804,-0.00189876972467869,-2.31361325171043,4.78128710363061,546,588
15.6447747499532,13.3287265555799,0.849420000706412,1.00404388164081,1.00222545830155,0.038139238919168,0.3,90,0.01,15.0862433196147,0.01,-0.00453735453313523,0.00786500667912798,-0.580689158420858,-2.49658264713626,547,589
15.2465146877702,13.3936633253112,0.838611386945587,1.01133473013793,1.00752564181309,0.0326225650726965,0.3,90,0.01,14.6337831839683,0.01,-0.00367592200292542,0.0007581506725377,0.344154860249875,3.10351245104484,548,590
16.3603744853769,12.1932128331761,0.836582209070294,0.993111505444143,0.999967840073522,0.0287954121258861,0.3,90,0.01,15.73356970013,0.01,-0.00515454189342768,0.00551284719517359,0.926365623729948,2.27967410333916,549,591
15.5182841112458,12.478415152716,0.83290883688667,0.988257953681122,0.996489327451104,0.0219375478963111,0.3,90,0.01,14.3215769018272,0.01,-0.00467289858401361,5.32131292494339e-05,-4.54640038279452,-2.5668509079632,550,592
16.4323836706074,13.9349241168668,0.859041651922087,1.00330325846703,0.992176708113837,0.0344594976048294,0.3,90,0.01,14.940078071598,0.01,-0.00717506820163099,-0.0027398085649806,4.5809917092618,3.40767581425614,551,593
16.0621278055109,12.4854220682217,0.851629335752285,1.01101758662642,0.990065838545549,0.0367298306504884,0.3,90,0.01,15.2305916218838,0.01,-0.00977809824758597,-0.0066035083788572,-0.614520024177542,3.58425147135761,552,594
16.128865657407,12.1480962170461,0.86908277867224,1.00973874720198,1.00928038797476,0.0247494611745795,0.3,90,0.01,14.5633716198329,0.01,0.00323015474306647,-0.00146844800842676,-2.41613083403325,-0.147990050667055,553,595
15.1571291690447,13.984638321818,0.846929061379441,1.01793398806994,1.00005382544814,0.039718053079357,0.3,90,0.01,14.8343043481332,0.01,0.0064248835881859,-0.00176089896065804,-4.68311612068488,1.15566566950329,554,596
15.4862689401765,13.4570781975338,0.857915286969404,0.985373791182041,0.992532962709505,0.0575759578563311,0.3,90,0.01,14.3190108984274,0.01,-0.00269473315401295,-0.00792409218548254,0.325902819680945,-3.90654145076148,555,597
15.3463573282976,12.8319009253212,0.847913531946262,1.0105351744416,0.993571850026704,0.0361515557954516,0.3,90,0.01,14.3766311509214,0.01,-0.00258653185201318,0.00926165085035799,-1.97054535798214,-4.76108660282669,556,598
15.6913992890979,13.220866306871,0.85029669283675,0.987036518186454,1.00070127563824,0.0409398113719747,0.3,90,0.01,15.9464692809326,0.01,0.00857545698044571,0.000132035466987384,-2.46776141743984,-4.23315776042418,557,599
16.3569809859842,13.9669808842042,0.842615378174309,0.987969738686944,1.00661953464232,0.0531657032781935,0.3,90,0.01,14.5951603812331,0.01,-0.00708037536478761,0.00801662744619955,-1.17723355805141,-0.067113951545509,558,600
15.3840577958783,12.894835970429,0.843375843519933,1.01566325665661,1.00756444023769,0.0356660257009905,0.3,90,0.01,14.7175744693123,0.01,-0.0021103581254736,-0.00675402554499017,3.66638300796125,-3.09760078273683,559,601
15.4985704590328,13.5406592115532,0.850938036561342,0.983511455330693,1.00017409508717,0.0374706005864992,0.3,90,0.01,14.9126698158249,0.01,-0.00809279185969657,-0.00868328178942571,2.99789239720008,0.813774672878285,560,602
16.3018431204329,12.7782702142209,0.848068043854188,1.01562578776576,0.992256413597828,0.026967864797772,0.3,90,0.01,15.7113749618205,0.01,0.00610681397973449,-0.00264230226696424,-3.84015235739684,-1.75955860299607,561,603
16.3143675297476,12.9491927200709,0.869196047196975,1.01249632091927,0.995832384048683,0.0333286890218066,0.3,90,0.01,14.0383113808865,0.01,-0.0076354678904355,-0.00556639816871077,0.991971941800173,3.45959708262363,562,604
16.3409374523323,13.8421140696111,0.844955402318885,1.01580045347477,0.995279977021106,0.0570674092709281,0.3,90,0.01,15.3127377201865,0.01,0.00453695660686524,0.00794985838515532,-1.48940966243986,3.78658332821079,563,605
15.1606112771934,12.287849092478,0.850786820644811,0.992804166049829,0.992620454914971,0.0463258136531831,0.3,90,0.01,14.434837544393,0.01,0.000733720987266245,0.00517238249466098,-0.434873881468594,3.57970748215342,564,606
15.6864771773532,13.8098212801123,0.833468245262744,1.00229747277706,0.993618244353177,0.0236338724496375,0.3,90,0.01,15.8709937350398,0.01,-0.00781440519774442,-0.0028104773506401,-3.51139270954046,-3.78724914295377,565,607
15.7401048771031,13.3053768396811,0.845357200357107,1.00667113249438,1.00896603454742,0.0281382948019765,0.3,90,0.01,14.8479241119341,0.01,-0.00512793944163235,0.00632410524778534,1.20925058007412,-2.560744154917,566,608
15.4123417160908,13.5378705637687,0.8357703998605,0.983453715876047,1.0070536017153,0.0405391695506597,0.3,90,0.01,14.7815577702209,0.01,-0.00381507805776042,0.00670611364886149,-3.27810907827274,-0.131363763471985,567,609
15.5497671266602,12.7185145748577,0.858434584051662,1.00246981266049,0.992614048595016,0.0579152127920281,0.3,90,0.01,14.7342649439611,0.01,-0.00170721705296823,0.00674278804225354,-2.78817256906409,4.92759755730427,568,610
16.6785754363549,13.0178352793656,0.837251426496444,0.987340463793195,0.991730657584923,0.0570368471107118,0.3,90,0.01,15.6806311504326,0.01,-0.000496090011757669,-0.00513958576637059,0.591465131805897,0.44426741261229,569,611
16.0961386973775,12.6848380244111,0.849827117982526,1.01575087845674,0.990434615309353,0.036448926550096,0.3,90,0.01,15.2966115328798,0.01,-0.00684910969851195,-0.00407347991595805,-0.387015018142845,1.43756865913801,570,612
16.1103712073643,13.8110393022494,0.857891942311406,0.995380481130075,0.992376067713308,0.0514795122085498,0.3,90,0.01,15.7752423694255,0.01,-0.00584219532156775,0.00534203204146459,-0.357148982146695,-0.801942207966474,571,613
15.2109706207817,12.0748021797433,0.851792036380546,1.01212543074947,0.997758009096226,0.0286687788479524,0.3,90,0.01,15.0110776622873,0.01,-0.00751665661905695,-0.00331622813887829,-1.2140078556033,-2.11975590718975,572,614
16.6499192444815,12.533328525241,0.867922016215201,0.983966949035469,1.00339616849588,0.0368672514747403,0.3,90,0.01,15.9590828714908,0.01,-0.00893057565580239,0.00261295466387873,-1.46595564690791,1.39235090746554,573,615
15.6891707311282,13.6997275296197,0.836416085665175,1.00336613741084,0.995809741338558,0.0385006944195841,0.3,90,0.01,14.2810086604246,0.01,-0.00204473529252079,0.00738608561403392,-2.06600728948997,0.192235104843728,574,616
16.5084207062646,13.0529759845745,0.858996114095556,1.01612181863747,1.00051522151121,0.0450265784842343,0.3,90,0.01,15.4518561706408,0.01,-0.00268368437802899,-0.00840035813866676,4.07165331792715,1.96912094333361,575,617
16.4999835167265,12.5535961969704,0.867587870271784,0.998727742946566,1.00463323513524,0.0533158998070563,0.3,90,0.01,14.4515485963954,0.01,-0.00100675433353069,0.00995483143473802,-0.668569125780546,-1.26784088899962,576,618
15.5199338685965,13.7062712518297,0.832040865558835,0.99518361163891,1.00832978763607,0.0457213000642683,0.3,90,0.01,14.9778546530049,0.01,-0.00424994872785981,0.00787597620100027,1.56788081734314,1.28029189493566,577,619
16.5952869822342,12.977333969046,0.840587062105198,0.99435717241398,0.99241193564157,0.0535890504997565,0.3,90,0.01,15.6369693576158,0.01,-0.00142108202351864,0.00707600276642187,0.158869153827416,-3.10655658167892,578,620
16.1897269494384,12.5927855872548,0.833550517489313,1.00127790011837,1.00276609719497,0.025424294403761,0.3,90,0.01,14.8080626321905,0.01,0.00789854882519486,0.00892971546705871,4.05012933288772,-2.79513246118692,579,621
15.0422282086394,13.7570337931979,0.862808546286441,0.990789260477164,1.00488280203957,0.0469227997344693,0.3,90,0.01,15.3489531065929,0.01,0.00320344600082447,0.00360674608376236,2.54797151630805,4.87599181439638,580,622
16.8807709465798,12.2618671648261,0.850150271135135,1.01222064640714,0.999358474574305,0.037237686896137,0.3,90,0.01,14.0791863592032,0.01,-0.00926396354893003,-0.00645551373010129,-3.78368181298128,2.87213378125865,581,623
16.4294080517344,12.7798863149207,0.842630192558552,1.00942649232227,1.00698569304528,0.0208868563501036,0.3,90,0.01,14.5386357283729,0.01,0.000922529107159278,-0.00201164416205455,-0.977573928061405,2.76569686486393,582,624
16.2530762059221,13.8361603397171,0.834279415775304,0.993599528874861,1.00221966427811,0.020607793775382,0.3,90,0.01,15.1255537609429,0.01,-0.00531094313362179,-0.00010600872298123,-2.94013909825996,-4.53526668928612,583,625
16.1611344509542,13.6543649611485,0.830986296559703,1.01839688610259,1.00685566746816,0.0525598030115304,0.3,90,0.01,15.3416700477136,0.01,0.00773377931806205,0.000312507020583587,-4.09110294211944,3.15429186971139,584,626
16.6594890278567,13.6810351507154,0.836945201456295,1.00697741460701,0.998484494243163,0.0279415816674942,0.3,90,0.01,15.0420516566856,0.01,-0.00116017618363534,-0.000233504474259648,1.47550671164909,0.396150893578389,585,627
15.447898281364,13.7126671696758,0.84507733104975,0.996723858999286,1.00546591322647,0.0585697562053136,0.3,90,0.01,14.7723206007721,0.01,0.00749276688948513,-0.00816422506148384,4.78401946081216,3.58795465608579,586,628
15.7653387705992,12.3592997483631,0.854715522839026,1.00239679233153,0.991956933434754,0.0368877776226308,0.3,90,0.01,14.3354491861553,0.01,0.000751143669444865,-0.00354823080826247,1.17380847015182,0.67554995194447,587,629
15.5680955808834,12.8469975399986,0.835968267269087,1.00728652131694,0.996978753966993,0.0346382624219737,0.3,90,0.01,14.9599514610747,0.01,0.00693730745216667,-0.00506008983416169,-4.33572477216097,4.69601533106589,588,630
15.1040823827942,13.7743902605265,0.839499096594892,1.00511903889135,1.00171896705488,0.0290271403193964,0.3,90,0.01,14.2090986516165,0.01,0.00697407197227205,-0.00588957132173295,-4.9855340322431,3.27363036668188,589,631
15.8026614095913,12.9740615781322,0.865766058667861,0.994112418362748,1.00810434059967,0.0492250905667704,0.3,90,0.01,15.7391212980173,0.01,-0.00936403889917391,0.00371939745253443,3.87916564665619,-1.23152648415021,590,632
15.5739554039582,12.0319719711706,0.868345817488712,1.00089326138641,1.00867125201095,0.0355931791962607,0.3,90,0.01,15.0556348884083,0.01,-0.00589885760821832,0.00826400856888265,-3.17240016464756,-0.20248259533367,591,633
16.5194475714766,12.9109336356885,0.845478777966578,1.00340258870362,0.992703064504589,0.0515982091860292,0.3,90,0.01,15.4166596585687,0.01,0.00266901238692226,0.0075719699556435,1.43431062776269,-3.74188133633753,592,634
15.6543994105752,12.243186431743,0.860848011099857,1.00288149951991,1.00923255259493,0.0417423955178484,0.3,90,0.01,14.679416253717,0.01,-0.00807900031466537,-0.00872011296923231,4.67025009786988,-3.0156294504618,593,635
16.117837926564,13.5062015054074,0.846488331569457,0.994746221470933,0.993070524032163,0.0337974607823955,0.3,90,0.01,14.6974093320989,0.01,-0.00642612991252597,-0.00719153298510907,-0.365563120771081,-3.47522152962476,594,636
15.9882475981428,13.3673381573126,0.840163466027557,0.981178845108754,1.00808251661079,0.0294017477175787,0.3,90,0.01,14.0311366748566,0.01,0.00919000093999448,0.00836381106535956,2.43223789465619,-1.34526709793487,595,637
16.2407225157582,12.6865472479069,0.851839696742512,0.98041132810994,0.992399750015939,0.0266504843850522,0.3,90,0.01,14.6656887500283,0.01,0.00632027915238465,-0.0088421874266858,-1.62831465718067,-1.8669309553537,596,638
16.4939609800347,13.8626214174432,0.853991773743998,1.01226397835355,1.00835065718678,0.0275167393972102,0.3,90,0.01,15.3217931107084,0.01,-0.00486726119001413,0.00410850831749589,-2.29355613932665,-2.45295583909403,597,639
16.0749283620343,12.9392790403641,0.845205872455981,0.983012464164836,1.00966105021307,0.0253832461749709,0.3,90,0.01,15.8993740294368,0.01,-0.00650286423591064,0.000920975587022133,2.80396262905721,4.43378413839474,598,640
16.29191175155,13.0370778019019,0.853880750408963,1.01593216379223,0.990825813096398,0.0490106667945548,0.3,90,0.01,15.5845892343399,0.01,0.00671242551085008,-0.00787094696105319,-1.25393263761618,1.58736955971336,599,641
15.2125900959631,13.8960399430726,0.855846124014752,1.01300103951609,0.996945502178796,0.0509255540386259,0.3,90,0.01,15.7720569094504,0.01,-0.00375451388560504,0.00782841699710987,-0.918587180600574,-4.43091297196866,600,642
15.2322698359644,13.3748920107558,0.84486835935835,1.01242217663476,1.00856524558196,0.0350059238447671,0.3,90,0.01,15.6508495527213,0.01,0.0080649925322395,0.00203205352246928,-4.71163255781934,-1.10461612409793,601,643
16.8113963999261,12.7191071933729,0.848354378052559,0.988734681748532,0.997398358599631,0.0254476480706858,0.3,90,0.01,14.8187793562181,0.01,-0.0060116768543108,0.00864225663629633,0.294149894574307,-4.35468943893057,602,644
16.8000454192119,13.9460275820363,0.841330717121755,1.01991601697843,1.00443098733228,0.0379202675173789,0.3,90,0.01,14.0098565913923,0.01,0.000338701607860925,0.000662280768030332,-1.00363390948399,1.29314995859517,603,645
15.8334301111117,13.5258828489937,0.847641851315213,1.00036540958524,1.00906375602877,0.0213800439986769,0.3,90,0.01,15.136448843339,0.01,0.00584253165514068,8.02517230224196e-05,0.86850012061073,-4.61938002459148,604,646
16.2507092468997,13.6976126907364,0.868410586388744,1.007218199783,0.993722693268633,0.0293261690082403,0.3,90,0.01,14.1577666756848,0.01,-0.0098033158895066,-0.00880819464137801,0.259186769064492,1.00350364150842,605,647
15.3459264570577,12.9218257026544,0.84208889957676,0.997951314280647,1.0047009124253,0.032447108919096,0.3,90,0.01,15.7462687875771,0.01,0.00526852270204329,0.0083319357063872,2.81219827776233,-4.34241959624219,606,648
16.4541743624931,13.6592542901766,0.830131520372328,0.998767067857958,0.995387271269764,0.0455691503409256,0.3,90,0.01,14.9952108057716,0.01,-0.000261946866468016,-0.00800306399550913,-2.85049608082021,2.72226289780343,607,649
15.1270920593442,12.3206000367401,0.863962296797252,0.985012514910194,0.993530739405995,0.0436983976093644,0.3,90,0.01,14.5314417542799,0.01,0.00615771193901241,0.00395590713473978,-4.85667368485457,-1.06744110765002,608,650
15.3763482249948,12.9229317109163,0.851660341960795,0.982123923854603,0.990052707716125,0.0544576042673336,0.3,90,0.01,15.8873094951487,0.01,-0.00854425550149049,-0.00165142258817649,4.83012394438536,-1.12771328364275,609,651
15.5205348939876,12.8753684658169,0.861848648223072,1.00605698762622,0.992595344897242,0.0552729848875701,0.3,90,0.01,14.2499341059242,0.01,-0.00560063082885738,0.00354277740362882,2.94415925902523,3.71073306943042,610,652
16.2758245912174,12.9170067326232,0.855557027372374,1.01927671808856,0.998071742317661,0.0462374813208706,0.3,90,0.01,14.4380617273294,0.01,0.0064070000487952,-0.00926504992545097,2.76058870918984,-2.8409770034661,611,653
15.1619235455859,12.4052543075563,0.837140115857996,0.989417856792308,1.00317424087552,0.0329833807711567,0.3,90,0.01,14.0678971617733,0.01,-0.00102397349356232,0.00506447994734743,-1.26368756642527,-4.56613779813373,612,654
15.3876124370711,12.2817518606487,0.860371370555467,1.01063859815043,0.993870009711587,0.0358999004283932,0.3,90,0.01,14.3408926821935,0.01,0.00399777992896431,0.00288235294411407,3.86377181721121,-4.11041100320718,613,655
16.9158288214206,12.8203126980966,0.860421564340246,0.995228484119058,1.00994916209742,0.0300569116768049,0.3,90,0.01,14.9473051718107,0.01,-0.00470453862044334,0.00449755392427323,-1.95236171924496,-2.98635308937427,614,656
15.2514521050568,12.9648511683638,0.863572097917807,0.991826520843905,1.00575992478991,0.0284053489165973,0.3,90,0.01,15.7105496566393,0.01,0.00895571088144466,0.00713506282885335,-2.33386362784489,-1.96932360646724,615,657
15.976252849063,13.9699002245423,0.833425160981627,1.015893103061,0.997601816105611,0.0424107949775134,0.3,90,0.01,15.8686984927022,0.01,0.00352194174217628,0.0078937385355055,-4.46596699574321,1.78341699359111,616,658
15.4970629739118,12.9553413662179,0.868591692374157,1.01464951876899,1.00646322546413,0.0407833561690038,0.3,90,0.01,15.6759080521733,0.01,-0.0019680329275,0.00642108074313502,4.02627367224989,1.77498876835662,617,659
16.3390125591409,12.6265683418193,0.833610443309546,0.990678613787836,0.993020105159109,0.0240230452686522,0.3,90,0.01,15.6692237087444,0.01,-0.0030875322285555,-0.002605059144596,-2.62721686159936,4.09918703282371,618,660
16.5207239649681,12.3183271116911,0.8441940408912,0.992528999778001,0.999106452484848,0.0582862868352517,0.3,90,0.01,14.2677868650821,0.01,0.000565907462866942,0.00885118146775828,-3.56145669142358,1.76415006453006,619,661
15.6115728867177,12.8078734556495,0.852554869920837,1.01807029665838,1.00468525590685,0.0252011473367867,0.3,90,0.01,14.7852068541432,0.01,0.00653188287574343,7.53318787360784e-05,-3.63682774785609,-3.5607290139752,620,662
16.7794250778198,13.5562471805979,0.84335779794225,1.01453146145089,1.00357981965822,0.041713557459065,0.3,90,0.01,15.0779652522499,0.01,3.09732132335039e-06,0.00204531504681572,4.59424097560293,1.58414818678416,621,663
16.4022295487305,12.7276405757656,0.840689486261751,0.981586182298494,0.994014030437633,0.0571419754087559,0.3,90,0.01,15.1756704916031,0.01,0.00250475035526335,0.00411939279600563,-2.26144316998886,0.203892515432873,622,664
16.2456625583567,13.2998725138113,0.866908855800528,0.984859734670862,0.997663783259753,0.0315558175024497,0.3,90,0.01,15.9988345241405,0.01,-0.00635881421769923,-0.00710500978597616,2.60611189708794,-0.479538996378141,623,665
16.4433722050992,12.0026487428372,0.839265195770099,1.01071108403028,0.99462692506637,0.0385367040589709,0.3,90,0.01,14.8984025324554,0.01,0.00876432004449392,0.000457387660758717,-1.91652900623503,3.4380079882966,624,666
16.8907650600389,12.0721692333154,0.862187870821684,1.00285184604006,1.00652516952938,0.0288745170816786,0.3,90,0.01,15.4534960335371,0.01,-0.00364593603666043,-0.00621035181365476,-1.32427454853497,-1.32991675580032,625,667
15.3788670510947,12.5977735550651,0.84479394843925,0.986695721782845,0.996220907247757,0.0404971675782149,0.3,90,0.01,14.3061191383232,0.01,-0.00720020953537615,-0.00466277396973747,3.13299886917417,1.22801962440331,626,668
15.8522749726131,12.1274382495408,0.857992343934418,0.987911892270598,1.00531649966491,0.0584346212242382,0.3,90,0.01,14.6177794158724,0.01,0.00827652577256507,0.00589796761465539,-2.79006596042882,3.81554313216919,627,669
15.4919906490423,13.3445669342885,0.862753396306601,0.99421855205296,0.99461215330398,0.0501678561164623,0.3,90,0.01,14.3977520529047,0.01,-0.000153629305243064,-0.00734432826027418,0.125232102111061,4.04102669145835,628,670
15.8800157163873,13.1050147721978,0.854112861410625,1.0174826675233,0.993097904335012,0.0595667745589771,0.3,90,0.01,15.9181774758505,0.01,0.00337127093662539,0.00957600399872372,3.08744383463681,-3.8204582720352,629,671
15.4836928053019,12.590391980328,0.869684460953068,1.01261387031337,0.991174930142217,0.0578433628245781,0.3,90,0.01,14.3395199304103,0.01,-0.00718553614505274,0.0022557735747441,3.11681924652792,0.510976085886382,630,672
16.9891870458893,12.1456901861738,0.843201176949285,0.991336910281539,1.00281236450725,0.0513577674572036,0.3,90,0.01,15.9879852130661,0.01,-0.00810614982531459,-0.00833522319514944,3.07690218746546,0.475258881785731,631,673
16.262176801069,12.5934513871794,0.859124324722324,0.994939206145813,0.995684573217929,0.0434884655756045,0.3,90,0.01,15.5007876491688,0.01,-0.00444938339494382,-0.00252528743088727,4.09985415576372,0.531891273965095,632,674
16.8457263674904,13.8051128882072,0.837932906919768,0.995125177134872,1.00741142942028,0.0359869368774769,0.3,90,0.01,14.6253917778906,0.01,0.00401285058300519,0.000712882921164917,-4.65742686819192,-2.7464517400505,633,675
15.7076843460796,13.7867158549661,0.849028986065636,1.00272227737662,0.992136631522053,0.0350249640110673,0.3,90,0.01,15.3079974208057,0.01,0.0049633810399548,-0.00470830168882413,-4.30062307042578,-3.99678449395465,634,676
15.6026312679802,12.86812494643,0.854820383647225,1.01923622639729,0.992358730379421,0.0420015357282099,0.3,90,0.01,14.1075078890213,0.01,-0.00249625343245019,-0.00714330646173335,4.4536155371302,3.12974141172609,635,677
16.496308974769,12.5592179197759,0.856170848712971,0.983497896611681,0.992029798691263,0.0312662068586281,0.3,90,0.01,15.2661164706811,0.01,-0.00979632620138614,-0.00844872038198975,0.662243315927547,-3.42711958463717,636,678
16.4073693124928,13.6776534447491,0.833083118988758,0.997242324943895,1.00336026863478,0.0227192182073327,0.3,90,0.01,15.5178567132004,0.01,-0.00835015947802481,0.00317568173961588,2.71758236257185,1.65283080747959,637,679
16.126025724427,12.4603851372078,0.860732562247652,1.00755869815144,1.00666705251467,0.0329744085734257,0.3,90,0.01,14.9106664102498,0.01,0.00380335767502157,-0.00801009043936756,-0.532914525561977,-2.29175602806624,638,680
16.2158008373292,13.7358252072092,0.844844963576315,1.0153166507301,0.997960807436392,0.0348219738576737,0.3,90,0.01,15.7388151770314,0.01,-0.00151955086574231,-0.00499708075014383,-2.76572545402573,3.02123901124293,639,681
16.1397584775371,12.5050940313447,0.869015103658135,1.01085124715093,0.992213279191429,0.0430072683890202,0.3,90,0.01,15.228831222294,0.01,0.00302210806406725,-0.00850454346500018,0.506724681413512,-1.40420322657659,640,682
15.6282383662899,12.3831564783108,0.853708615620923,1.00123602032559,1.00473839061401,0.0282300920266649,0.3,90,0.01,15.5558389915214,0.01,-0.00743397811525091,0.00576507320466274,4.01837638791847,-4.00222811064434,641,683
16.1951889655816,12.3127113352745,0.84087386026177,1.0173283183153,1.00989596406924,0.0504349684906329,0.3,90,0.01,14.516657374692,0.01,0.00805773952115139,0.00388635930386812,-1.27297240700487,4.10806701627186,642,684
15.2425027945465,13.5501612793174,0.865213268832182,0.996188982152118,0.992849220511336,0.0561288360207911,0.3,90,0.01,14.9993136764359,0.01,-0.00846590502969768,-0.00123282368217357,1.21717054254464,-1.98613701389275,643,685
15.1888617367006,12.0707874543157,0.847081299825711,0.989594772154535,0.991315227703036,0.0507776437784194,0.3,90,0.01,14.0142623711513,0.01,-0.00376698087676567,-0.000129638520565158,4.60955270452968,-2.00910114585051,644,686
15.8162586208697,12.3345450243756,0.836734573409013,1.01490377771041,1.00797447875901,0.0540163382643948,0.3,90,0.01,15.4522064157156,0.01,0.0099508747080453,-0.00124143296940803,4.04062966687877,1.80899037512994,645,687
16.2853439587758,13.638903421724,0.836879908207013,1.00461304042187,1.00615980082452,0.0527496663396248,0.3,90,0.01,15.6715452671192,0.01,-0.00161080533202393,0.00329244298080911,-3.08262995048665,1.52717997159221,646,688
16.4164284632651,12.8581642676844,0.857518790022814,1.01501413822409,1.00952641636136,0.052007329356166,0.3,90,0.01,14.8338031213749,0.01,0.00617958514016585,0.00488828056794554,-3.92975914386934,-2.15420222413779,647,689
16.3767268431141,13.4470623910587,0.855605881721038,0.993172071267524,1.00826516183635,0.03213085502607,0.3,90,0.01,15.8832041074196,0.01,-0.00528978580248784,0.00678574509247096,3.96845598296566,-4.22732276385422,648,690
15.88824471362,13.6346643713447,0.840661310953954,0.982956354812134,0.996610113537326,0.0527733965370999,0.3,90,0.01,14.8606291004639,0.01,-0.00698371361900678,-0.000801420217467305,3.85418732131614,4.08044668201273,649,691
15.951786728366,12.6598169555889,0.832158331064542,0.999906363888795,1.0093388392007,0.0554275953247314,0.3,90,0.01,14.7975004203999,0.01,8.9622153789895e-05,0.00878847421301508,3.90587153714014,-0.67918886604582,650,692
16.8235620630872,12.0605600274312,0.844908632153036,1.00138762002254,1.00657981329671,0.0233243955614475,0.3,90,0.01,15.3643996671552,0.01,-0.00848362699350563,0.00990481045945448,-0.90557261230739,-3.2659251059849,651,693
15.1369742815762,12.5175120398112,0.85828501233793,0.9960598066296,0.996424308564001,0.0483586000672494,0.3,90,0.01,15.7572726321294,0.01,0.00282184606472272,0.0095074909255993,-3.45917237061018,-4.72126820850108,652,694
15.877161119907,13.5528510529019,0.835165994722247,1.00248413197175,0.993504110570939,0.0412221804091012,0.3,90,0.01,14.3449213999866,0.01,-0.00819166249470616,-0.00705482149936895,-0.866730965863019,3.98306342723397,653,695
16.8244640007023,13.1247195872708,0.836372495286556,1.01701771057255,1.00883398077654,0.0457667384670802,0.3,90,0.01,14.089750636839,0.01,-0.00729701854462019,-0.00495209254233135,2.89446843271843,3.94844851303802,654,696
15.9438896491609,13.7155199047396,0.85275184602817,1.00910396861285,1.00668251447986,0.0587003339710848,0.3,90,0.01,15.0308570055222,0.01,-0.00181638103790398,0.00866014189046136,-1.10335468791496,3.68827968455727,655,697
15.8513796780445,12.1429310925095,0.85333448176515,1.01709645579095,1.00275674309243,0.0260278463534502,0.3,90,0.01,15.6784368718485,0.01,-0.00419557539616755,-0.00440885693993729,2.67459792292364,-4.81682208672833,656,698
16.5011104003716,12.911045399688,0.865444336706627,0.992361489515927,1.00609961710665,0.0555107871636641,0.3,90,0.01,14.7636802728589,0.01,-0.008622584590449,0.00802819268862987,-4.14930878963867,-4.27436924266745,657,699
15.0530550895563,13.3719921785619,0.867476797165467,0.993046271490268,1.00319189036687,0.0577900737638818,0.3,90,0.01,14.4338980493886,0.01,0.0050519545121968,-0.000472450218909543,-0.792092495960768,-0.0206946548271958,658,700
16.6313617287119,13.881909607367,0.851166779785989,0.998421690952521,0.995605412896751,0.0528485357676454,0.3,90,0.01,14.6664220205359,0.01,0.00116891070615464,0.00271411877452484,0.543617383104613,3.03310720481357,659,701
15.8691240965479,13.2689302092862,0.832375143839472,1.00463420983195,1.00790100675542,0.0299118846411681,0.3,90,0.01,15.1224643280788,0.01,-0.00117240274125313,-0.00903521863168421,2.17576911952496,0.627623432893908,660,702
16.9392111845765,12.7073655798117,0.833688577822558,1.00920531093742,0.991501048051173,0.0341944903368947,0.3,90,0.01,15.1117296578724,0.01,-0.00521677620939767,0.00206360101730717,-1.42471467680887,2.48941259266024,661,703
16.1333736175857,12.2190508212242,0.869340926571716,0.993242589713769,1.00118264275042,0.0471481675613618,0.3,90,0.01,14.6398031077902,0.01,-0.0091198178326876,-0.00859765602904923,-4.37357530830885,2.58270556185564,662,704
15.7923863909665,13.9545448379185,0.847842370081579,1.0129137584554,1.00561921684063,0.0358148032363454,0.3,90,0.01,15.2647390873,0.01,0.00245595549929602,-0.00394135897695034,-2.09860601736787,-3.83035875691714,663,705
15.7898323860692,13.4439175106583,0.837576365338644,0.992386205608513,0.998475256790077,0.0467171098391686,0.3,90,0.01,15.3558535654149,0.01,0.00327937966541975,0.00767661662697258,-1.11937412511917,-4.45699093192148,664,706
15.0137904665267,12.7819445355038,0.866596632038711,0.986932822348786,1.00413416714532,0.0370727537410673,0.3,90,0.01,14.8225684883572,0.01,-0.00463851607869094,0.00750857485006319,0.236254056517549,-2.17977582639599,665,707
15.5926653095023,13.1971410116625,0.858214197359264,0.983470197595103,1.00253222794066,0.0245380450411374,0.3,90,0.01,15.551732039281,0.01,0.00511463497262059,-0.00386173306936968,-3.82746063278022,-0.165973341810737,666,708
16.3113757301512,13.661870670047,0.846184987746506,1.00071580262262,0.992087688917939,0.0313426685194346,0.3,90,0.01,15.2730035145164,0.01,0.00907475240292605,0.00853750263519158,-2.83098380797481,-3.41186251708762,667,709
15.1816455228321,12.8404545423541,0.832452050878179,1.00643902511843,1.00442745256808,0.0378412884109388,0.3,90,0.01,15.5373662779729,0.01,0.00891542441364329,0.00648089109593229,-3.33314953330897,-4.22289856363057,668,710
16.707641400599,12.2097179212328,0.845368455978553,0.997400606857012,1.00932826235786,0.0352108134324943,0.3,90,0.01,15.3091264524552,0.01,-0.00557175453051322,0.00925891463086621,-3.19847012904474,-0.332015736725999,669,711
16.4123905199294,12.8513798662718,0.843872061640117,1.00641600797296,1.00941377106782,0.0492194617447372,0.3,90,0.01,14.0262827882504,0.01,-0.00605430174759827,0.0083232898830313,-2.3424990550215,3.09433498208996,670,712
16.4332573575272,13.9602017872202,0.855282529717984,0.995713581132405,0.995247140132635,0.0458219904117401,0.3,90,0.01,14.8821964004803,0.01,-0.00481391708274202,-0.00908926316365848,-4.79900794853645,4.91934964903288,671,713
16.0481839721989,12.6898325942932,0.868328059957104,0.995085048580779,1.00197341777525,0.0536444482161966,0.3,90,0.01,14.33375327654,0.01,-0.0050850296561702,0.000892539268640554,-2.47171205560792,-4.7559080376861,672,714
16.9226201300583,12.7445036758998,0.834956312857626,0.999243029625143,0.991782667333628,0.0441655101621596,0.3,90,0.01,14.1734733517211,0.01,0.00370594318001215,0.00444497489135106,4.57304444319705,-0.623474099303857,673,715
16.6980799278664,12.2139878191487,0.838667818404206,1.01605643362247,1.00671625592788,0.0438381472259637,0.3,90,0.01,15.9301401624272,0.01,0.00243550334663805,0.00319238462728656,0.407719104977767,0.270624869645374,674,716
15.536060505833,13.6538598956519,0.847363412895618,0.986232859034417,0.998693672147744,0.053677959478217,0.3,90,0.01,14.0561275919266,0.01,0.00287555662787192,-0.00411742090843253,-2.58099307871365,2.89037296197565,675,717
15.9356092891107,12.7496775682672,0.846458517456925,0.989821869825035,1.00448654265572,0.0482951795469307,0.3,90,0.01,14.5054230394751,0.01,-0.00667712513609058,0.00253490250154719,-3.56850004707455,1.5493971287692,676,718
15.3416629886593,12.966906257008,0.836319854229536,0.982428701891355,0.996772204797239,0.0594975705313497,0.3,90,0.01,14.5713863949539,0.01,-0.0052518527296436,-0.000176994204579872,-2.20864077453048,-3.94626754757766,677,719
15.4010833159762,12.6433972018693,0.831603533184472,0.998607380590611,0.990489756377137,0.0292013028297346,0.3,90,0.01,15.5229666721069,0.01,-0.0025137205190631,-0.00514852669856166,2.53292987151278,4.50640562629734,678,720
16.1496681853338,12.3801701971893,0.831004478926473,0.983646438807405,0.991746324861872,0.0215720293778008,0.3,90,0.01,15.1528199705968,0.01,0.00297402406969428,-0.000843830556499286,-4.08513038776191,-3.92277182157179,679,721
16.2347094879854,12.5529323572051,0.838150002641102,1.01657050368825,0.997171647958404,0.0448770824907757,0.3,90,0.01,15.0036179210265,0.01,0.00605062585882714,0.0019557191071958,3.6305628174475,-2.30386934124079,680,722
16.5246776003704,12.9887723790434,0.851976517922741,0.990952951359175,1.00495820012249,0.055630403162225,0.3,90,0.01,15.3696952077791,0.01,-0.00132441184283596,-0.0095208329717864,4.7662259255394,-2.48949435270223,681,723
15.933839067973,13.2666823224608,0.850606493182449,0.982936732958084,1.00452860408655,0.0229625699453966,0.3,90,0.01,14.0231963060457,0.01,-0.000353631881784881,0.00477545504236367,4.16970660997409,3.53714640527469,682,724
15.4267799406619,12.9148775699213,0.861323146743798,1.00437827500996,1.00654319584553,0.0575881475618185,0.3,90,0.01,14.0240629834548,0.01,0.00477175439075835,0.00404184049712112,-4.19005507114175,4.64749918048115,683,725
15.9612581396138,12.1301093375745,0.859577258204447,0.990308938918851,0.996603499449096,0.0209417032382717,0.3,90,0.01,15.7945115480903,0.01,0.00479018039038167,-0.00184861630299476,-0.567429224237489,-3.72775244722904,684,726
16.18459088748,13.2086241412473,0.839132691254728,1.01788042182395,0.992644385985603,0.0492730464880404,0.3,90,0.01,15.2399046132651,0.01,-0.00422980221757678,0.000181957338498457,-0.561598248448673,1.17333187071836,685,727
16.6469741067189,13.4742563395794,0.86291092229562,0.990929682590387,0.997679506335379,0.0423290313534567,0.3,90,0.01,14.2369274606098,0.01,-0.00253352966219599,0.00239942680747994,3.25230437223042,-2.21862781772692,686,728
15.2997902679418,12.5951246369171,0.865253696041035,1.00182360335109,0.991825145764638,0.0507278891107022,0.3,90,0.01,14.9449543979538,0.01,-0.00340253069406656,-0.00879269554014152,2.6222560967736,1.95034383260989,687,729
16.2425234279689,13.3484504631497,0.845168476306396,0.984247757742019,0.99343829156697,0.0305926210552793,0.3,90,0.01,14.4295822468155,0.01,-0.00418545711437244,0.00871372320175938,-2.4962912588091,1.91391084356484,688,730
15.8251016446156,12.6368605105611,0.861400962291852,1.01434560392238,1.00174712488807,0.0259419347137946,0.3,90,0.01,15.8977051960155,0.01,-0.00665767754650993,-0.00830274179155739,4.47617139913212,-4.9507065823255,689,731
16.7353670534619,12.3077057979688,0.866051476276415,0.987704873533734,0.999072182645811,0.0348812535829031,0.3,90,0.01,14.38951768263,0.01,-0.00719562962448111,0.00217720678533324,-1.90558274053561,-4.38153360441888,690,732
16.8575345144654,13.7502947780634,0.86080397509837,1.00613181030929,0.994998070436836,0.0225396520806865,0.3,90,0.01,15.5794199137139,0.01,-0.00516255755927454,0.00504044338000011,2.08545336495663,0.847981655332984,691,733
15.3383175576243,13.1480218040081,0.843954013362019,1.01282469942732,1.00405333777554,0.0274739491862609,0.3,90,0.01,15.7854294460063,0.01,0.00774383034507973,-0.00596271203904042,-0.0901940075224186,4.01644343212211,692,734
15.1500826883129,13.5693922319695,0.859415974320886,1.00279807281858,0.994401851320121,0.0370483474955544,0.3,90,0.01,15.9253735141148,0.01,-0.00402092137674841,0.00763090345753044,-1.40991212521668,4.23616606573097,693,735
15.1395131865245,12.2089567824454,0.864790823304927,0.992313734743658,1.00049861793607,0.0557148648923082,0.3,90,0.01,15.3931915025909,0.01,0.000659051756857806,-0.00130733014694012,3.15662416402553,-1.2409920439204,694,736
15.905063915735,13.7603747773419,0.845606269066224,1.00851022218799,0.996142865199675,0.0510843316602731,0.3,90,0.01,15.3543929829018,0.01,-0.00145351381782931,0.00640970389604596,-2.91153662234752,-1.53489839576861,695,737
15.9419494083563,13.7527506055501,0.847898878968373,0.988133926352801,0.995437689525968,0.0378692737875299,0.3,90,0.01,14.323426618371,0.01,-0.00770470522778242,-0.00528204938690878,0.250997028781537,1.89607633185741,696,738
15.8238434945351,13.992945804735,0.862664760241749,0.990405060199084,0.996375931413797,0.0584915448216197,0.3,90,0.01,15.7599056435729,0.01,0.00368032970437597,-0.00139023004488335,-1.78927864634441,-4.42725314675666,697,739
15.6046830630588,12.6189247354843,0.86131239851391,0.980971212761605,1.00889407897586,0.0582702306127107,0.3,90,0.01,14.3774468882115,0.01,-0.00972693048870011,-0.000982926569733537,-0.190316731820276,2.63505133876773,698,740
15.0246500758808,13.3532372496047,0.862387538788151,1.0114071141749,0.99428935448876,0.047340636696187,0.3,90,0.01,14.2174799782922,0.01,-0.00221986823306519,-0.00460533065873236,2.45844416408835,-2.25723134741452,699,741
15.89795355597,12.8256282179371,0.864759392419085,1.00718180561658,0.996537271756308,0.0223932463834021,0.3,90,0.01,15.6938077033339,0.01,0.00217412763175563,0.00370153873049795,-0.396540036013871,4.5172716043056,700,742
16.5134927427216,13.8375456358384,0.85717644062775,0.99290676047315,1.00097644155368,0.0425936298052894,0.3,90,0.01,14.1808342521252,0.01,-0.00704439440240817,0.00175524592283382,-0.447932281732803,-2.17385883861105,701,743
15.34432795031,13.0621615504295,0.861453086121613,0.997223391679302,0.991534198796538,0.0273367437250303,0.3,90,0.01,14.3625753240205,0.01,0.005045170123843,-0.0011947267036167,0.597557902151982,-3.49155516213672,702,744
15.8000244056258,13.7293392263625,0.835844618526303,1.00761499418394,0.994978794216043,0.0538559630602078,0.3,90,0.01,15.1936092476672,0.01,0.00700238109433844,0.00895593870937791,-3.86085867854599,-0.59923997589988,703,745
15.047973682765,13.8459151481588,0.836898325683587,0.985566115169665,1.00872106920462,0.0401140107495161,0.3,90,0.01,14.8020620197374,0.01,-0.00564250052019384,0.00962841206169007,-1.02625001954329,4.80873434357595,704,746
16.1981198784561,13.456141501533,0.862960984485624,0.984719981459536,1.00243255771082,0.0444643453746961,0.3,90,0.01,14.2370206139767,0.01,-0.00403760795611443,0.00827392849344344,2.61249045983468,3.81300079090848,705,747
16.8614198503305,12.4243629382613,0.83487786646777,0.994952841294407,0.991809743157343,0.050221845397964,0.3,90,0.01,15.2990089073067,0.01,-0.0086705938527239,0.00600571575893468,-2.7754051194555,4.72393783135232,706,748
16.9683583216083,12.3009196096701,0.854846262034639,0.999455976056092,0.991325456894905,0.0484325833416981,0.3,90,0.01,15.5945253265389,0.01,-7.11379843448875e-05,-0.000274172174932844,-3.1809849749793,1.46769812843113,707,749
15.3344364967213,12.7433446301574,0.84408200487813,1.00537464597872,1.00787403321149,0.0541607885451288,0.3,90,0.01,14.304244760672,0.01,0.0078724648470344,0.00152915936501025,4.77618826289906,3.51276963036634,708,750
15.7971092863044,12.8663579242518,0.869760498326768,1.01380686626959,1.00681366782676,0.0272131995129083,0.3,90,0.01,15.7690699643458,0.01,-0.0013956762108541,-0.00313750988206113,1.60480160981622,-0.833505777260269,709,751
16.2065152045926,13.2619019264009,0.83559100118674,1.01630410856006,0.998516747012919,0.0410716821986317,0.3,90,0.01,14.4967664059817,0.01,-0.00841637003083266,-0.00666141825978856,4.13223775321257,-0.654893969466237,710,752
16.1297186168067,12.8496387585141,0.84992469392769,1.0153982092022,0.998296066065297,0.0236857445960917,0.3,90,0.01,15.8809286132146,0.01,0.00520327379213672,0.00149285939752433,-3.70720263141533,1.6271482580657,711,753
16.3288932840704,12.7056113107986,0.834001324152484,1.01384483508949,1.0087426885904,0.0588285231227115,0.3,90,0.01,14.5121398525947,0.01,0.00372319158729852,0.00635698767026264,0.295275246369799,0.578504545093224,712,754
15.9801652495036,13.6925139172344,0.847130670189642,0.988813668234898,1.00557415819044,0.0441288356862567,0.3,90,0.01,14.183213276463,0.01,0.00341319909362393,-0.00200800215185483,0.648212194336865,2.12764084960396,713,755
16.9696753095833,12.4386120502742,0.841887091396071,1.01478355198042,1.00351391692874,0.0330787562755733,0.3,90,0.01,14.4688965677608,0.01,0.00578023665845854,-0.00723739690191253,1.78033108260757,-3.20753421728526,714,756
16.2230021175756,13.1649507335744,0.853159333755774,0.981806849202766,1.00528182698953,0.041801007801222,0.3,90,0.01,14.7629660472013,0.01,0.00738051823699712,-0.00491479918793296,3.52358154462174,1.22395483800426,715,757
16.3645563635539,13.5856722946599,0.868969031632888,0.981706573899072,0.998664028465748,0.0227303498471425,0.3,90,0.01,14.1399941512886,0.01,-0.00344271637997162,-0.0093590782342156,1.61174207186551,0.00672529503971564,716,758
15.6166202443258,13.3150537704069,0.858878614463056,0.991352742081389,1.00052617342668,0.0264986150417822,0.3,90,0.01,15.831012892402,0.01,-0.00825365316460638,-0.00805166821857151,-0.94631943272092,-1.95161652529357,717,759
15.1091605263611,13.5244249666921,0.867246196883496,1.00254340039873,1.00397042901609,0.0390307151292968,0.3,90,0.01,15.5430593635847,0.01,0.00331189251913943,-0.00269841534205949,1.44672918714362,4.55235958325211,718,760
15.6312219177384,13.2633050712364,0.852655943554495,0.995270470796776,1.00597456901472,0.037609942090499,0.3,90,0.01,14.1846681833301,0.01,0.000972775802373958,0.00737556205150633,-1.06940848080098,3.85304668744535,719,761
16.5857156503423,12.7165305641222,0.830267237781359,1.00679292805041,0.990279287322234,0.0289880724192147,0.3,90,0.01,14.749235604555,0.01,0.000773592982462037,0.00232045942311183,3.2869546526812,3.45263318811004,720,762
15.8995556444752,13.7717558408659,0.860760313586073,0.99071120652379,1.00525425498206,0.0446273875222105,0.3,90,0.01,14.6167234943606,0.01,-0.00284593869952962,0.00429331046844665,-0.240348243121319,2.46441683661021,721,763
16.7462210889033,13.0841255989194,0.86687686001824,1.01073476726199,0.992261383252988,0.0326090694780225,0.3,90,0.01,14.881562300339,0.01,0.000116738065012001,0.0098323282300418,-3.62859420241168,2.34689082180564,722,764
15.3564890344663,12.8839695838127,0.845034705471459,1.00029237816721,1.00625937826973,0.0384054951121913,0.3,90,0.01,14.9939136181737,0.01,-2.69595555295026e-05,-0.00512058126031708,-3.93354187605717,2.74214628103955,723,765
16.1061758454477,13.0599296293132,0.847192620977924,0.996463798085118,1.00958225979501,0.0214198506975652,0.3,90,0.01,15.5409429003119,0.01,-0.0012598431882201,-0.00231850727161981,0.453018203662592,1.06022145620001,724,766
16.3461715940901,13.436013325504,0.858444539848658,1.00744663996305,0.994307413171453,0.0211596211557093,0.3,90,0.01,14.6085019968014,0.01,0.00988704402300931,-0.00475788943753617,1.59540023877993,0.611120661201625,725,767
15.9278380153058,12.0752735247362,0.838979811276894,1.01318218986996,0.994803930029611,0.0538314714764727,0.3,90,0.01,14.0476947896983,0.01,-0.00548670991009715,0.00338453153693932,-3.62465416358326,0.210554594158411,726,768
16.3199182897631,12.962567097436,0.865818865167622,0.994291066502347,1.00974816922439,0.0454183112131117,0.3,90,0.01,15.7252544488118,0.01,0.00441870280365806,-0.00450435497695031,0.842681973356258,-1.54559899319235,727,769
16.9801387251359,13.9724996030751,0.843395332232443,1.01950289020694,0.995970279953377,0.0261000058337506,0.3,90,0.01,14.3914174921727,0.01,0.00910059865203171,-0.00210923783986399,-1.92368691443031,-2.03921821747391,728,770
15.5539858776993,12.5080564654282,0.858965923027147,1.01750009111593,0.995636632405618,0.0200940475576456,0.3,90,0.01,15.8895918147875,0.01,-0.00243675621236713,-0.00534390607742432,1.07141192389919,-3.36105521341131,729,771
16.7839296223551,12.1708819273901,0.836484446612102,1.0176274156777,1.00340825507975,0.0563337924600664,0.3,90,0.01,14.7877594871821,0.01,-0.00332123416885714,-0.00211552677600218,4.95189041020775,0.498165309631903,730,772
15.641344778953,13.270917061678,0.845647793744622,1.00982295256965,0.991337507575569,0.0470674296314156,0.3,90,0.01,15.6334252991509,0.01,0.00536940356970938,0.00988831936824861,4.93813198277757,-4.20990290485852,731,773
16.3451384996748,13.7406798945266,0.848650660038335,1.00296790408249,1.0076876900101,0.0239171345768957,0.3,90,0.01,14.9094059594648,0.01,0.00976393906871363,0.00182151175562911,0.640656636011768,-1.85372834298798,732,774
16.0108240798291,13.5384277756811,0.857674769106054,0.992920365279941,1.00175913664263,0.0431659301135637,0.3,90,0.01,15.7008168630639,0.01,-0.00764619952420625,0.00882739339082056,4.09011777015851,4.39966300256601,733,775
16.5227035082796,12.9955362883537,0.836150461065075,1.00390245610505,1.00009507527817,0.0336974506919582,0.3,90,0.01,14.3115052715947,0.01,0.00724113849150992,-0.00423638527360849,0.85214491539254,4.0876457581277,734,776
15.330558594131,13.513850206278,0.866846512791845,0.99077774782682,1.00809075553763,0.0306882997688396,0.3,90,0.01,14.1779573951565,0.01,-0.00410137134370984,0.00489839547199481,-2.52080710015598,-3.86979968295723,735,777
16.3720585087333,13.5418458297473,0.869525113163747,1.00299912049806,1.0073272643399,0.0518342508935625,0.3,90,0.01,15.3314425833718,0.01,-0.0014882670244072,0.00672147588730591,2.33713838660481,2.16854352770862,736,778
15.6242537142327,12.5501880038839,0.845821706665918,0.99371723578015,1.00573677600131,0.0446157913267427,0.3,90,0.01,14.6065438648825,0.01,0.0058057851102498,0.00651261786221534,-4.05888041190101,-0.0880163213088654,737,779
15.8473791015454,13.8802229598265,0.863421604858234,1.01416797556207,0.996195695817692,0.0372867024730182,0.3,90,0.01,15.1486551840874,0.01,0.00912921375303156,0.000707973249120135,-3.95858299033323,-4.56241588723041,738,780
16.3427672759781,13.382161152336,0.858099044466836,0.980602438844802,0.996027580087632,0.0570987883953314,0.3,90,0.01,14.2334798957383,0.01,0.00883114906984227,-0.00400845870402676,3.51503796552475,-1.7079796671359,739,781
16.8303956222996,13.4208757359608,0.852421007766924,1.0060327277636,0.990417839958829,0.0363768095159925,0.3,90,0.01,15.3229056601801,0.01,0.00200636016806085,0.00174734098032314,4.46378861514556,0.156851115204817,740,782
16.1084324582508,12.7574567228883,0.843054393897395,1.00544441392667,0.998043716788573,0.0436419860648434,0.3,90,0.01,14.4907532530977,0.01,0.000438401230312437,-0.00504564607604838,-4.36219941976084,0.21966294788783,741,783
16.0403625648256,12.6162676491739,0.862709057369555,1.00776044269847,1.00122624558039,0.0204590529005437,0.3,90,0.01,14.2149738725719,0.01,0.00863199050110537,-0.00783305566847511,4.71335399781774,4.22305071767493,742,784
15.8467563334505,13.4119460356234,0.855213759391895,1.00597360813397,0.991123955185441,0.0353858223151201,0.3,90,0.01,15.5824441996748,0.01,0.00732635479246894,0.00137743587880049,-3.96851754811237,2.6723320858599,743,785
15.4689691982524,12.8764909179225,0.853255770147029,1.01571188758418,1.00291273889048,0.0436251583123183,0.3,90,0.01,14.4393924506207,0.01,0.00508104049197877,0.0044231834449298,3.0387292996722,3.18892931544516,744,786
16.5703929482697,12.1054793559469,0.867999064871524,1.0062725897616,1.00257547097766,0.0306150996927291,0.3,90,0.01,15.7778744063191,0.01,-0.00534787488435975,-0.00554096048834841,-4.67833054838678,-0.581636285924625,745,787
16.0600687622755,13.7877329219938,0.84221812760288,0.998181010156472,0.994048628648733,0.0596772164573328,0.3,90,0.01,15.8506679773454,0.01,-0.000662343524776843,0.00156123378707776,2.21025738421262,-2.7643646539639,746,788
15.6390834982827,13.4643873325941,0.863239894054716,0.999161890659921,1.00451986421701,0.0573748410791245,0.3,90,0.01,15.0193707947701,0.01,-0.00896492047057442,0.00341532053141005,-2.24217492862348,-4.84746799438959,747,789
15.7707820731483,13.4976619623642,0.866076816626362,0.987283291747289,0.994204134586657,0.0519575212248234,0.3,90,0.01,14.0902402963945,0.01,-0.00949530240213154,-0.00145370896598832,-3.05234217213038,-1.16609415004695,748,790
16.5175445460947,13.6752789700972,0.85780557442627,1.01569263391033,1.00409271182576,0.038014314100613,0.3,90,0.01,14.8795315286704,0.01,-0.000981040131422525,0.000566260576322877,-4.93158876336865,-2.2533115258207,749,791
16.7519694200419,12.3300535293751,0.867499404356102,1.00497146135196,0.99036867384745,0.0442611872891292,0.3,90,0.01,14.4591062136469,0.01,-0.00357041627904448,-0.00810512597468217,-3.83939492123232,-2.08075179634041,750,792
15.7537876392918,13.7738376383488,0.836793903628805,1.01802232340603,0.999846862942997,0.0429482046970417,0.3,90,0.01,15.488511627772,0.01,0.00512047817920851,-0.00448317098478202,-0.175522573117005,2.38863892479706,751,793
15.337610506163,13.2876843459168,0.862656299548822,0.987154334544122,1.00886501294637,0.0324868210414376,0.3,90,0.01,15.1200668739057,0.01,0.00739035973343115,-0.00239438682965566,2.41877722294802,0.228023437979,752,794
16.1909048982265,13.1491464748959,0.861998704823904,1.01635033435658,1.00696754517199,0.0208775027511271,0.3,90,0.01,15.2790774615788,0.01,-0.00331228923760219,-0.00209176596467536,-3.29257100112837,-4.09071699239578,753,795
16.2892965601226,12.730431107602,0.843096781707196,0.991417919932596,0.997999277100544,0.0248052824627531,0.3,90,0.01,15.7932014533922,0.01,0.00982857981797788,7.13292867337428e-06,-4.72872197681981,-4.28088215981113,754,796
15.5716681104641,12.4776419403285,0.861557258536754,1.00540652884301,0.991066836694979,0.0315682067662767,0.3,90,0.01,15.2688085230775,0.01,0.000871057488885212,-0.000483727223721524,0.818293577001695,1.50869728337704,755,797
16.714566238657,13.6787117228207,0.847310646059134,0.995444675908879,1.00647556247795,0.0396918358955892,0.3,90,0.01,14.3714711255965,0.01,0.00215388727384874,0.000230014666116465,4.61540824192495,-3.69432851371289,756,798
15.3554698534439,13.0953508966214,0.83381289903293,0.994323708627832,1.00593109451792,0.0572987141761598,0.3,90,0.01,14.7916843953069,0.01,0.00128391357574571,0.000507227933483042,2.04434232537789,0.223699937427147,757,799
16.1829419428148,13.0063696797811,0.836824476086344,1.00671285040496,1.00380651509018,0.0462007597267457,0.3,90,0.01,15.4227540849776,0.01,-0.00597366136245522,-0.00685289119872528,4.45852107794051,2.35199442522823,758,800
15.0859022369671,13.5747297315336,0.839946473462445,0.988482573413578,1.00816088663543,0.0590571579656771,0.3,90,0.01,15.1192425136115,0.01,-0.00359354014689743,0.00302306291051186,-3.40583175592397,0.664680540992531,759,801
16.0578950612221,12.9584502511273,0.831247593462119,0.981222858429886,0.991692998749792,0.0520466945912646,0.3,90,0.01,14.1856505167373,0.01,-0.00219063269768482,-0.00546201247464396,-2.30585322748706,0.581985471688152,760,802
16.2097270035756,12.2241730887204,0.860692695707901,1.00976186760965,0.990935015257551,0.0398313198781586,0.3,90,0.01,15.2928066235868,0.01,-0.00697365399099084,0.00120539985174163,-0.102357077726542,0.308452269883156,761,803
16.893312588504,13.0814465553664,0.833667372781187,0.984266668686501,0.999740696182546,0.0207927753210783,0.3,90,0.01,14.9332090902791,0.01,0.00447867541538311,0.0071424847150003,4.07684253002427,0.877122083293748,762,804
15.129373131967,13.9274437264502,0.860967404143705,1.00705964659726,0.999834485303246,0.0399016680105444,0.3,90,0.01,15.5540343512751,0.01,0.0069461774751641,-0.00241177675934128,-3.31355891379306,0.437708137882399,763,805
16.2925043862399,12.2267137056726,0.845741871892749,0.992143129162821,1.00001468030938,0.0273407181709222,0.3,90,0.01,14.7750085032187,0.01,0.0083928248941925,0.00587286444986663,2.28872221492254,1.37748161305357,764,806
15.4958715996422,12.5437942861611,0.863418086563694,1.01983990223821,0.992839991020364,0.0210170104263188,0.3,90,0.01,15.8522325417945,0.01,0.00733939335195251,-0.0059157412107882,-0.740537345213766,-0.735714829293594,765,807
16.9328022558059,13.3085492370256,0.840341541264139,1.0118013354447,0.995294598058193,0.0582399934798716,0.3,90,0.01,15.643548706455,0.01,0.00696065208850805,0.000889897964086155,-4.66140470196123,2.84796371696396,766,808
16.5749647665721,13.0566239172654,0.834431855738142,0.98146806023026,0.994606411214173,0.0417648577244124,0.3,90,0.01,14.98920200152,0.01,0.00748416067751503,-0.00388268150970338,-1.65368716884229,1.32644051502438,767,809
15.4597119151819,12.1969122747287,0.8355271515878,0.985684105104451,1.00775475366357,0.0442512722800693,0.3,90,0.01,14.7335357752635,0.01,0.00997710154690581,-0.00843668342117579,-4.53045479427788,3.13257754341635,768,810
15.6181241603012,13.6488568160113,0.865951079256091,0.997100712740646,0.99313977519296,0.0217961091446921,0.3,90,0.01,14.132278051868,0.01,-0.00320632571342816,0.00776977399720191,1.26788630818741,4.38440547595244,769,811
15.3992850409039,13.0106757531539,0.849264067336633,0.980580674428242,0.996219360690782,0.0369732375465192,0.3,90,0.01,14.8488417313742,0.01,0.00873531323411119,0.0091821964880776,1.79338834877749,4.12822078020668,770,812
16.9148000790314,12.3026901627451,0.869222721853336,0.995489031545643,1.00214084626885,0.0335313697219431,0.3,90,0.01,14.0031622323213,0.01,-0.00847139726133868,-0.00853726787600751,3.3219608688397,-4.87225307581847,771,813
16.294140391825,13.0022489116873,0.86464083790677,0.988411968961483,1.001382037655,0.0585288124670227,0.3,90,0.01,14.996225851748,0.01,-0.00766492732198725,-0.0096386585087759,-3.06184411098886,-3.42426435061043,772,814
15.6065729814056,13.2249313235026,0.848844757248475,1.00226420520832,0.997579018388143,0.053125441704396,0.3,90,0.01,14.6499711188432,0.01,0.000177862325827787,0.00747766351483349,0.062359827931199,-3.05683773253659,773,815
15.0637109114247,12.0395722238935,0.847662157524138,0.980204047049801,1.00342446675162,0.0296983645097004,0.3,90,0.01,14.3619050581761,0.01,0.00382335343163675,0.00777666608298552,-2.53348303078387,-2.24786749965177,774,816
15.1351509684899,12.0123343445208,0.834700993626005,0.982960093210419,0.999137982713087,0.050996722736493,0.3,90,0.01,15.484519086898,0.01,0.00176058626804894,-0.00357600903254608,-4.70383018873466,3.04095213865737,775,817
16.5469006693903,13.3860063215065,0.856791262287315,1.01347740082659,0.998392297490204,0.038564309382853,0.3,90,0.01,14.9581199638163,0.01,-0.000604889626483258,0.00355207311249702,1.20241985416083,1.0272551621716,776,818
16.3105180137043,13.1750461815265,0.856729141109266,0.996432383537311,1.00113825835254,0.0474456305128596,0.3,90,0.01,14.1751826736398,0.01,-0.00440933700520907,0.00862934764875255,-4.24809547627707,1.36243328384983,777,819
16.516840426125,12.1263749258215,0.840395832761202,0.99242613665342,1.00935557067038,0.0495308363722523,0.3,90,0.01,15.6688163524142,0.01,-0.00138520639532052,-0.00265537132115178,2.95071725053749,0.181519012316045,778,820
15.428444808269,12.6706331171205,0.84092925188799,1.01936225526918,0.99615677361822,0.0496861628207468,0.3,90,0.01,15.8593151767097,0.01,0.000950506316756637,0.000363596809660542,0.00725280936459249,-3.89194995046036,779,821
15.301552633759,12.893073617727,0.838056852656315,0.994905012199307,0.995770006957813,0.0347105092572855,0.3,90,0.01,14.2632268738167,0.01,0.00494839433260438,-0.00122992383107783,-3.67740381519863,-2.33682301035874,780,822
15.8585366010229,13.0730378057796,0.864258571003184,1.00781733282081,1.00677694808661,0.0455484157100647,0.3,90,0.01,14.2902929779109,0.01,0.00309064512353343,-0.00218882705908581,4.22521216380358,1.99073699894623,781,823
16.5066553014937,13.1146967696182,0.846219118541793,1.00492402971035,0.997495121556115,0.0420852951859489,0.3,90,0.01,14.3673240101492,0.01,0.00670461235851,0.00445858906697272,-1.07963124927928,-2.70815093252737,782,824
16.8691588524002,12.6115384830508,0.841283249719068,0.995210611497435,0.997053098515994,0.0330165606900731,0.3,90,0.01,14.8997347470663,0.01,0.00874459732299895,0.00193466548975396,-3.69356132022809,1.92878734802666,783,825
15.5935200862266,13.6059206937708,0.869206134561525,1.00275800167589,0.999922286119943,0.0420248135928521,0.3,90,0.01,15.4020768439743,0.01,0.00205461981605181,-0.000776996281465147,-3.23493547452874,3.47814975328228,784,826
15.7585001291166,13.7460051676406,0.861371655511534,0.999439128163,0.997860618597629,0.0489548566629155,0.3,90,0.01,14.7311627311826,0.01,0.00531462203754052,0.0067661973284095,0.601474436856555,-0.364343908251948,785,827
15.8873119229313,12.7842009446749,0.856683545642454,1.00372488493648,0.993552854685445,0.0441591514957377,0.3,90,0.01,15.3805179739975,0.01,0.000917589745608252,-0.00817478293917235,-2.85964955179181,3.63976587424138,786,828
15.1552740185477,13.9242199168671,0.844651278274591,0.985098315543361,0.999487278742284,0.0301987013623334,0.3,90,0.01,14.7195040207927,0.01,0.00112060724045504,-0.00701777726486825,-4.48579126883778,3.39948098089696,787,829
15.4543959908161,12.0846407113386,0.850364746448573,1.0196661947152,0.990400557860807,0.0406893149770471,0.3,90,0.01,14.5275587555517,0.01,0.00472955651155868,0.00567560152307714,1.65771017732737,0.337655882023983,788,830
15.1251214216586,13.796783628243,0.854863263447947,1.01965168376224,0.99716054114762,0.0354206078415075,0.3,90,0.01,15.6986464657572,0.01,0.000203577932156434,-0.00743590357989065,-3.00833785598697,4.63255653099673,789,831
15.3882838075536,12.0878819960315,0.86959909295406,0.995971073088138,1.00437221198449,0.049415690415596,0.3,90,0.01,15.6876709684651,0.01,0.00963242407964102,-0.00536685268306922,3.25546570740763,-2.43229344250915,790,832
15.6597512033733,13.4737456015587,0.863399225036692,0.98045308512658,0.994554473166864,0.0266355200477158,0.3,90,0.01,14.8154260081996,0.01,-0.0088744755958672,-0.00356425241349431,-4.42365278119441,-3.16811664887429,791,833
15.5988578930384,13.7105755503345,0.86311803616624,0.996748888614901,1.00715322937884,0.03120117321462,0.3,90,0.01,15.8883841070626,0.01,-0.00201294804896724,-0.00977981059532281,4.43617863044184,3.7378731767706,792,834
16.8473263159757,12.6061303200988,0.834025588227232,0.985942797840284,1.00379553558234,0.0280001406557523,0.3,90,0.01,15.1421637935201,0.01,0.00304662780139478,-0.00379301635787904,-3.65383291677598,-0.934695176319473,793,835
15.9457339785688,13.0361401952103,0.848460002305367,0.983174925881716,1.00690962514107,0.0449014906248147,0.3,90,0.01,15.8262470570982,0.01,-0.00352094553035038,0.00574418282950733,3.93651376918992,-3.09273105136143,794,836
16.7747535953037,12.9073523215913,0.83416398919468,0.994089151991012,0.995491796672787,0.0581109357248211,0.3,90,0.01,15.0876235857767,0.01,-0.00774435075684206,0.00679757040643417,-0.343108803186543,-3.74702452089507,795,837
16.2036589570616,12.7114681526716,0.837801301497633,0.983665602693708,0.991360361149138,0.0241253439920195,0.3,90,0.01,15.6721891592963,0.01,-0.0091453266589855,0.00726620224946038,1.95104449371409,-1.48087238083262,796,838
15.5666954149237,12.3589758476103,0.859713006710115,1.00043687239938,1.00134883779782,0.0342131314030243,0.3,90,0.01,14.1968555347091,0.01,0.00860274460350535,0.00900459801203659,-0.678582326407181,3.40261047261665,797,839
15.9923639851467,13.4269753439097,0.861105853773498,1.00399040441627,0.994152621889044,0.0547941776461596,0.3,90,0.01,14.9785926092074,0.01,0.000374668841837218,-0.00372860975315971,-0.42671357053497,3.80435941242373,798,840
15.2924975060959,13.863866762454,0.849942956020342,0.999628222487566,1.00678322929136,0.0435004893650791,0.3,90,0.01,15.5613666746729,0.01,-0.00306627757403046,-0.00691151573763209,-4.94809190643193,-2.24107548392324,799,841
16.0913594311668,13.6102534698311,0.838085623701768,0.994543957410317,0.99667888086569,0.0380723867389849,0.3,90,0.01,14.9535667949146,0.01,0.00476576038340669,-0.00819475653994754,0.0133647301992994,1.27169152268002,800,842
16.0122035182932,13.1696022119064,0.868737987982238,0.991063766911688,0.990569003950942,0.0370392988073165,0.3,90,0.01,15.9097650292881,0.01,-0.00228403890668621,-0.00653029823474078,-0.0893948311917256,-1.97341656035096,801,843
15.4350810756524,13.3591418003258,0.845182255729175,0.981385795373805,0.992422959617215,0.0307968526750326,0.3,90,0.01,15.3744461619254,0.01,-0.000387849279842567,0.00147172932150649,-2.82358454606701,2.52929141033184,802,844
16.9908969878629,13.1300442936229,0.855389166763232,0.986117830392701,1.00164799431388,0.0246797256545324,0.3,90,0.01,15.5458675977126,0.01,-0.00815137715814656,0.00570055023990563,-4.49174069915676,-2.11063946019235,803,845
16.904174862042,13.1162890070687,0.867780468344786,0.999344396156041,1.00177189090382,0.0555789757004104,0.3,90,0.01,15.0660410992257,0.01,0.00238907222405234,0.00706882630228717,4.62573590858235,4.95577672973919,804,846
16.9165521265711,13.2894042111782,0.852006943143428,1.01867720718508,0.994390087317749,0.0220679316267032,0.3,90,0.01,15.934765654607,0.01,-0.00879008844239968,0.00754417060997417,-4.11609474529702,4.35230940614874,805,847
16.9212107120193,12.6472665030709,0.857792261928386,0.985506605348608,0.994940094286944,0.0430775066062729,0.3,90,0.01,14.0828357572518,0.01,-0.00952339580646831,-0.00631629054858601,-4.59212684024241,3.90351943413578,806,848
16.9003731276685,12.2318939195758,0.8401225617868,0.985903008954416,0.997812755904344,0.0262802952149306,0.3,90,0.01,14.9666262125611,0.01,-0.000768711893358594,0.00811949189231449,-0.346127292269212,-2.43896636100254,807,849
15.6421480231702,12.9908800344647,0.845450177406809,0.982047884091201,0.998037794188414,0.0456932750169019,0.3,90,0.01,14.0703600230016,0.01,0.00672428460940966,-0.000822650649143501,0.419131062352482,3.37302884271254,808,850
16.0428951768593,12.7584054649639,0.834331265340859,0.985631576777286,1.00330569873794,0.0540250379136069,0.3,90,0.01,15.4130264340198,0.01,0.00540461306100966,-0.00344307128448011,-3.3731271602756,0.719297532273297,809,851
16.205237576082,12.4886960454448,0.851745371618608,0.99700050930319,1.00007593363213,0.0477360544578725,0.3,90,0.01,14.9058662152396,0.01,0.00469323907697382,0.00128836333267113,-3.13502097778237,1.03519740137959,810,852
15.9949770481073,13.5871920813385,0.838139420949988,0.985389208426751,0.991261997266967,0.053759493684474,0.3,90,0.01,14.547437912094,0.01,-0.00910494972634806,0.00406036592706157,1.7621443056744,2.39056881902782,811,853
15.4858846862207,12.7240950522716,0.853293357175648,0.981247773932676,0.9955824675527,0.0250210900463001,0.3,90,0.01,14.4138386069704,0.01,-0.00492540251302032,-0.00341628199853196,-2.70080367525518,4.31981559479306,812,854
16.6153092051493,12.9240125471895,0.832666161905598,1.01699881374894,1.00591708848494,0.0344221791307632,0.3,90,0.01,14.0915821426217,0.01,-0.00822254996994935,-0.00857486709717586,2.70785571856575,2.04826982642642,813,855
15.3033469744879,12.9839531478689,0.859587338912366,1.00700621299755,1.00267398282773,0.02646196470934,0.3,90,0.01,14.4314678898973,0.01,0.0038512730478806,-0.00606349325477807,-1.69671720662035,0.334167426670293,814,856
15.1329428534023,13.5175675860851,0.854906640055302,1.01005428295076,1.00479618668139,0.0305131216886054,0.3,90,0.01,14.6937048268907,0.01,-0.00281905313566743,-0.00105103597041946,-0.857559687424482,4.26725727824857,815,857
15.339442871561,12.2740036509299,0.84444999704061,1.01853947431592,1.00074474118597,0.052144964317781,0.3,90,0.01,15.1168325293169,0.01,-0.000914569836272772,-0.00289666491387364,-2.72877498544131,-3.28448032589246,816,858
16.394125901083,13.889574722863,0.863280396673461,0.985402633024529,1.0087044539893,0.0383742389826232,0.3,90,0.01,14.4610525948725,0.01,-0.00206977312283948,0.00507558555056619,2.37827606736816,2.26717112638415,817,859
15.5399041686688,12.1782531063993,0.866790030169358,1.01263670716999,0.999148086473272,0.0295934766460557,0.3,90,0.01,14.2085818819462,0.01,-0.00975417564914111,-0.00684428872392482,-1.9394805579657,2.6093050312384,818,860
15.8140306971679,12.1625065878443,0.853541350514386,1.00132356330906,1.00050494901719,0.0257473962008191,0.3,90,0.01,15.1532905195376,0.01,0.00865938155724815,-0.00577784286342524,3.57470159904578,-0.231160365434077,819,861
15.8269875073723,13.5280398183938,0.851708070490442,1.01669675824526,1.00268842210121,0.0212943768924963,0.3,90,0.01,15.7682106596952,0.01,-0.00636077668774737,-0.00393756207320515,-2.48341202127883,0.142662440982462,820,862
15.8408731964275,13.0695264471216,0.84725492383937,1.01115631544716,1.00433635018831,0.0545209867766608,0.3,90,0.01,15.6269155668805,0.01,-0.00799556335675477,-0.00072034853403906,0.421643342840139,2.36174461519526,821,863
15.9907860235158,13.1375658981698,0.857312942841459,0.995596475421693,1.00965704683423,0.0480436532783766,0.3,90,0.01,14.9880181403195,0.01,0.0092922509177907,-0.00469849704584055,-0.953310358223417,3.69297746848546,822,864
15.1831769359386,12.8031741083446,0.860872337785511,0.982688884220255,1.00834602918965,0.0250098714115624,0.3,90,0.01,14.6446640570688,0.01,-0.000859449343193333,0.00346937727935813,-1.75246627976383,-1.57517748819329,823,865
16.1124675435041,12.3198092024784,0.856350110439553,0.998595916203848,1.00361312086409,0.0469108636617662,0.3,90,0.01,14.1603180609694,0.01,-0.00823620991268073,-0.00325364375598155,-1.59031776436329,2.57120264514675,824,866
15.7441755785467,13.8236609564797,0.852689920368213,1.01672740753967,0.995230431496027,0.0228853863875815,0.3,90,0.01,14.1201284557129,0.01,-0.000596192549947973,-0.0039041272018909,-2.88455852266242,4.34175717869246,825,867
15.1388670705324,13.3997529022809,0.861892088561985,1.0186289713049,0.992153312292799,0.0521796039940021,0.3,90,0.01,14.5075590345219,0.01,-0.0065193485413881,0.0056944610136438,1.70017923422986,1.24433210926366,826,868
15.2719555979611,13.4275230804348,0.839527599548082,1.00813956524553,0.995571255927364,0.0552346807980477,0.3,90,0.01,15.177826497447,0.01,-0.00662387169165151,-0.00492761985052637,2.19054834329222,0.860358508228344,827,869
15.342466870637,12.7016427559288,0.847423690368294,1.00935143206005,0.990295267416674,0.040713613955441,0.3,90,0.01,14.7182907207803,0.01,0.0079084102700259,-0.00431586300763742,-4.80306045044745,-2.28138692806008,828,870
15.911861627411,12.1989941175127,0.839756105494218,0.989349317384682,1.00737454773569,0.0542963503482288,0.3,90,0.01,15.8196682858364,0.01,-0.000632716977036095,0.00544327932061221,4.72754714846347,1.25393045411783,829,871
15.3028641982617,13.9686379632851,0.869923210139438,1.00351627851573,1.00461596958379,0.0560574929079135,0.3,90,0.01,15.2348158797552,0.01,0.00913206898410023,0.0028978620342211,4.23177587848184,-1.0252490261192,830,872
16.2775189109726,12.9658815904573,0.861725709699703,1.00722136664444,1.0030152945098,0.0253360062630053,0.3,90,0.01,14.7548456703303,0.01,-0.00417208007311311,-0.00620351833144485,0.876741972054913,-2.7773110146761,831,873
16.9330584599588,13.5444431306164,0.855274007481086,0.988944199473281,0.992995782082297,0.0428206075709706,0.3,90,0.01,15.5327626299095,0.01,0.0019248516499566,-0.00766402097590861,0.574607998519294,0.188709757320799,832,874
15.3490838502447,12.4032765495602,0.855161660626134,0.984610863960865,0.991771160876766,0.0237459793669704,0.3,90,0.01,14.3051730232626,0.01,0.00807189616647512,-0.00445360617952864,3.9441633907356,4.44873097807643,833,875
16.0060383136551,13.4001319364343,0.856999949138174,1.01865908752507,0.990721771458382,0.0495607347476586,0.3,90,0.01,15.5981966449034,0.01,-0.00404158959819863,-0.00560901973380892,4.48326820761863,0.971614178663311,834,876
16.436332322749,12.0098282992549,0.857590972890565,0.999127302080682,0.998814848479571,0.0444250204482485,0.3,90,0.01,15.4497904865804,0.01,-0.0062382100084373,-0.00327511594016611,-2.97642105471087,-1.30311577140184,835,877
15.1008022795181,12.9356197776331,0.853815900235863,1.0046907963834,1.00778048714273,0.0233885713124402,0.3,90,0.01,15.7028228462964,0.01,-0.00466697461671187,-0.0081896282262738,-3.80468301082368,4.33809070372014,836,878
16.3753824470595,13.3107352916895,0.856779905263445,0.984329725552084,0.997948121110933,0.0550040489492529,0.3,90,0.01,15.1242267799202,0.01,0.00464293978251683,-0.000454690083820646,-3.25753613849629,-0.5425311552597,837,879
15.2858272186579,13.3682678514016,0.840086094524555,0.990820139085956,1.00995193061185,0.0267267043039806,0.3,90,0.01,15.2466358400183,0.01,0.00777096465563268,0.00920626120217599,-3.99311689933346,-0.990679320223488,838,880
16.7060443363652,13.7471073399904,0.866688966342103,0.986804697229944,1.00830190582766,0.0588082127097684,0.3,90,0.01,14.3411391727409,0.01,0.00345192808662047,-0.00892642740973944,-3.87756256493041,-0.568598435534513,839,881
15.9822350864248,12.3335178006798,0.864033492373542,1.01579630461534,0.996238044483542,0.0345130750150625,0.3,90,0.01,15.5169199101938,0.01,0.00161249812238105,-0.000296339238955666,3.22029642775327,4.626033632617,840,882
16.9133944572218,12.7405060926865,0.850865566508756,1.01913687252865,0.99409061431517,0.0571119475930791,0.3,90,0.01,15.6204778503508,0.01,0.00503959429277256,0.00633372598267877,-4.64569632187913,-1.81744935864438,841,883
16.4537202842595,13.1907426051673,0.847402380781995,0.991255099237849,0.99316433051111,0.0548956451023037,0.3,90,0.01,14.6054240603567,0.01,-0.00349930236835204,0.00213129140032181,-3.14115380468778,-3.45364985808382,842,884
16.3730838459632,12.4498747375732,0.867023182536912,0.981484491518172,0.991556979290001,0.0511303864945532,0.3,90,0.01,14.8915057396444,0.01,-0.00192858926875565,0.00162131485454071,-1.71831145796457,-4.71858252188805,843,885
15.7813776281305,12.4941374629077,0.842239458510599,1.01998258145042,0.997070206999303,0.032407357028168,0.3,90,0.01,15.4375797531545,0.01,0.00603599018877197,0.00606628931106538,1.95549308120083,-0.73142328252746,844,886
16.0377378343799,13.9163856946629,0.866472821690587,1.01086489071186,1.00673871679074,0.0382841606282856,0.3,90,0.01,14.2747664602835,0.01,0.00560091824084455,0.00481180399656289,3.42995154733491,4.54947203891673,845,887
16.5849913155188,12.0796428330108,0.844326487973159,0.992726362418549,1.00857167991005,0.0397695653397715,0.3,90,0.01,15.4730585760637,0.01,0.000688707017681679,-0.00479275974389974,4.81126608256923,-4.04011154930039,846,888
15.9792886805609,12.7355720350681,0.851686308758194,1.01712125405645,0.990453932378971,0.0374476327870142,0.3,90,0.01,14.1225124792671,0.01,-0.00762281635164563,-0.00637473486851348,-0.11543130956052,-0.30462062237029,847,889
16.82662087363,12.9054045854809,0.864195141188766,0.98184670198027,0.995373655167661,0.0274081958169745,0.3,90,0.01,14.380437877888,0.01,-0.00397601463274339,-0.00112691535683524,3.61148785462431,-0.533922323226477,848,890
15.5279218343642,12.335821382623,0.834804928088677,0.985744841240042,0.998160894732669,0.0331670827386204,0.3,90,0.01,14.5484581486673,0.01,-0.00507237283717837,-0.00826107324491421,3.44474044063949,0.503268103969711,849,891
16.526733720174,13.4661784086392,0.855948320171936,1.00499422791131,0.997594426927934,0.0475307894624927,0.3,90,0.01,14.9949647880235,0.01,-0.00326648904195283,-0.00916213381250552,4.18821282130349,-4.60609675048613,850,892
16.1872576127792,13.0055221942863,0.84298105801125,1.00021743261516,1.0023035518617,0.0442276508845678,0.3,90,0.01,15.4417543525819,0.01,-0.00630499708968112,0.0020080543589304,-2.42638379694472,1.91954769902692,851,893
15.2558348170441,12.810814929079,0.842857941088366,1.01334252492816,0.994750425978365,0.0549519682688783,0.3,90,0.01,15.6354290655807,0.01,0.00959081398497582,0.00966375564757076,2.66305661994637,4.96314898891249,852,894
16.757159298769,13.5123313053852,0.849760656910334,1.00175711819452,0.991702914570161,0.0418594361650462,0.3,90,0.01,15.4332293422901,0.01,0.00820406041034092,-0.00861852313396838,-1.39088920635167,1.42806239146491,853,895
15.8561607909752,12.1577009159535,0.851603339256515,1.01017526211276,1.00746101381185,0.0224685341587723,0.3,90,0.01,14.4182116099632,0.01,-0.000684121012216767,-0.000764889577971863,1.23301910468095,-4.29745136623838,854,896
16.7633966457191,13.9793447988016,0.848551988984409,0.992251739681167,1.0096090313624,0.0465692650102167,0.3,90,0.01,15.3825352642365,0.01,-0.00851719013124576,0.00514301262035995,1.210187526721,0.945753375308592,855,897
16.0933723325823,13.3803245910959,0.861661978608668,0.992840191410969,0.997688896610969,0.0568657160876187,0.3,90,0.01,15.499115154568,0.01,0.0085166871847586,-0.00321500419362906,1.53833281993325,0.403228558378621,856,898
15.6826044943851,13.8941899219887,0.852284078192206,1.00319468647978,0.996739513913874,0.0514451222357768,0.3,90,0.01,14.1931228502215,0.01,-0.00904571585049462,0.00363250202826518,2.18885035849716,2.15479415949348,857,899
16.7999469305834,13.5555790475629,0.865726533782588,0.987242232609527,1.00720002545911,0.0598771806508601,0.3,90,0.01,15.0332242431,0.01,-0.00240222697958133,0.00813252102864579,-3.89326098863316,-0.861152044092145,858,900
16.6574133867274,12.0293143442661,0.849654399554735,1.0009350974652,0.998532606002499,0.0367655361387214,0.3,90,0.01,15.714896489035,0.01,-0.00386353167182919,-0.00769862699062454,2.01482698708691,2.39621985788838,859,901
15.2282727037946,12.5779391524638,0.840403606907052,1.00778699172991,0.998682386426363,0.0306664405821986,0.3,90,0.01,15.4943357120702,0.01,-0.00668556936962262,-0.00429542035214647,-4.17534753758743,-3.14825527014182,860,902
15.4463105641984,13.2193983603985,0.868015880323474,0.99180189678166,1.00431361540663,0.0216577483661417,0.3,90,0.01,15.3296579300956,0.01,0.00624106360181203,0.00173808688573623,-3.35926636925748,0.423385686039377,861,903
15.8307723683524,12.1737617473437,0.841059805421413,1.01735059296278,1.0069996458851,0.0428955172872036,0.3,90,0.01,14.9615164098557,0.01,-0.000584717542411167,0.00483081616157876,-1.80129580949597,4.55769636747664,862,904
16.5968900995857,12.6768652723832,0.86293409095636,1.00315915187415,0.990223149508481,0.0471642515757874,0.3,90,0.01,15.1235031717591,0.01,-0.000516411763046684,0.0084793550187775,1.98336315912515,-2.1045880438388,863,905
16.5630256707008,13.7616560449401,0.839651085892197,0.987738218728866,1.00066109163537,0.0294768804502059,0.3,90,0.01,15.2041183490153,0.01,0.00468106686860318,0.00618820560019777,4.23764498066954,-2.90659935917228,864,906
16.5058331786314,13.7007347512852,0.859838956718999,1.0194091682824,1.00300474413614,0.024560352497225,0.3,90,0.01,15.8328537714581,0.01,0.00955280074132889,0.00730792173293033,-4.95535240531945,1.90435920555525,865,907
16.1052877977692,12.3040852800459,0.842738605816161,1.0043159756551,0.994213619008698,0.0412192116162462,0.3,90,0.01,14.4787434708927,0.01,-0.00838876244330203,-0.000900954441704535,-0.223003058303513,2.06984585280237,866,908
15.5345461974328,13.6910241023044,0.861435837944013,0.994270062125199,1.0006902220577,0.0508066132704597,0.3,90,0.01,14.6644418748901,0.01,-0.00533496380745163,-0.00744479714788932,-4.03945199569908,-3.64533483095822,867,909
15.216604896908,13.6501355440616,0.842059992526493,0.983126740595656,1.00158896796005,0.0232704310537875,0.3,90,0.01,15.3301616746833,0.01,0.00788023840348163,-0.0021259482122817,-3.34820564363459,-1.46346018289143,868,910
16.3806477546984,12.6825969077232,0.843641949516413,0.996236285384375,0.990783801582621,0.0369349137038475,0.3,90,0.01,15.9126201883534,0.01,0.00735676695203489,0.00532758287082702,-2.25975033474111,3.94107812797157,869,911
16.5444334596389,12.0574470321644,0.84330788570997,0.984525869062895,1.00229416264398,0.0511037555038445,0.3,90,0.01,15.4277860255961,0.01,0.00539954200256872,-0.00627562546518479,3.37877437654529,0.357370605093674,870,912
16.8366592140836,13.518023745632,0.852807785580919,0.993699747019395,0.991409466221018,0.0423098022362673,0.3,90,0.01,14.8464136830441,0.01,-0.00130650449402937,0.00533274093148488,2.79227811277079,0.777466806740583,871,913
16.3415920713911,12.5869175097117,0.838372218998481,1.00014438098594,1.00877658550873,0.0559172851899209,0.3,90,0.01,15.2896316769332,0.01,-0.00393811349089967,0.00308892937736418,4.78613175601908,-2.01707932934518,872,914
16.6050815467749,13.8336550790763,0.845273397711347,0.981019159786943,1.00219265888127,0.03863132678869,0.3,90,0.01,15.9651804887971,0.01,0.00175893289929181,-0.00752088495218376,2.43682852992908,2.62955280546108,873,915
15.366352189034,13.5094421292332,0.832819736082517,0.992168418351332,1.00087362525079,0.0427289336746852,0.3,90,0.01,14.6129842780531,0.01,0.00343395117307178,0.00549109224946414,-1.42801485039162,-0.261224086872883,874,916
15.5517250576346,13.3137396744188,0.866994753770277,1.01423713890879,0.997617058907303,0.0291324568772399,0.3,90,0.01,15.4247802409509,0.01,0.00638153414639865,0.00647924506432099,-3.55629658712275,-2.01034140539615,875,917
15.023244339435,13.0881267957417,0.864536139081705,1.0111184871573,0.997098574925705,0.0558990373592035,0.3,90,0.01,14.5116670067715,0.01,-0.00384399202301975,0.00667909635961372,-2.16022117345545,-3.08255119788101,876,918
16.906445765935,13.3402724210768,0.850343204534271,1.01402574863859,1.00166617295849,0.0241839322034281,0.3,90,0.01,14.3662567578996,0.01,-0.00756171464675662,0.00505703297826679,4.42039417850353,-0.43553497498033,877,919
16.7616620906683,12.90051664028,0.862629070808477,1.01651740806933,1.00836180912443,0.0260619471283144,0.3,90,0.01,14.602221229369,0.01,0.00168819677583878,-0.00950907896565115,3.62388176299623,4.91210620299362,878,920
15.8280215521138,13.2746579859191,0.855227902371468,1.01034942673475,1.00068443244457,0.033913209912078,0.3,90,0.01,15.5061530558602,0.01,0.00279608988097499,-0.00527760476403408,-3.16124224275699,3.77170692409808,879,921
16.4475462883437,12.8110565846983,0.865895747369379,1.00922238231265,1.00667508427371,0.0433898967485512,0.3,90,0.01,14.9417144084183,0.01,0.0058684553776262,-0.00968805555548141,-2.73216814648301,1.07984722641625,880,922
16.4896436273321,12.4953964504712,0.861806884429087,1.00064575049597,1.00794831100873,0.0461329943997351,0.3,90,0.01,14.1685780404242,0.01,0.00202368034734805,0.00210091966147884,-0.0640871323849366,-3.21752362832572,881,923
15.7997064335016,13.9676936527134,0.851351941469763,0.995438143263847,0.997788190064109,0.0280706888615374,0.3,90,0.01,14.6308566123661,0.01,0.0063993078151048,0.00630898478544893,2.16267840752994,2.26089846800763,882,924
16.276789518716,13.1811864078448,0.841919764048264,0.995113759705127,0.999044767380954,0.0451962012763968,0.3,90,0.01,14.2849794665501,0.01,-0.00621692809745421,-6.88574102697664e-05,0.247960948627146,3.19360111701109,883,925
16.1819292533666,12.6673573378797,0.844051230373609,1.01682156620206,1.00585564243604,0.047102613196855,0.3,90,0.01,15.2310938697463,0.01,0.00377952978826454,-0.00756561579569195,-3.03746488193624,-2.32589087621281,884,926
16.820204519805,13.8087473294896,0.868047598721996,1.00835465205257,0.993498923204164,0.049250493592275,0.3,90,0.01,14.6295982752635,0.01,0.00048748320300771,-0.00799974527687841,1.03196807010103,4.30738108831205,885,927
15.1119354912275,13.6110607626788,0.838927602943422,0.999699898430081,0.991383190433834,0.0241670311997839,0.3,90,0.01,15.8127416883774,0.01,0.00587003410422877,0.00814222861515853,-0.738151659757664,-0.981098992082845,886,928
16.9346795151758,13.2032363146437,0.857046301113838,0.989662892308111,0.993246144853886,0.0445030926946725,0.3,90,0.01,14.9164841628965,0.01,-0.00658533292804964,0.00855998574636311,1.02266737684672,-3.77144707860342,887,929
16.6874831185789,12.5001787582595,0.849458526060332,0.99287079210269,0.998846096636377,0.0485187647590031,0.3,90,0.01,14.2977833391249,0.01,-0.00738139258951773,0.00326217094871772,1.70670974520247,3.42462552893298,888,930
16.2178462571405,12.0100648741958,0.831865555380825,0.992946347344654,0.996930836249853,0.0284331315519442,0.3,90,0.01,15.3833895936886,0.01,0.00597475253292488,0.00464703899436915,-3.37903480537403,-0.905745450226342,889,931
16.1359098890528,12.5357906576748,0.843735358413284,0.980513407965931,0.991600431088952,0.0219118059810314,0.3,90,0.01,14.4895460090456,0.01,0.0048412556145052,0.00465307938066064,3.90407233153426,-2.66391956966623,890,932
16.3908865961927,13.6184163674457,0.835473832677594,0.990275046669111,1.00793256724462,0.0522344981040714,0.3,90,0.01,15.716244969857,0.01,0.00455769651084116,0.00659240869646569,2.36772572542754,-2.60975120484159,891,933
16.9115718370202,13.6411596682987,0.85755848232102,0.991034411965279,1.00425219623694,0.0581838147601373,0.3,90,0.01,15.3247226873254,0.01,0.00196358612252131,0.00367908680873571,-4.77563551160131,4.58237832258807,892,934
16.4230310338276,12.3937438846103,0.852874706530157,0.986092983080502,0.999886273577087,0.028535648299016,0.3,90,0.01,15.1463543041346,0.01,-0.00450857788014467,0.00138896102456698,-2.60592178075788,-0.377008674469666,893,935
15.9541190240629,12.9457249103512,0.862585536229867,0.998469641894668,1.00350977136081,0.0571667765432312,0.3,90,0.01,15.326719594479,0.01,-0.00218359239934337,0.00185177480983526,0.653065158121385,1.18108633345309,894,936
15.7495761115699,12.8058705072617,0.864916708229338,1.00084232476272,0.992108484446475,0.0535626296499318,0.3,90,0.01,14.1297599368543,0.01,0.00838759327018067,0.00562037975585672,-1.24936005509248,-1.01733680402477,895,937
15.8453132097468,13.316033463921,0.860501021928367,0.984544295932864,1.00943572906533,0.0347756261042046,0.3,90,0.01,15.3958120650532,0.01,-0.00788874652264811,-0.000643198737672473,3.97387749773006,-3.82936995682368,896,938
16.487937999374,13.2295922319198,0.840658525740544,1.00018964002722,1.00745575834962,0.0434469067136604,0.3,90,0.01,14.6461423646006,0.01,-0.00389797224005777,-0.0069995937522198,-1.8068518280897,3.68273089211281,897,939
16.304919245026,13.387650565121,0.851940137879045,0.994536544612925,0.991571791225745,0.0425582405275526,0.3,90,0.01,14.8679959869747,0.01,-0.00674386933043109,0.00469261085408404,-1.16072786552181,2.95300867759399,898,940
15.1134246799523,12.156673873147,0.844701878023563,0.980891235528888,0.99295350320586,0.0588642160707005,0.3,90,0.01,14.8358285088375,0.01,0.00109450378479494,-0.00601302609969687,-3.48109973421753,3.07005340272971,899,941
15.1675418404164,12.0644417163124,0.848191910083925,0.981279529494235,0.995510345046781,0.0559842715647688,0.3,90,0.01,15.9818196004625,0.01,0.000767964699900613,-0.00807459623797032,3.06434840671797,4.45174914298826,900,942
15.7085193109597,13.3222025117352,0.862300800613267,0.988908344317452,0.998821037016436,0.0498982406148202,0.3,90,0.01,15.1915275297108,0.01,0.00387953090548265,0.00780801886266779,1.8665573794633,-2.48251623967397,901,943
15.4482024266276,12.462685228587,0.848978286710438,1.01935243247111,0.995702060246239,0.0569634543661741,0.3,90,0.01,14.1149115463614,0.01,-0.00530277625519574,0.00765958726864371,-3.30022682260532,1.60313225281044,902,944
16.7823766497656,12.880575570139,0.851433250924139,1.01456503838038,1.00140194227802,0.0247981794679352,0.3,90,0.01,14.5022753199753,0.01,-0.00524002416929511,-0.000916656795422861,-4.90093754831983,-1.90633802048685,903,945
15.5792068238668,12.2632957664578,0.857820655577432,1.00338258533821,1.00841146142833,0.0434606411573588,0.3,90,0.01,15.9633964478476,0.01,0.000266996365711425,0.00803690806996776,-4.06065026833361,-2.26274621832338,904,946
15.2911366582327,12.5041220920585,0.840293098127324,1.01191937078907,1.00916876019314,0.0487044773925666,0.3,90,0.01,14.0524465011375,0.01,-0.00679418396875578,0.00378785760900504,1.04760041856707,-2.95242446687307,905,947
15.8921961608294,13.4020784601947,0.833577512124529,0.986201393779138,1.00002876035386,0.0253447859010546,0.3,90,0.01,15.0713092250877,0.01,0.00612779843648754,-0.00011511986866021,1.37851657445984,2.43217829601932,906,948
15.9286003031456,13.6839967284344,0.860618182170778,0.982665718845,1.00156853751901,0.0256038327678187,0.3,90,0.01,15.2948492187439,0.01,0.00637040360089321,-0.000264093281514352,-3.60246405397716,-1.60811192542342,907,949
15.2149636037379,12.6296191593725,0.847608132189254,0.981912146979924,0.99916293617065,0.0511677973296164,0.3,90,0.01,15.1178609120544,0.01,0.00436836113664003,-0.0084563784066761,2.24122822243935,0.93322172999847,908,950
15.3832519147527,13.8602940180079,0.863543887782747,0.982514099561845,0.99465122006808,0.0415206995473386,0.3,90,0.01,15.6086585103815,0.01,0.00675767219612565,-0.00730357516941942,2.24761546505279,-0.5297132865983,909,951
15.6235172410087,12.9639374847411,0.842755595525185,1.00508633884384,0.996279952690324,0.0578631951239672,0.3,90,0.01,14.3362238360776,0.01,0.00474774715080674,0.00956140838810319,1.56374559861863,4.71767782347598,910,952
15.3100896512005,13.2734610382444,0.841415057335307,0.991119139710446,0.991548717200719,0.0592060609733852,0.3,90,0.01,15.9373830393079,0.01,-0.00443216629392978,-0.00784604537694627,-2.84710809462729,1.60817798591962,911,953
16.8825711019009,13.4131812458736,0.832736635454365,0.993088117169593,0.993385124647793,0.0594262482498047,0.3,90,0.01,15.8924569452683,0.01,-0.001902050650573,-0.00102304636624801,4.90565952908685,2.0075705946572,912,954
16.0768970910261,13.5019519701039,0.846014213206696,1.01855569024314,0.994462318643334,0.0271825947902481,0.3,90,0.01,14.0585678074597,0.01,-0.00275258559396766,0.00578437943753481,-4.49790132871169,1.87678290955652,913,955
16.8357668044318,13.1521151400909,0.863641675802004,0.982073071632199,0.994186349847158,0.0292607535070178,0.3,90,0.01,14.9971859690561,0.01,0.00226061215742511,-0.00292773921654162,3.93130368393267,0.462776942159678,914,956
15.9160758672942,13.0449410760245,0.837622600658096,1.00651213247308,1.00501017938927,0.0575384142060175,0.3,90,0.01,14.6487042040126,0.01,-0.0018827192441152,0.00996078360670195,2.14815298720537,3.64430251892042,915,957
15.7839138730494,13.022691217832,0.849323766062254,1.0173725670374,0.995317819312029,0.0319958576831452,0.3,90,0.01,15.016080369313,0.01,-0.00744360313211864,-0.00244885236637343,1.51891861651241,0.468368743328378,916,958
16.2492159399378,13.993233451121,0.834971915083094,0.998364670971192,1.00446259496744,0.0270532032267282,0.3,90,0.01,14.2704862874864,0.01,0.00658816087342159,0.00223551702118932,3.89988503497257,4.0087420870327,917,959
15.4491720315509,12.9131635172711,0.869710923259499,0.996650219735422,0.994137119694515,0.0335154440737987,0.3,90,0.01,15.7806386620984,0.01,-0.000623899538136732,0.009285864278448,3.50451896815558,-1.66819070879214,918,960
16.1575231551433,13.568142394261,0.86819900132868,0.99871184108297,0.996281484186951,0.0437130927612907,0.3,90,0.01,15.3671213172425,0.01,-0.00707350970300345,-0.00911000327391299,-1.73691086663121,-1.41303836427545,919,961
16.3338206295403,13.0716418335995,0.832799235716186,0.990010030397789,1.00803509380757,0.0218537331278489,0.3,90,0.01,15.9708704977154,0.01,-0.0048007149476499,0.00774340107610715,-2.82653443525809,-3.33324918485627,920,962
15.6387931685796,13.8648182518477,0.849883431458482,0.995807531677996,0.995156721220128,0.0389123854490715,0.3,90,0.01,14.4997553899849,0.01,-0.00878708769080922,0.00361705735921816,1.31899185896351,-3.55833098730557,921,963
15.2479076378766,12.9531908686436,0.838868609782996,0.99952976956587,1.00838265290931,0.0416517975103139,0.3,90,0.01,15.8357862890021,0.01,-0.00123608598182981,-0.00955966063342578,-4.1018058796958,-0.782724343806232,922,964
15.3321179342488,12.4840821099996,0.859502855424023,1.00414583792358,1.00053825683078,0.0203588195329366,0.3,90,0.01,15.7566202995792,0.01,0.00576522086841941,0.00809667256357891,4.28033720995741,-1.92631114568146,923,965
15.6659533113064,12.767881559346,0.8671470983162,0.982826008863829,1.00829650490749,0.0545758110584136,0.3,90,0.01,14.871238052346,0.01,-0.00596262184265631,0.00358775433192113,2.65919326453832,-2.27451278701375,924,966
16.2720223291493,12.6910461282235,0.832416629254898,0.98474925660748,1.00620790381233,0.052704206850882,0.3,90,0.01,14.0660389703148,0.01,-0.00239070536888821,-0.00994875061367009,3.26747836132969,4.98641652188473,925,967
15.1170423823569,12.1310339349464,0.862540050823918,0.980220833861475,1.00518921799062,0.046613735493022,0.3,90,0.01,14.6865793767883,0.01,0.00969000928272557,0.00432779462117877,-4.52651179008477,-0.963447777747177,926,968
15.2890711365576,12.8743945475677,0.836651555876029,0.981423795709024,0.991900322919813,0.0457534820112651,0.3,90,0.01,15.0256801834599,0.01,-0.00287477251126949,-0.00365739843028664,-4.45704703269275,0.902248952320078,927,969
15.871678304541,13.6295734495864,0.839502172177442,0.984311522331634,0.992684294795889,0.0493203227894415,0.3,90,0.01,14.1875440730263,0.01,-0.00178886960565034,-0.00116255540930524,-1.53032175558044,-0.0509141189554256,928,970
16.7774551288785,12.2356046263047,0.866730242733405,1.00750354039532,1.00873899866947,0.0354900848046978,0.3,90,0.01,14.2583992406133,0.01,-0.00881798844962785,0.00441540674076666,1.16079555990244,3.59247379365085,929,971
16.1804061498841,12.2919839586501,0.841264499144167,1.00156979713909,1.00145220205241,0.0554706534713068,0.3,90,0.01,15.3083281391222,0.01,-0.00305447549333449,-0.004041861302804,3.53380912821905,1.59579975364563,930,972
16.238270182723,12.3438900698799,0.830356466641364,0.984620292801815,0.996407418031225,0.0446694631821859,0.3,90,0.01,15.6955201655183,0.01,0.00677893083076027,-0.000960625364889271,-4.94246614142617,2.45840454543901,931,973
15.5146818452278,13.2805659769007,0.845620766459957,0.989261610275372,0.997638679073867,0.025796782511254,0.3,90,0.01,15.8082086088006,0.01,-0.00760588923464509,-0.00364827195147695,-4.99323036881745,-4.48867062176458,932,974
16.3891187098679,13.1181535193842,0.855730099667778,1.01348547982283,0.992005348841078,0.0317662824617623,0.3,90,0.01,15.4464668649076,0.01,0.00124655159522207,0.00242060357320968,3.13820294853942,3.1784171969573,933,975
16.2374309776315,13.5546285507651,0.861577241144193,0.986855225806121,0.992966631545478,0.0327101327112212,0.3,90,0.01,14.3121405783839,0.01,0.000908184843807025,0.00423017529589311,-2.07773995081875,-0.216397881074155,934,976
16.4118800775262,13.9436900377827,0.840809107358908,0.983605231613668,0.993254789009331,0.056549129081507,0.3,90,0.01,15.1153062559396,0.01,0.00549493438644885,0.00145368170924057,3.92309232613036,-2.44499342714059,935,977
15.5974843527015,13.9261813586678,0.866661094137923,0.990150214356316,0.999586102839746,0.025086739686155,0.3,90,0.01,14.4358613435212,0.01,-0.00189082445181187,-0.00328640689336871,-4.98353286121385,2.4806098840894,936,978
16.7156218186432,12.7655499629627,0.849553507184075,0.992068566956156,0.994822237437094,0.0495882140210188,0.3,90,0.01,14.2027636182813,0.01,-0.00383369862360189,0.00118563119880869,4.40846177909834,-4.33319779394241,937,979
16.6563936174291,13.1115110704522,0.85664226442849,0.982397354298879,0.993513534240201,0.0494884997519322,0.3,90,0.01,14.4307876580258,0.01,0.00558013657895119,-0.00965863167839744,4.43157425723689,1.49198804063236,938,980
16.2014411242256,12.7214860438561,0.869961624260506,1.01584108877754,1.00921025717571,0.037341930121026,0.3,90,0.01,14.5627280239379,0.01,0.00326536723250972,0.00273138273515452,-4.62832649484689,-2.02458411971035,939,981
15.907283018625,13.1947006793024,0.836275479851003,0.993454599587652,1.00312498117459,0.0226714099021925,0.3,90,0.01,14.9813858650779,0.01,0.00435575014468137,0.007690578313612,-1.50767250822186,2.57524908131033,940,982
16.5891590063481,12.2466144906294,0.848397502389942,1.01394646832798,0.991580514600239,0.0489157407345633,0.3,90,0.01,14.8768962467034,0.01,0.00970035426700391,-0.00290362169886473,0.231287534510857,2.2934455761519,941,983
15.9195086785758,13.718521682918,0.846838399793631,1.01766021928559,0.990614569101675,0.0549634705483032,0.3,90,0.01,14.6613037224722,0.01,0.00423672650050196,0.00246775361282259,-1.39579726203389,3.86790871982857,942,984
15.9854700889034,13.7373740224484,0.836682686838591,1.00683364277232,1.00305469319586,0.0348005024710381,0.3,90,0.01,14.5093413641632,0.01,0.00882942255816996,-0.00497995698334825,1.85273991737705,-3.34556829948149,943,985
16.5730975249042,13.9455517816537,0.856606356880036,1.00008170595726,1.00110599607812,0.0203285956336101,0.3,90,0.01,14.9751779164257,0.01,-0.00934945798906077,-0.00305765741903243,-0.55238505040328,-4.6005074693095,944,986
16.1643482313064,13.9578790482975,0.869434287447508,0.986594445588788,0.998177801995816,0.0390658092226187,0.3,90,0.01,14.3965625567681,0.01,-0.00966510471828506,-0.00680339667947489,1.97487011349062,2.72555886527757,945,987
16.1836964553839,12.9890061514944,0.834721752142753,0.998781026423125,0.990695754782684,0.049354996483856,0.3,90,0.01,14.8329213709146,0.01,-0.00959996265930277,-0.00522335995762917,1.49686852282452,2.97149383009209,946,988
15.2134130328148,12.3058388052102,0.853651357772285,1.00531861813622,0.994647227161607,0.0517411744354332,0.3,90,0.01,14.7146258718148,0.01,-0.00183004816568652,-0.000588319120539282,1.30428447076107,0.048511928099674,947,989
15.0408910887749,12.1794153290139,0.846270944124317,1.01819757846963,1.0060665554927,0.041270711218141,0.3,90,0.01,15.141368117592,0.01,-0.00563686926720337,0.00374980943317462,0.0520781770078482,1.88865138914958,948,990
16.7626701424694,13.9194258292031,0.845153857137264,1.00637942092816,1.00067589420114,0.0544284696743237,0.3,90,0.01,14.6747569804591,0.01,-0.00311996154588036,-0.00508377041177962,-0.0168885807153369,-2.31597047954261,949,991
16.9508450255129,13.6031490432996,0.848096314273909,0.992882383088907,1.00507486816334,0.023999948784378,0.3,90,0.01,14.1339331686635,0.01,0.00355892935958684,-0.009006374395238,1.85708060707158,-3.85992862962478,950,992
16.3182651752887,12.5668813801607,0.831512293162808,0.988454881067639,0.994194279529127,0.0548521517118021,0.3,90,0.01,14.2159578357426,0.01,0.00616987692732654,-0.001177694497423,-2.58639863715422,-2.91085015319219,951,993
15.3514112619026,12.2622610006251,0.836847851464897,0.983106547889933,1.0048044821627,0.0266119124254779,0.3,90,0.01,14.9769052309734,0.01,0.00189980954860504,-0.00923014130726495,3.81641918990884,-1.21235912852624,952,994
16.7284504331443,12.5425366152679,0.839877180942336,1.01837495967879,1.00091606165943,0.0532769887384985,0.3,90,0.01,15.1582054374159,0.01,-0.00985429949872726,-0.00632660489434238,4.73976103325516,-2.73644648611924,953,995
15.198571863225,13.245390980398,0.842426211661801,0.989502754860976,0.991512988734987,0.0271656562298397,0.3,90,0.01,15.7455161027933,0.01,-0.00955847721884062,0.00555040465409452,1.27617713161182,0.759600605294379,954,996
15.4242565220692,13.4764069877062,0.844580555018835,0.997622384531839,0.995861757611261,0.024507818006448,0.3,90,0.01,15.1640438057804,0.01,0.00911243140114056,0.00292140894374917,-2.45580556101837,0.742920088089169,955,997
16.378736065639,12.4010527521022,0.855114896374294,1.0124483129058,0.995124678267415,0.0203758907143266,0.3,90,0.01,15.1442650053185,0.01,-0.00741172649815848,-0.00907165838156758,3.10725215911319,3.56864796968226,956,998
16.120594756805,12.0078214587425,0.842017375439655,1.00878349150074,0.99265300146072,0.0484173359462462,0.3,90,0.01,14.1653704310044,0.01,-0.000759667918608084,0.00320083059377337,-0.672749086418692,2.82888873460858,957,999
15.6760303076048,12.7833272113077,0.831551776031579,1.00049774324479,1.00365520566269,0.0550833455787234,0.3,90,0.01,14.4064937422477,0.01,0.0029568134236144,0.00179784250541102,1.41336343219687,-4.18424695194421,958,1000
16.3080105431628,13.6213441932009,0.834536317459506,0.993539060065868,1.00421981373744,0.0588906395522105,0.3,90,0.01,14.8650798027177,0.01,0.00835286000436442,0.00844761961396271,3.62583209571374,4.16026503185691,959,1001
16.7668713532336,13.8015630493917,0.856535093902198,0.998514987235305,0.998062903636014,0.0309646227508995,0.3,90,0.01,15.7612924274424,0.01,0.00135071909485604,-0.00681582725222507,-3.00075273947964,-0.194167007024761,960,1002
15.0173554264354,13.3943724676726,0.832744317717222,0.982316291565331,1.0087548490817,0.0510308420263986,0.3,90,0.01,14.7799837680284,0.01,-0.00439138312664527,-0.000382380066103376,-0.99068637659593,-0.819546154025171,961,1003
15.205682157797,13.6559914591047,0.86886014907291,1.01809703640985,0.99478062207968,0.0202797170909058,0.3,90,0.01,15.9944529700847,0.01,-0.00451749033264101,0.00254291868430458,3.97608054501314,-1.55261630586177,962,1004
16.5117878088216,13.2415829124314,0.848995972266953,0.987943867170494,1.00337167739106,0.0237869673129696,0.3,90,0.01,15.7311664740172,0.01,0.00937815425158655,0.00221031052440225,4.57670713751546,-2.5455917763633,963,1005
16.6682404663505,13.9157124044488,0.865852731898707,0.982458256376401,0.991184895159384,0.0401688351958217,0.3,90,0.01,14.4361209044757,0.01,-0.00264943335199795,0.00502679085826373,3.46047569590108,-1.71155969388859,964,1006
16.2241179163412,12.3545216720089,0.85622079533585,0.983878366182249,1.00626616488783,0.0378938138633481,0.3,90,0.01,14.0086282168681,0.01,-0.00853005425560677,-0.00672182365117833,-0.684690386126436,1.6883382723601,965,1007
16.8497172624907,13.4054035760803,0.845508343349492,0.9923590776044,0.990868436134309,0.0263604880446627,0.3,90,0.01,14.992664613884,0.01,-0.0075999313367914,-0.00703373524270676,-2.08683631591114,4.90681070346062,966,1008
15.0924760758336,12.3638190345341,0.864769875646331,0.998237982522153,1.00618556615618,0.0481904988252412,0.3,90,0.01,14.3327074379951,0.01,0.00646514941354442,0.0069406949824717,-0.66408056080645,-2.72407104962979,967,1009
16.0148747376132,12.5844658700162,0.858618988257923,0.983775134516169,0.990476592184278,0.0557284526103526,0.3,90,0.01,14.174158199732,0.01,-0.00437285586500472,-0.00628655099916758,3.3382224205731,-4.64068079930949,968,1010
16.8448095069093,13.4507010893373,0.853428546458693,1.01429605824527,1.00020669516311,0.0563990863127528,0.3,90,0.01,15.3818423138058,0.01,0.00742099353365916,0.00180005524893465,-3.47423720372889,0.750252572589888,969,1011
15.2638475173029,12.4830427724852,0.833626293417389,1.01396081464946,0.992168125305414,0.0455308266267671,0.3,90,0.01,15.6370420125147,0.01,-0.0068255878898338,-0.00827224593845155,-2.16927978777255,2.94461835975595,970,1012
15.8087632176846,12.5816534047469,0.861214059807979,0.998685937434624,1.00309817458184,0.0348726103908445,0.3,90,0.01,15.2634042574662,0.01,-0.00874251798865009,0.00439397718005558,1.22856397677157,-3.96729954101099,971,1013
15.6203476987585,13.7334262307476,0.867411548135279,1.01124798350235,0.991671573978405,0.0520958985540802,0.3,90,0.01,15.6112596182792,0.01,-0.00304800628177061,0.000950805350258356,-4.31792163853805,-2.44923124055038,972,1014
15.3189441086824,12.9308791362797,0.838321127192858,0.996396716682977,0.999718843199411,0.0297775544268779,0.3,90,0.01,15.4086417632928,0.01,0.000836100459004301,0.00190934059059016,1.35999165818728,4.70598795018034,973,1015
16.5232559863614,13.3900565695507,0.83527337148929,1.0098689261656,1.00489544366316,0.0362939364213761,0.3,90,0.01,15.5261346142167,0.01,0.00195897097331096,-0.00797001404463964,2.03604239510626,-4.91423071521429,974,1016
15.6502238712738,12.0470744751501,0.868158578921635,1.00634960871282,1.0078922154536,0.0416750488274044,0.3,90,0.01,14.1302804846239,0.01,-0.000657993141888852,-0.00182159885169156,-2.27322476860051,4.89224346043188,975,1017
15.6886838927063,13.2363891611046,0.861352144160963,0.997911630983038,0.99352737997063,0.0506999013433194,0.3,90,0.01,14.5332752529967,0.01,-0.00648829467483488,-0.00728253209395108,0.501899078928567,2.36948714495759,976,1018
15.898737880265,12.8245214518319,0.865920402232361,1.00535366982308,1.00987079488904,0.033702336930955,0.3,90,0.01,15.4977139516715,0.01,0.00957400544110318,0.00756030913603687,-4.04974476441862,-0.72128988719075,977,1019
16.8520912962485,12.6883077604984,0.866290930035258,1.01010132310263,0.995000742979174,0.0572789442148797,0.3,90,0.01,15.7950073707041,0.01,-0.00991981000404575,-0.00348677354317689,2.01775891615361,2.1374409004503,978,1020
16.700271783587,13.3645580949386,0.862466794919921,0.984677894767173,0.999534651568117,0.0263943427318583,0.3,90,0.01,14.6432024902245,0.01,0.00819487624941132,-0.00656266301983509,4.85464624767588,3.92101185362729,979,1021
15.3203013685556,13.3382245694454,0.838194988040997,1.00357310657926,0.993899650834125,0.0357441891886159,0.3,90,0.01,14.1982545287683,0.01,0.00780635994563235,-0.0019947366343695,-3.82409814522837,3.96481945745316,980,1022
16.0190526022724,12.4189043660793,0.856140587540099,1.00198262168989,1.00763621394914,0.0421616991205762,0.3,90,0.01,15.7220244427228,0.01,0.004496241006088,-0.0020405221044393,-0.412150931494945,4.39183523598333,981,1023
15.0828931909711,12.8951598055981,0.844015676452307,1.01667821517584,0.995189613786751,0.0388029865419021,0.3,90,0.01,14.475344918905,0.01,0.000581525037698358,-0.000628253713690508,3.05495583991892,-2.26929876012336,982,1024
15.4335916069595,13.3752163268192,0.866659299698919,1.00250836751637,0.99489364095397,0.0325503717909597,0.3,90,0.01,15.0175472072691,0.01,-0.00793901899392547,0.00583055850321958,-3.10305867149806,-0.135560300258134,983,1025
16.7864524465807,12.7685905353377,0.830742255131369,1.01917979149741,0.995948536973648,0.0428695483186432,0.3,90,0.01,14.6785831420169,0.01,-0.00124744803920376,0.00519205449196438,3.45296143683753,-3.84950733207572,984,1026
16.6398018236365,12.1854139209109,0.858331501473035,1.00164291973663,1.0098240254593,0.0285111022829026,0.3,90,0.01,14.7249485469992,0.01,0.00413999025816445,-0.0057454169844913,-4.21169116150457,2.79928597649392,985,1027
16.2698211034349,12.8364881331755,0.838827472264811,0.988478334292872,0.993698066148719,0.0452998355715183,0.3,90,0.01,15.1049568276853,0.01,-0.00325309846920382,0.00478670132147201,-2.36153164117603,-3.33620328166664,986,1028
16.4918688940917,12.2524148132245,0.832463150345498,0.998098436084118,0.998019993964633,0.0450407078723741,0.3,90,0.01,14.7708138040771,0.01,0.00635323182278067,-0.00229554875924193,4.95869753636001,-4.89581305819375,987,1029
15.7591465659594,12.3017569171941,0.865107773604735,1.01275231180446,0.994071452035128,0.0244594515759953,0.3,90,0.01,14.0699035540005,0.01,-0.00300827923780543,0.00262616881088799,-3.73534605211505,-1.43321986793589,988,1030
15.4577146576178,12.452446033183,0.866239238231286,0.999286046530356,0.998282393884083,0.0593213600979149,0.3,90,0.01,14.4371641254868,0.01,-0.00250559005750465,-0.00736431352348949,0.100678573583983,0.451745847362112,989,1031
15.1741338489879,12.120957747352,0.832962135943833,1.00901988434418,1.00125221934971,0.0222289426098112,0.3,90,0.01,15.6740171908066,0.01,-0.00295715152584086,0.00268409743928302,-3.14691535969982,2.98880602341235,990,1032
16.0900804583148,12.3132898159815,0.831333978623342,0.983826149091997,0.992290260530711,0.0212653924618007,0.3,90,0.01,14.4473780050344,0.01,0.00471693884763475,0.000630289254977141,-1.82858880455165,-3.5322588699363,991,1033
15.7828974066346,12.8592096793994,0.841085339896855,1.00707231401893,0.992731948214939,0.0383184651932612,0.3,90,0.01,15.3376492751724,0.01,-0.00448483915517609,-0.00299707489355956,2.85046166439192,-4.25338827811752,992,1034
16.8299550211181,13.2851043737252,0.850522321530717,0.982587252748549,1.00128945824585,0.0276499427061933,0.3,90,0.01,15.5053477770653,0.01,0.00755813006012031,0.00112181001187454,2.65127873832769,-0.522943028667665,993,1035
16.1691692268913,13.9908031825815,0.853024601368837,0.99633792498823,1.00073338493903,0.0514840989207644,0.3,90,0.01,14.0532912427295,0.01,0.000216966831212981,0.00377062204469998,-0.28939870084605,-4.86927674712554,994,1036
16.7194150454245,12.7923948871869,0.851921393356376,0.985716675776952,0.999223805925699,0.0413852587241966,0.3,90,0.01,14.5377941401609,0.01,0.00184615737891625,0.00686410717176413,-3.12774221924804,2.08604376594643,995,1037
15.3005863076869,13.0992971108307,0.832659919368503,1.00854770679221,1.00111040941038,0.0271369088115804,0.3,90,0.01,14.7306845877427,0.01,-0.00489628481596221,0.00287264166759723,1.26235466921181,0.0681281812009402,996,1038
15.175979025944,12.4047889780281,0.844147863270707,0.991196016922973,0.995690620979472,0.0402418486886602,0.3,90,0.01,14.6758734855393,0.01,-0.000795899546866602,-0.0030032054170178,-4.68756437797797,3.33678365723184,997,1039
16.1795310871417,13.3422708600339,0.862348804816922,0.986978529767991,0.999403555139278,0.0394798815958506,0.3,90,0.01,15.7629553910631,0.01,0.00129558499768608,-0.00174477696237573,3.36654081057508,-1.05905182092106,998,1040
15.4871863137727,12.6032856551555,0.835423391001665,1.01057234489244,0.999767689439104,0.0442187944568437,0.3,90,0.01,14.743687807579,0.01,2.42904228193175e-05,-0.000859305279022055,-1.61372436960001,-2.71698268124063,999,1041
16.3436581243527,13.0535350925026,0.869839098711916,1.00686154981773,1.00650774250438,0.0389399490975188,0.3,90,0.01,14.5831926282531,0.01,-0.00222267802691401,0.000749135819340671,2.18272332886643,-3.13265726036209,1000,1042
16.5376623934582,13.1860336217213,0.832004906635176,1.01514761171408,0.996724499912588,0.0394305860933621,0.3,90,0.01,15.66420745352,0.01,0.00486941941032912,-0.00419917070979481,-0.0242665614833406,-4.42452850035359,1001,1043
16.6861355308708,12.3770872669658,0.84763245437009,0.998155394813787,1.00279310793998,0.0439051773779311,0.3,90,0.01,14.2734430029813,0.01,0.00744885666318118,0.00627242190839411,-1.96312274442491,1.89487963762361,1002,1044
15.8101379297329,13.799930536238,0.845314655366914,0.986713313012833,0.990542534209469,0.0336464224164678,0.3,90,0.01,15.4924878191444,0.01,-0.00559752669110331,0.00272426231461629,1.86145910288947,0.295667492669915,1003,1045
15.9527615712214,13.2932833612006,0.841164194668468,0.996155918033019,1.00806027434175,0.0265294185832995,0.3,90,0.01,15.3855074554089,0.01,0.00159698388736167,-0.00775399415058347,1.18988244660351,1.69457681996004,1004,1046
15.8220607249569,12.0309318852432,0.852172437577904,0.993963688488165,1.0041175379502,0.0474992288566354,0.3,90,0.01,15.5805898573414,0.01,0.00710993560683934,-0.00825785006996529,2.33499130927485,-3.73466049255423,1005,1047
16.9109693694167,12.9991711444712,0.831228656647585,1.00368923128661,1.00731810250142,0.0255367968511804,0.3,90,0.01,15.2821337408374,0.01,-0.00248475240399221,0.00729029035101502,-1.90048063707334,-0.617391128265467,1006,1048
15.7500280521398,13.1920571471562,0.848028731372904,1.01873674169516,1.00059768740787,0.0505681150263447,0.3,90,0.01,14.8107460841715,0.01,-0.00212114739388667,0.0079510007729776,-1.9471069174115,-3.07012992498154,1007,1049
15.5057396905687,12.165545685404,0.869748155770068,1.00519323553448,0.997703736934003,0.0429398422364319,0.3,90,0.01,15.7175631263107,0.01,0.00010829401964545,-0.00946447328710182,-4.41557943026535,1.68109868020306,1008,1050
16.2181069963934,13.1834021012813,0.836334619690634,0.99844866348742,1.00184248477249,0.03918223726966,0.3,90,0.01,15.3758269105359,0.01,0.00747737764293725,0.0042489122102892,-2.43251056868027,-4.30689109927457,1009,1051
15.2206328635852,13.7855952997994,0.8560962880117,0.980173245529711,0.991240161459242,0.046642978210689,0.3,90,0.01,15.1325837434616,0.01,0.00989874516459105,-0.000632710437775675,0.901772342898398,1.16372193125658,1010,1052
16.5513219917527,13.9237329180425,0.83643090261244,1.01120747157651,0.991294927710199,0.0505066127776053,0.3,90,0.01,15.9442618689959,0.01,-0.00735613804302479,0.00779499498753867,3.46767725991884,-4.77910326985112,1011,1053
15.6512423696209,12.8183130901968,0.864071148240036,1.0056846449844,0.994432013822243,0.0428598567852885,0.3,90,0.01,14.2212962194374,0.01,0.00818424641711167,-0.00298512371161437,0.284894503507516,-2.16696493860367,1012,1054
15.2395906144248,13.7642879582618,0.832933444057772,1.01266690435263,0.99214057666954,0.0450611536444402,0.3,90,0.01,15.9395074779256,0.01,0.00991177542773276,0.00357606086859356,2.68474438639755,-3.10168319849598,1013,1055
15.3705742031012,12.9875863299986,0.857251575171161,0.99746926240073,1.0046052145469,0.0408621636338232,0.3,90,0.01,14.2268921113279,0.01,0.00308947352241505,-0.00745284045951139,4.67947973658757,-0.608970662547631,1014,1056
16.8026508042269,13.8381791683821,0.839859200121753,0.997895898664433,0.996857107842064,0.0493750814757888,0.3,90,0.01,14.5731999636055,0.01,0.00487507219086678,-0.00555220627975708,2.62887315973808,-1.19336047626575,1015,1057
16.46884936693,12.9034201588035,0.85069778690716,0.986136661558381,1.00202912998491,0.0216838704066578,0.3,90,0.01,15.0452856153083,0.01,-0.00350429888683406,0.00790252404925528,-3.98203634526489,-4.53017199021778,1016,1058
15.2585177201299,12.093995861388,0.851196759865683,0.997831104128857,0.992122897319043,0.0230929916813981,0.3,90,0.01,15.4635895932397,0.01,0.00878131137880829,0.00575739655220087,4.18176689560562,-4.49574343978874,1017,1059
16.7588779088786,13.3727316388202,0.838635904333032,1.01671760773735,1.00329745846316,0.0572029241584498,0.3,90,0.01,15.0076475457034,0.01,0.00924747864551417,0.00936135057284121,3.0989854140308,-3.50417805070735,1018,1060
16.264128352446,13.4394978138386,0.865718935159322,0.990334123737105,1.00058171513952,0.0458926272650444,0.3,90,0.01,15.6477709269879,0.01,0.00230214615091521,0.0020739902611653,4.21547582610964,-3.0767830614168,1019,1061
16.3165904073238,12.4515297489383,0.837223617893897,1.00484915929115,0.999978206078715,0.0519761666813041,0.3,90,0.01,15.6863361088309,0.01,-0.00907052120639979,-0.00296363630774148,2.06695284787069,-1.60034342513731,1020,1062
15.9480108674822,13.3450461926327,0.851499320903817,1.01471303705252,1.00204327383636,0.0218794487374698,0.3,90,0.01,14.7746859503405,0.01,-0.000862107715296274,-0.00776383076415078,-1.68377960962792,4.1875524863178,1021,1063
15.6838433043884,13.0946495779527,0.855703013781839,1.00819129422358,1.00076044708591,0.0261859938526457,0.3,90,0.01,15.454417508937,0.01,-0.00812872731522815,0.00744551342962195,2.42393368671317,1.64332047868324,1022,1064
16.1312064421286,12.0338706911103,0.831722290371365,1.00716221388084,1.00742008310322,0.0346668326525796,0.3,90,0.01,14.2315735809645,0.01,0.00187762759150156,0.00604679402869226,-3.43852731391002,-4.97487183514958,1023,1065
15.0060791143143,13.854644747035,0.857740334663979,0.99375428716838,0.995460977784214,0.0435854110264713,0.3,90,0.01,15.2918440098014,0.01,0.00595619964808643,-0.0021405442004851,2.74387516038125,0.59945749922568,1024,1066
16.0811162569435,12.8624712708264,0.851776190124634,0.990983319439717,1.00638419142461,0.0382425638138205,0.3,90,0.01,15.9500529196364,0.01,0.00300250306520379,-0.00563031725807421,-1.34555518695546,-2.80664780136909,1025,1067
16.0789489521167,12.2847020293378,0.857033516735289,1.01256560655103,0.998377382231644,0.0459993271496323,0.3,90,0.01,15.508426482186,0.01,0.00299676514271435,0.00392077689364462,2.44909957867503,-4.24547546812097,1026,1068
15.4085840889015,13.2275981194132,0.859808628072888,0.986787225876,1.00714731594251,0.0558197214661079,0.3,90,0.01,14.083943317814,0.01,0.0025506814679998,-0.00972174450704104,4.55735510958199,2.09066118934774,1027,1069
16.8078131522163,12.9068332101507,0.83043826368086,1.00440272487106,1.00993020620404,0.0246153204236593,0.3,90,0.01,14.9348137965224,0.01,-0.000241943572424876,-0.00202501220665491,-1.46319893406949,1.1179698500347,1028,1070
16.597567227308,12.4216670000017,0.844225880753928,1.00078248353885,0.997468008937297,0.0227468646736586,0.3,90,0.01,14.6997809256184,0.01,-0.00293271500684507,-0.00970531738637945,4.30170057873549,4.0501021554953,1029,1071
15.3335582573374,13.628992472713,0.847970041875264,0.997744000019643,1.00131890437912,0.0273601189279844,0.3,90,0.01,15.7547562397959,0.01,0.00163700107651777,0.00577789626078464,-3.97691075528116,-4.23988243805811,1030,1072
16.7873563380028,13.5234226048695,0.841579931248121,0.993482476820466,1.00160572433873,0.0549120296905083,0.3,90,0.01,14.7161957216624,0.01,-0.00640614633758302,-0.00113497873922829,2.85561630498826,-2.12532457566269,1031,1073
16.6037753274974,12.5452354510843,0.864480074436767,1.01540377878536,1.00617807485426,0.0303506149684635,0.3,90,0.01,14.2822268045152,0.01,0.00816213867306914,0.00817285113665468,2.96083061971976,-3.67352081161683,1032,1074
15.890533061367,12.5781307232594,0.830071778926266,0.983736073320316,1.00120673032707,0.0567881054122109,0.3,90,0.01,15.6384142954524,0.01,0.00545225323998566,-0.00544031008994299,-4.50756250702749,-1.17733607098438,1033,1075
15.6758742858538,12.9515813966937,0.856666072743763,1.01466663016249,0.993663457240893,0.0217680668876696,0.3,90,0.01,15.6321695782474,0.01,0.00559380844160384,-0.00760025797673435,2.64792525435335,-3.31919867241156,1034,1076
16.0131334313545,12.2887451586649,0.84640012125635,0.983521480082245,0.999919203889385,0.0200179741479847,0.3,90,0.01,15.7827258171905,0.01,-0.00572788218249764,-0.00335922827113774,-4.27600929090395,-4.6605957908643,1035,1077
16.2870168625723,12.6971237245953,0.847801185440609,0.990680496207525,1.00680332857015,0.0283103819383923,0.3,90,0.01,14.6158757712312,0.01,-0.00366062513575704,0.00972195205464263,-2.43968776522562,3.67990468451423,1036,1078
15.2682679622291,13.9338516607765,0.860702810121469,0.982320302606589,1.00498410319744,0.035737515161818,0.3,90,0.01,15.5448964575632,0.01,0.00687011239124801,-0.0039142303516785,0.0251353799172342,-3.80304378575455,1037,1079
16.7525125578375,13.3190423282038,0.84259456983699,0.986543090694026,0.992384071564504,0.0279729482424855,0.3,90,0.01,15.3393200969133,0.01,0.00985338098739688,0.00917276116270156,-2.51950629345846,0.568724665436864,1038,1080
16.6370639346255,12.5733410996073,0.831673665863717,0.985058704868971,0.998122265578013,0.0424561684706996,0.3,90,0.01,14.2290051887649,0.01,-0.00931293954242511,0.00877760824897222,-3.7244534265649,-4.38723908385685,1039,1081
16.7488541383457,12.2696799094216,0.850472909447971,0.990452927198664,1.00459428366948,0.0307313059656531,0.3,90,0.01,15.2190519386253,0.01,0.00212524731563318,-0.00309456210895582,-4.89987531760749,1.38872451343858,1040,1082
15.1286582227255,12.8984367306165,0.839799145637708,1.00629095429953,1.00266163902418,0.0398984831655601,0.3,90,0.01,15.7836891238383,0.01,-0.0050407143387249,0.00638927024947163,0.0760616071452489,0.965076340972482,1041,1083
16.4703185657837,12.0409429393067,0.869893487849778,0.986731314433253,0.996795534279071,0.0356082572741251,0.3,90,0.01,15.7032664616664,0.01,-0.00554443246615753,0.00969610749786955,-3.75546054346736,-1.43859248029593,1042,1084
16.456280869882,13.3890542332774,0.866395713129525,0.9886101656241,1.00057683394334,0.0291920397135945,0.3,90,0.01,15.4284535571083,0.01,-0.000836622154145374,0.00111657750408797,-1.79720330184499,-3.98705952390287,1043,1085
16.2393121788328,12.2257981238967,0.848620880527914,0.998629130695483,1.00719752002718,0.0467819226251152,0.3,90,0.01,15.1373838440418,0.01,0.00964606547282506,-0.00278418959641979,-0.543982832995836,-2.6419635724258,1044,1086
15.9709919074339,13.1073123300133,0.860085057160105,0.980308545649834,1.00520368507632,0.0576300714987997,0.3,90,0.01,14.543298590372,0.01,0.00568435745922981,0.00334238558157654,-4.43765533144506,-2.69720158532695,1045,1087
16.9644887889856,12.3509228429234,0.842382639666661,1.00236983751325,0.99436141104613,0.033975074990851,0.3,90,0.01,14.6731051797406,0.01,-0.00734072776008384,-0.00986623010623482,2.58866119282055,-3.7248800927545,1046,1088
16.0635228576259,13.8492894481766,0.84074969092807,1.01374444974652,1.00603180840534,0.0226885996376498,0.3,90,0.01,14.8845049300075,0.01,-0.00677193274167788,0.00240754581934215,-0.150079911473745,2.84456195727462,1047,1089
16.4440495823568,13.4529827095916,0.863333048134375,0.995680843589235,0.994858466817463,0.024105033557761,0.3,90,0.01,14.8000567247216,0.01,0.00579317926559577,0.00761669187411539,0.6555553333126,-3.68842306119916,1048,1090
16.5419757948312,13.7178253236079,0.857970874627143,0.9960605859443,0.994728710319769,0.051367358011908,0.3,90,0.01,14.529222521954,0.01,-0.00877509564485192,-0.00552572042727774,1.30997926879696,-4.12293695278302,1049,1091
15.515104262616,13.8077668424427,0.860268960866016,1.00358205092981,1.00464156821288,0.0226215118607385,0.3,90,0.01,14.885699301179,0.01,-0.00369680349504362,-0.00650236688586932,-3.18590426794992,-1.45352673480805,1050,1092
16.0303976018964,13.9956177895155,0.853089832233008,1.01914308955294,0.997625568626977,0.0353119361961013,0.3,90,0.01,15.8020134613513,0.01,-0.000645040792295109,0.00901079441297979,-0.436136516250222,-4.07962233616195,1051,1093
16.9242111625475,13.5331287482832,0.860660360059465,1.01536362810418,1.00894191712019,0.0310370345130682,0.3,90,0.01,15.5682474496977,0.01,-0.00156009046873407,0.00645278971498173,-3.66512693791171,2.22037310793288,1052,1094
15.864839896233,13.23085042898,0.841735305153846,1.01978061266317,1.00428369822897,0.047251864494124,0.3,90,0.01,14.1363652948274,0.01,0.00252549456089957,-0.00673532608249775,-1.81535948685665,1.51281558126202,1053,1095
15.5556771237829,12.6957967852287,0.8677085620544,0.996902167811138,1.0098644041545,0.0499530855303984,0.3,90,0.01,15.7715901427406,0.01,-0.00257502880165136,-0.00603426003238422,-3.32722585064772,0.927403186054338,1054,1096
16.0891841867928,12.1711986901277,0.859168362887293,0.990589618607198,1.0051766112466,0.0353775372824508,0.3,90,0.01,15.2846174332041,0.01,-0.00262674005489184,-0.00271944579124661,4.33430316967662,-4.40283249931358,1055,1097
15.2080064410772,13.732951046778,0.83474292198661,0.987333258940258,0.99719856166508,0.0489282125747516,0.3,90,0.01,14.4431792258142,0.01,-0.00447836992653439,-0.00564977055694708,-0.688507386202654,4.77930576727627,1056,1098
16.2208723840078,12.1814197185448,0.852041251935739,1.00325134719334,0.990531268922459,0.0248594437997774,0.3,90,0.01,14.7765887142115,0.01,-0.00272047809994653,-0.00941799127046719,-1.78411965261809,-1.39925862816128,1057,1099
16.3879278795679,12.1922707804038,0.834677268731884,1.01524214102321,1.00485412525723,0.0522445728847529,0.3,90,0.01,15.8052061034311,0.01,-0.0013724329079554,-0.00724557299933618,1.54488812271426,0.281721892672717,1058,1100
15.4661717910488,13.0130031785022,0.839886090581788,0.992665927724117,1.00180798491223,0.0222798089034501,0.3,90,0.01,15.7414093575549,0.01,0.00198493594673938,-0.00841488506552459,-3.1903888390617,0.244090254490108,1059,1101
16.1666583020617,13.2219280013057,0.831900275854581,0.998971838390132,1.00828407958627,0.0538947360433984,0.3,90,0.01,15.386839175574,0.01,-0.00857765843186486,0.00873570793931945,-0.765987026850745,0.411953327872439,1060,1102
16.001247462499,13.7242165128642,0.846988476725281,1.00011684288184,1.00969834399285,0.0359000272117549,0.3,90,0.01,15.3454444749128,0.01,-0.00902197006642693,-0.00352871338579046,-4.25254439110125,2.38002721459943,1061,1103
15.6256176548662,12.7966548049823,0.851642850594964,0.982228917730519,0.993202771614071,0.0310429190364185,0.3,90,0.01,15.67744064595,0.01,0.00940937480755084,0.00399999900570912,-1.05160345165119,2.92409492532839,1062,1104
15.6920159512882,13.1678084402157,0.840791681771695,1.00996582580904,0.99097171969952,0.0214516177460191,0.3,90,0.01,14.9547102484749,0.01,0.000286140986419207,-0.00190462387112246,-2.10656090384101,-4.89060841126887,1063,1105
15.5752402783893,12.6521267186592,0.85316370775988,1.00959101276425,0.995620657786147,0.0542784824682234,0.3,90,0.01,14.4987547208389,0.01,0.000474977767417761,-0.00167165447067375,-1.97507831818122,-1.04460623155842,1064,1106
16.0617221842151,13.7417107995694,0.833793708131054,0.981507893400499,0.994140040914821,0.0228188184286286,0.3,90,0.01,15.5136128325358,0.01,0.00104418091881656,0.00127173458463459,-1.8969455126527,1.20708039432457,1065,1107
15.0785710614336,12.693789789581,0.866332676294542,0.996247485971368,0.990390625213588,0.0298378411283444,0.3,90,0.01,14.4765871313837,0.01,0.00424587414645152,-0.00447133984044748,4.66273839242823,3.25399432265801,1066,1108
16.1115931751825,12.9470489709727,0.867690072618404,0.99063859038854,0.992450195922228,0.0554561912756662,0.3,90,0.01,15.3842107139699,0.01,-0.000715183327433776,-0.00938682054846175,1.06391968814434,-3.22317839700128,1067,1109
15.2527014708096,12.2218421028052,0.856800493388539,0.995405492590303,0.99831209268169,0.0500368516781897,0.3,90,0.01,14.2551561774152,0.01,0.00861451181938967,-0.00828161884416857,-3.60974249446405,1.4327645753293,1068,1110
15.756409684459,12.9091338905267,0.859201048357315,1.01253821368539,0.998325071063801,0.049726977986992,0.3,90,0.01,14.7981798881013,0.01,-0.000847469024767072,0.00501681774890777,-0.486450222463978,-1.64627335942451,1069,1111
16.2976049551111,13.4984063703382,0.831687252112035,1.01577280972985,1.00142222332047,0.0279113747089063,0.3,90,0.01,14.4820140016322,0.01,0.0039258744145256,0.00967424000345434,1.36365309005261,4.00366243024346,1070,1112
15.2119718080308,13.8273829441658,0.85158306359016,0.987852186659529,0.991230726545435,0.0387652378915248,0.3,90,0.01,14.021186654467,0.01,0.00317952519000217,-0.00997063991226734,-2.37333377340021,0.459821673127585,1071,1113
15.4181186976088,13.2133521982293,0.845107886716912,0.99367432726053,1.00688932683667,0.0534974568994701,0.3,90,0.01,14.4329893499706,0.01,0.00914338413942007,2.18691848942014e-05,-4.26292692719261,4.86093560600543,1072,1114
15.5424528688007,12.5827181030963,0.851215972727485,1.00487670709666,1.00931102170506,0.0586777130675996,0.3,90,0.01,14.982575309053,0.01,0.00572823955996224,0.00975436079257082,-4.8943741171371,-3.68008261257834,1073,1115
15.0463157501201,13.199431027665,0.848897313429398,0.992443487220442,1.00307286033203,0.0419582038437345,0.3,90,0.01,14.5146356622187,0.01,0.00398812243529231,0.00188990998885146,2.05702817120635,-0.339216625767385,1074,1116
16.0347971570926,13.7234261448717,0.866438681437053,0.99507669323333,0.992759939439035,0.0295130022059311,0.3,90,0.01,15.7637463662885,0.01,-0.00618287476621582,0.00768582534467969,-2.68843056663476,3.24887235551417,1075,1117
15.0931134873167,12.7526547224732,0.83711391618891,1.00389801707151,1.00168745757097,0.0278475974774963,0.3,90,0.01,15.8774610622374,0.01,0.00795629713257441,-0.00579359609102153,-4.69101764805945,-0.554926259691358,1076,1118
16.6352764775418,13.7587578043356,0.84533013510236,0.993846121838806,0.990876818682213,0.0414417479198869,0.3,90,0.01,14.7823384534366,0.01,0.00946457540948644,-0.00459384973211579,-4.73835391571119,-4.67905940829614,1077,1119
16.5672643608243,12.975761653558,0.855568136434143,0.985852373636639,1.00729083495272,0.050892257002722,0.3,90,0.01,14.5285159231418,0.01,-0.00438362992898798,0.00959264760201953,3.70645962051058,-4.34504251951772,1078,1120
15.4786129546995,12.6303709510954,0.860793614841237,1.00380052770055,0.992228863461271,0.0467524358996139,0.3,90,0.01,15.861630411025,0.01,-0.0089878679598147,0.00665070504376755,-3.74308143955464,4.07589719556903,1079,1121
15.4149429127668,13.0518882675672,0.839736080003787,0.989813213441828,1.00216985422352,0.0407750802477058,0.3,90,0.01,15.1780070857336,0.01,-0.004997719872423,-0.00424357469742082,2.57588374981097,1.12560122058564,1080,1122
15.8727775019924,13.1932214578578,0.840773726049782,1.00587428616305,1.00466384479545,0.0433460010075385,0.3,90,0.01,15.4758773700032,0.01,0.00432109023663418,-0.00338952227798911,-0.53930624514516,4.76760384024329,1081,1123
15.0380723773174,12.739440912545,0.832862734406534,1.01142340806442,1.00033769592075,0.0201809406916671,0.3,90,0.01,14.2753941243225,0.01,-0.0040593648155617,-0.00869520809246204,4.27103108856347,4.15380088281886,1082,1124
15.6329775249434,13.2466288751977,0.866028306745826,0.987380466536054,0.993647398472953,0.034610133021404,0.3,90,0.01,14.4073657768248,0.01,-0.00290303902712771,0.00611346675861315,2.07043122226714,-1.15783079730182,1083,1125
15.0453520895963,12.3101814888474,0.864844615295536,1.0089340350646,0.999734193711767,0.0207445219237211,0.3,90,0.01,14.632509332474,0.01,-0.000677302303255217,0.00286017050954627,3.47885120778375,3.85542679043636,1084,1126
16.4774468850601,12.6072382110746,0.869866625781156,0.988711881280795,0.997915955177046,0.0227792029307296,0.3,90,0.01,14.8889757103786,0.01,-0.00739689365010364,-0.00613799869141625,-3.81391679984194,0.63914497017805,1085,1127
16.1229783640009,13.1765886818811,0.86177939781603,0.995291903433478,0.998796826626568,0.0513805996666769,0.3,90,0.01,14.3829564385964,0.01,0.0051531635966912,-0.00361538928050056,1.28576209173041,-1.90392998269313,1086,1128
16.9879564992248,13.8880571019446,0.863214485830194,0.983751837482406,0.996635060895597,0.0265773887675994,0.3,90,0.01,15.9960673803211,0.01,0.00622373252885537,0.00509933814036297,4.26999462524069,4.75606080728855,1087,1129
15.0435658564561,12.2650613557061,0.857381840308571,0.984937115054517,1.00900720593749,0.0313159824993746,0.3,90,0.01,15.1453201063212,0.01,-0.00976156589752239,-0.00962926564766589,-3.23796581613453,-3.96173701706822,1088,1130
15.1774071880976,12.8851392265445,0.86151516634135,0.995861323608758,1.00610335410635,0.059749451536146,0.3,90,0.01,14.0029384026935,0.01,0.00994486360428159,-0.00437764399476836,2.27822434886478,-4.74062106201096,1089,1131
16.5807830661577,13.37388229502,0.852978905070223,0.995308854532124,1.00141534472421,0.0347940640240746,0.3,90,0.01,15.3145319248422,0.01,-0.00255045110207339,0.00556617250246182,3.33218684600726,-0.789932516613492,1090,1132
15.6876909458878,12.519205167211,0.850970365728087,1.01518594536027,1.00799709925635,0.0431867397077761,0.3,90,0.01,15.8814145386717,0.01,-0.00126152614234733,-0.00208163979286168,-4.74298476485285,-1.29300339390929,1091,1133
16.9376289348972,13.3975808723941,0.860070212740534,0.994029400466128,1.00744200483262,0.0485408121145571,0.3,90,0.01,14.3316550654339,0.01,0.00803119699738144,0.00106340678912174,4.64873673205099,3.00197798083878,1092,1134
15.0041615261437,12.9699169906563,0.869040872822284,0.998245866760589,0.995106354808415,0.0527240577386785,0.3,90,0.01,15.7280297308971,0.01,-0.00233607780397024,-0.00532317654528724,-0.573703691174966,-2.34763375722616,1093,1135
15.7258132647632,13.1805550086758,0.865571950687754,1.01924696444321,1.00444370921474,0.0553773966538088,0.3,90,0.01,15.6186328728633,0.01,0.000558602045584795,0.00211113422678238,1.54607960374256,3.55388698901234,1094,1136
16.9185926479171,13.9707839092555,0.867884199894214,1.00115249325355,1.00423118886657,0.0326420442144817,0.3,90,0.01,14.0844483918756,0.01,-0.00472887471271698,0.00216093966107025,4.10095802875006,2.52152744786876,1095,1137
16.3935276904459,13.7986489031747,0.857878135717622,0.987894681699632,0.997311673724848,0.0461678961965754,0.3,90,0.01,15.2014053374138,0.01,-0.00543641156802691,-0.00885582894871807,-0.109883926700708,3.36311511440808,1096,1138
15.9347445293627,13.2429548334927,0.839763015442927,0.984420238938743,0.992721406290533,0.0379662176226045,0.3,90,0.01,14.6565579429989,0.01,-0.00370786174043313,-0.00487739562167793,3.49683156363666,-3.6613852247844,1097,1139
15.0111333109413,12.7153714599916,0.865353228084555,1.01823081786038,1.00406247607201,0.0285703564777776,0.3,90,0.01,14.6607311546803,0.01,-0.00252598542815525,-0.000281223376837515,2.56810945033555,-4.7344100597119,1098,1140
15.7031371047219,13.4603825554672,0.831806610236271,1.00354698036339,1.00326336287652,0.0377725653687923,0.3,90,0.01,14.2466746732698,0.01,0.0049290541951636,0.00880647840296488,0.965714123721066,-0.683685485544681,1099,1141
15.0150762055919,13.0937728239979,0.854169347708599,0.988845322913216,0.993278802708628,0.0350428467172391,0.3,90,0.01,15.3134753264592,0.01,-0.00968647438259414,-0.000364909993975763,-2.51488503060311,4.87458663271094,1100,1142
16.9838941083061,12.8550453694293,0.868942048513608,0.986413919341213,1.00358370702534,0.0244949311003094,0.3,90,0.01,15.991880090603,0.01,0.00433754028307058,0.0041406622365745,-4.83765284430916,1.09767152943079,1101,1143
15.1684725492687,13.0659983640539,0.85285122720458,1.01968278090766,1.0027755743851,0.023493672520334,0.3,90,0.01,14.7696345767448,0.01,-0.00580191725890629,0.00160661848235371,-2.59392158203265,0.0049353026349781,1102,1144
16.806058970629,13.8681496804349,0.867552134005617,1.00261565258626,1.00084986067352,0.0358409656591988,0.3,90,0.01,15.2381547617277,0.01,0.00915074216472784,0.00041434987712558,-1.563098074683,-1.52467079028099,1103,1145
16.2957832029439,12.1145212894977,0.854545414715789,1.0193842847964,1.00496674199711,0.0240682866104084,0.3,90,0.01,15.439109660487,0.01,-0.00827779437676307,-0.00649034568879125,1.58795212106861,-0.245287443204167,1104,1146
16.8912114687758,12.9966837296323,0.831106081096829,1.01296154436214,1.00159712200015,0.0580792740274898,0.3,90,0.01,15.0297271925323,0.01,0.00887218282280963,0.00701677629889554,-4.6102297831844,-2.52296287124984,1105,1147
15.6006466417506,13.4653372020146,0.832428742774774,1.00433072866163,0.999640643364898,0.0276174554528397,0.3,90,0.01,15.8625666628993,0.01,0.00771608281693321,-0.00232096659714619,1.02987512944805,-1.47653255122397,1106,1148
15.8368826480543,13.1589207084363,0.83859924569356,1.01008445428631,1.00010542981148,0.0227822275574469,0.3,90,0.01,14.5250309393444,0.01,0.00750904019917423,-0.00516392656016517,-4.54255928175684,1.57217013969094,1107,1149
15.4069652895895,12.353305193456,0.861521963459012,1.00938839862175,0.995551559265133,0.0410452279683032,0.3,90,0.01,15.4181155816768,0.01,0.00950364993640806,0.00641228484958352,3.31637785470935,3.53191275545025,1108,1150
15.669546254272,12.6715477308246,0.856467113737657,0.98227583919632,1.00506237707048,0.0533485851651331,0.3,90,0.01,15.0207091751009,0.01,0.00306498828453708,0.00133484675135954,3.1918655876911,-3.47237696130141,1109,1151
15.8508305074979,12.020228553828,0.852678108467844,0.982001049382261,1.00769739327324,0.0245554334425083,0.3,90,0.01,14.5680986828101,0.01,-0.00753067838035241,0.00553749372131269,0.519140869690236,4.42235530689887,1110,1152
15.3674121020719,12.7738609386838,0.836934056725567,1.01685820015928,1.00635968424198,0.0323863528778606,0.3,90,0.01,15.5926310012642,0.01,-0.00107266967265158,0.00554624739127362,0.167923089118064,-2.7847623258202,1111,1153
16.1978198547434,12.4754023051952,0.84987325882565,0.995049464289653,1.00369344169574,0.0336715203324614,0.3,90,0.01,15.2859179629648,0.01,-0.004347057897762,-0.0052030965570955,-3.70154163148768,4.41525595601184,1112,1154
15.9668730504266,12.8739552353266,0.839294785194831,0.983589486819534,1.00167078976401,0.0416184733455634,0.3,90,0.01,15.9715961318243,0.01,-0.00882184844997136,-0.00547751253745603,4.68203057070837,4.32489911607186,1113,1155
16.6173089990355,12.1476187100031,0.844571588892527,0.987309623229897,0.994842510168357,0.0577343354767987,0.3,90,0.01,14.8196202172169,0.01,-0.00897598164837724,0.00874293716080752,-0.848608877572492,1.49676015141374,1114,1156
16.6287753518994,13.4835963671489,0.859898970232989,0.987137523266447,1.00107501388984,0.0439576633373771,0.3,90,0.01,14.1972341243749,0.01,-0.00540459983722267,0.000808856791285744,-4.61543880388956,-1.09597591919008,1115,1157
16.7383506672088,13.9357746359936,0.863947907753097,0.993782569111124,1.00717095550316,0.0574561689541917,0.3,90,0.01,15.8346883506889,0.01,0.0075200501322334,-0.00186125559025716,4.03450947930474,3.17462841069787,1116,1158
16.397350557864,12.5752740696911,0.843222942962571,1.01769207649289,1.00187894705305,0.0223511363876278,0.3,90,0.01,15.6997246127321,0.01,0.00130249474157859,-0.00989683061187117,1.52301443768422,4.82399884363905,1117,1159
16.0462304105823,13.6399322060829,0.865603839590561,1.01775096199788,0.993799272062047,0.0318076635599043,0.3,90,0.01,15.4326426716237,0.01,0.00986043915368465,0.00843766939275676,-0.320763767195112,3.05909202581766,1118,1160
15.7478526750667,12.0260375081905,0.834895776676347,0.981110208890935,1.0053791344443,0.042066615954791,0.3,90,0.01,15.744720901802,0.01,-0.00143570939791168,0.00628365644249533,1.58331124365168,4.88607339324876,1119,1161
15.545480418282,12.2045509950759,0.867062654498386,0.985204657290434,1.00375441201915,0.0461957780118112,0.3,90,0.01,14.6142613616015,0.01,0.00261357162692739,-0.00301348904107746,-1.55226722822364,2.60016831243698,1120,1162
16.0178525356322,12.035393177577,0.868114689265827,1.0125809231926,1.00387781917247,0.0356469429437492,0.3,90,0.01,15.5040044554353,0.01,0.00374411408753396,-0.00385149391792503,-3.68597829518661,-3.11372020610373,1121,1163
16.1742399615289,12.7991576062646,0.830186038023348,0.989528238108963,0.993929511918643,0.0563436791737735,0.3,90,0.01,14.6908995964496,0.01,-0.00900289287283502,-0.000523318114520544,0.0926314541288384,-2.39459706492695,1122,1164
15.7618236936502,13.4849907167994,0.841301973185729,0.983354150198685,0.999548777313977,0.0289610771271692,0.3,90,0.01,15.4961214124144,0.01,-0.00162700038751101,0.00387366541500544,-3.9054307177182,4.84523291759199,1123,1165
15.0769829621522,12.1120359967599,0.840856064046806,0.986063940463488,0.99504053558874,0.0370921942871809,0.3,90,0.01,14.8733628195661,0.01,-0.00992347713760586,-0.00593888438767593,0.0654643482459818,-4.65737965403745,1124,1166
15.5446290052826,13.3462057426436,0.834985450465109,1.00885348361124,0.996981584762209,0.0476665788566564,0.3,90,0.01,15.2240332101485,0.01,-0.000213355670144955,0.00979323862017824,0.821718661152687,0.267643428109774,1125,1167
16.3261833290964,12.6610527986489,0.869844893868711,0.994239688224648,0.996136840157922,0.0583291285251736,0.3,90,0.01,14.032102451345,0.01,0.0082543217003436,-0.00974034244618649,-0.508600161148686,1.36625571717212,1126,1168
15.262356894936,13.0017627726374,0.866815414243227,0.983361285970215,0.997824385865595,0.0406045853513527,0.3,90,0.01,14.2053816571448,0.01,-0.00865432942537648,-0.0043420615537324,0.784217200384396,-4.88676157466446,1127,1169
16.6102991202865,12.5188723039905,0.841444949639635,1.00933912923866,0.998545764896094,0.0320176204446232,0.3,90,0.01,14.7350052385335,0.01,0.0034698461029693,0.00845781745872843,4.53521685766621,3.30278185275978,1128,1170
15.1314396325343,13.1102199122362,0.852402335545283,1.00178199958474,0.99204764008994,0.0334355501626224,0.3,90,0.01,15.1810227672321,0.01,0.00310954228026616,-0.00658200301026286,3.7206540670828,4.22916789269138,1129,1171
15.7315973510155,13.3071632054151,0.832632954922373,1.01639504540047,1.00968783397777,0.0488845831785058,0.3,90,0.01,15.6252629621957,0.01,0.00626783422855186,0.000870757590814696,-1.37653395404371,-0.665967941816824,1130,1172
16.4065117856378,12.1890087468767,0.834655113007718,1.01663742056097,0.991986496825443,0.0503382928167207,0.3,90,0.01,15.3422574957276,0.01,-0.000336662477349882,0.0017250686467918,-4.13325373246948,-0.170697700872121,1131,1173
16.3359154712693,13.8485686513576,0.8476910837036,1.00291064538662,0.995737314168467,0.0591182873669739,0.3,90,0.01,15.3024761638368,0.01,0.00977319474070285,0.00755278156638962,2.16601096412724,-1.84537857019559,1132,1174
16.3122747379573,12.3452292947389,0.842718118151066,1.00876518039648,1.00963822606599,0.0598570143874747,0.3,90,0.01,14.2191448183366,0.01,-0.0056270055266059,0.00349640519965948,0.355838756719828,0.668290617730635,1133,1175
15.4372638217572,13.0677538521831,0.851893632953389,0.99748895148601,0.992928325653577,0.0468550673374032,0.3,90,0.01,14.1237629657517,0.01,0.00242330530205333,0.0067337924271032,2.37260834208447,2.12181853532155,1134,1176
16.5585603212211,13.7361003734791,0.841807500771802,1.01054907501284,1.00523400718104,0.0386870818665433,0.3,90,0.01,14.3599191468362,0.01,-0.00146579169808147,-0.00815166039430131,-2.12964856574846,-2.4149740789309,1135,1177
15.8919025602581,12.7388574662478,0.838177639076488,1.0136560059094,0.994565541701202,0.0323748938001221,0.3,90,0.01,14.171610021778,0.01,0.0085475905541188,-0.00228587849547605,-2.94907748167172,-0.463316139501357,1136,1178
15.4901554611469,12.6485697902031,0.84187994698906,0.98828625319567,1.00866299039254,0.0595390710519481,0.3,90,0.01,15.0362510166592,0.01,-0.00681890549927618,0.00848583255121068,2.77090752833817,-1.36722976420052,1137,1179
15.7353116392072,13.495630691978,0.838026344214796,1.00589966650848,0.996398276023206,0.0328582892046138,0.3,90,0.01,15.8302574637655,0.01,0.00361725750360788,0.00418416137034938,0.72200488517497,4.17277444610941,1138,1180
15.8057039820632,13.6243590781808,0.845584247078437,0.986455297887122,1.00648051742697,0.0475542961283344,0.3,90,0.01,14.381269723845,0.01,-0.0059016809976604,-0.0076121930374662,3.70033615584863,-1.64138676990818,1139,1181
15.8291576462497,12.980155202688,0.867906168635586,0.996022227332162,0.991668697641772,0.0446973823377626,0.3,90,0.01,15.1313645147167,0.01,0.00330246028077711,-0.00311392312702017,1.25415541089821,-1.28754857350124,1140,1182
15.6140530332291,12.3449678034669,0.850807330781246,1.00576791861275,1.00240423959076,0.0540870831600516,0.3,90,0.01,14.3227628690797,0.01,0.00944291472588807,0.00102925112920482,1.69098377307688,-2.55208599566282,1141,1183
15.5005470825849,13.26959055787,0.869463952234394,1.00136353166084,0.996546109014291,0.0482576214656298,0.3,90,0.01,14.7901578903766,0.01,-0.00831219838150627,-0.00855597672375583,-4.03036577762526,-0.116834681181698,1142,1184
16.2129945366366,13.0988724681222,0.854121272411938,1.00200057649925,0.996463841831101,0.0256951454128166,0.3,90,0.01,15.9110710820506,0.01,-0.00034681487549184,0.00421148186523157,-3.87193411243562,-0.182638479362375,1143,1185
16.912919987994,13.8776503414102,0.854377685555918,0.996406435725513,1.0069547689527,0.0226016215746063,0.3,90,0.01,14.2537205132352,0.01,0.000696969400561156,0.00830518071172174,-0.379719760253781,-3.00119547043662,1144,1186
16.645556034438,12.7822140996435,0.867346803090206,0.997782337931301,1.00181944306007,0.0394934587715539,0.3,90,0.01,14.1527007858551,0.01,0.00953764825506031,-0.00878331977031053,-4.62088754407042,-4.36618172567418,1145,1187
16.7238632339958,12.0439862578236,0.832481241605943,0.982881894885024,0.999689458286747,0.0540656389430461,0.3,90,0.01,15.7434579210705,0.01,-0.00581587779440219,0.000791241472321635,2.68523551599227,-3.76575043154758,1146,1188
15.1200512145545,12.7373792876474,0.866614916783378,0.981020744341826,0.994590378917357,0.0292269743082885,0.3,90,0.01,15.4958995531767,0.01,-0.00771201651331563,-0.00153904354860758,-4.59853439956253,-2.38481905334068,1147,1189
15.6784304261687,13.873308002054,0.836249564876378,1.00599242063811,0.998303052588201,0.0269185950869559,0.3,90,0.01,14.7459576330628,0.01,0.000528114600219065,-0.00595871664601783,-4.53691884703906,0.345493690148807,1148,1190
16.8707038873894,13.3708147716846,0.841472393420203,0.994573477587656,0.996924043286921,0.0579680264414242,0.3,90,0.01,14.0055920571719,0.01,0.00359874158436786,0.00396069239328427,4.99524001936625,1.23982241065139,1149,1191
16.4789313807312,12.4562075764282,0.869728690073507,0.982986150284763,1.00026986539994,0.0333934375066739,0.3,90,0.01,15.7735187291608,0.01,-0.00659163365736245,0.00282464472393501,2.34157990286829,-3.48092840118663,1150,1192
15.621582499186,13.6374833607943,0.858351280054527,1.00110072904893,1.00570051444557,0.0211102314201871,0.3,90,0.01,14.228923069526,0.01,0.000140037479312818,-0.00648530990333912,-2.00998556031911,2.85491361501117,1151,1193
16.2117483650826,12.4454950373505,0.860535161268195,0.984895755135328,0.998020578904757,0.0248987630308964,0.3,90,0.01,15.6271581928157,0.01,-0.000142713466781881,-0.00351522568464657,2.70375830225385,-1.40853062608278,1152,1194
15.4931186128256,13.9859712141841,0.852226739029145,1.00130275453593,1.00734746187008,0.0243565416285921,0.3,90,0.01,14.7443235852881,0.01,0.00482422122040668,-0.00198710362905691,1.28134361188725,0.320711433146097,1153,1195
16.3152758729776,12.1595372663127,0.849372972577727,1.00693452658224,1.00149597722581,0.0586546021435167,0.3,90,0.01,14.45022534029,0.01,-0.00746384078511867,-0.00795374284999885,1.03629554578543,-2.05020508693558,1154,1196
16.1910181035155,12.8799855414457,0.854595863807742,1.0059199450306,0.998552875878966,0.0267621739179464,0.3,90,0.01,15.7237351833695,0.01,-0.000808805969906482,-0.00867131514185284,-4.63706940322989,1.61481409357819,1155,1197
16.1943272164634,12.5566603803459,0.851075193859377,0.981652900048531,0.990423879909172,0.0553090397322172,0.3,90,0.01,15.6009321521779,0.01,-0.00522975356174824,-0.00502701169393846,4.14569772632665,-2.14983624201572,1156,1198
16.7751919473949,13.7770605844406,0.846155005516239,0.999499626663157,0.99805339681251,0.04140420173742,0.3,90,0.01,15.1832430604564,0.01,0.00444748279431819,-0.00358711947829812,-2.89485566552138,-3.61300284729736,1157,1199
15.7394353554536,13.6958671800295,0.858271960157863,1.00960045807386,0.995341732065463,0.0383422416507868,0.3,90,0.01,15.127757572568,0.01,0.001415532324855,-0.00180615835886104,3.06566001935845,-3.59262687152132,1158,1200
15.7916858777291,12.6785736387576,0.866004058779018,0.990473883707482,1.00572893545228,0.0448421818684509,0.3,90,0.01,14.0063109697751,0.01,0.00318272666310876,0.00994354958192758,-1.00651700712581,-4.04676788918037,1159,1201
16.021870622252,12.6721512733684,0.860299057349825,0.984153037984107,1.00130599583877,0.0412461914895657,0.3,90,0.01,15.3433849683596,0.01,0.00325152859358042,0.00662796125758639,-2.92179630119609,1.29652419512359,1160,1202
16.0688597424062,13.9010902189983,0.851376723694157,0.98417766279132,1.00475970547611,0.0484481233823877,0.3,90,0.01,15.6834396439356,0.01,0.00643839053723819,-0.00960721970359921,2.86321749017007,-4.70201005597151,1161,1203
15.1652175855485,13.0269115135037,0.844989168645777,1.00470930021102,0.993398041192122,0.0562205308318821,0.3,90,0.01,14.706390500491,0.01,-0.00491208803360154,0.00916270158492445,3.96476400491589,2.59788967965153,1162,1204
16.8598666764857,13.1516535663974,0.837844685629722,0.989554405194076,0.995163753939699,0.0494551638320724,0.3,90,0.01,14.1340935290787,0.01,-0.00978798044890731,0.0058028680793508,-1.09862385854214,0.658630651596175,1163,1205
15.0986849020063,12.2785060205469,0.869029100242351,0.980900939925358,0.991022050788529,0.0234405440876293,0.3,90,0.01,14.1920535739502,0.01,0.00886750222846587,0.00884273729841481,-0.587087795085633,0.233171754857948,1164,1206
16.1377133499573,12.7128598420639,0.844723835335647,1.00895783944075,1.00630213321333,0.0231349409414261,0.3,90,0.01,15.9042287441858,0.01,-0.00549331738439141,0.0072122408093259,3.7724888913003,4.03965398268792,1165,1207
15.9600884493037,13.9401239637633,0.841183077805902,0.993292351970574,1.00839141276639,0.0469540141143877,0.3,90,0.01,15.8103592766444,0.01,0.00647324176018255,0.00542355537179459,0.706266544343192,-0.441804181067834,1166,1208
15.3744754263621,13.6400094428619,0.85563932001443,0.986660125493711,0.999313827005614,0.0248371613483373,0.3,90,0.01,14.3437957815503,0.01,0.00406599041573783,0.0031063719599166,3.22502800155988,1.85736024385325,1167,1209
15.7684799248224,12.1643472881942,0.858665932687035,0.991697133580023,1.00581860835979,0.0291561885756763,0.3,90,0.01,14.364033684327,0.01,0.00329656297004144,-0.0025550703841527,2.22699970721774,-2.06778926048959,1168,1210
15.9781610715962,13.0975766071673,0.83967678858179,1.01351047326773,1.0034146035811,0.0287417813411117,0.3,90,0.01,14.4054690472831,0.01,-0.00069869305856469,0.000644764206554465,4.84246348511769,-3.4342436053721,1169,1211
16.7018575539836,12.1528209770046,0.853839944134014,1.00805803437953,1.00861978910625,0.0559615826570142,0.3,90,0.01,14.8136411383835,0.01,-0.00685385336342688,0.00426514680295071,-2.0189370801976,2.41939942382236,1170,1212
15.3156655809478,13.9427675060966,0.835713514500431,1.01177633572555,0.998369908231401,0.0551000345824584,0.3,90,0.01,14.1990255376635,0.01,0.00764112350638489,0.000628914913994775,-2.05465344565149,-2.33030475505969,1171,1213
16.3799880696467,13.2548170687675,0.837081451336853,1.00379402660728,1.00588566428821,0.0462582427013114,0.3,90,0.01,15.6454607011157,0.01,-0.00837522230796622,-0.00319378120498691,4.05912563522175,-3.46116148836969,1172,1214
16.7852053430203,12.3495131142585,0.843593727438965,0.998948125726912,0.999007389068014,0.0377084234937086,0.3,90,0.01,15.7999766158486,0.01,0.00115589680711289,0.00503863894967222,-0.491010266322165,4.4066878224223,1173,1215
16.0843878310906,13.9879534712364,0.858625163631163,1.01316798414803,1.00689700165293,0.0218855152870766,0.3,90,0.01,15.053452859853,0.01,-0.00671588859300396,0.00500539984256697,0.536803538516413,-4.94640654332159,1174,1216
15.2018009261478,12.0010113074512,0.855965149506881,1.00926026727156,1.00725208088455,0.0324755198410787,0.3,90,0.01,14.0449248658774,0.01,0.00569339963989727,0.00804310441122019,-3.27171632460559,3.4628215911235,1175,1217
15.0510585873654,12.9708825351135,0.854521909127849,1.0102617287487,0.994711884584374,0.034134623530924,0.3,90,0.01,15.8583778866479,0.01,-0.00179621892740196,-0.00918816620137557,3.47387942360036,-3.78321956623492,1176,1218
15.5413307017589,12.631815053971,0.83415412632989,0.989310971576902,1.00075856886959,0.0237601023484922,0.3,90,0.01,15.3115649551828,0.01,0.00801455897369341,0.00861388271509794,2.7532840857055,0.27665378964902,1177,1219
16.5723492034212,13.7826147827427,0.861381344276973,1.00749485841275,0.990207720688143,0.0485938703074645,0.3,90,0.01,14.2887544866366,0.01,0.00532921066011235,0.00797704251460569,-1.03495658027807,3.64514789110296,1178,1220
16.8676515431763,12.9865664017129,0.842805309844367,1.00412821814365,0.996512631032584,0.0486700556554443,0.3,90,0.01,15.5832743062118,0.01,0.00998637092600342,0.00869406847752501,2.49262124487879,1.57889407481471,1179,1221
15.9571441958795,12.0463222277274,0.850227834170195,1.00654538055937,1.00071334289525,0.054211209778894,0.3,90,0.01,15.751177369873,0.01,-0.00256710420464194,-0.000217676317157748,0.739875451348269,4.29771231385277,1180,1222
16.0447264202808,12.7892724220064,0.86435945231438,1.00950136137496,0.990230263253902,0.0368260119136187,0.3,90,0.01,15.67927518698,0.01,-0.00483267350646907,0.0066853149941307,2.90112471406079,1.33275368699247,1181,1223
15.8542533071296,12.7930629111497,0.842518926230654,1.01006674792172,1.00843158544543,0.0524518485568856,0.3,90,0.01,15.0638275085505,0.01,0.0014633453262583,-0.0034746833592569,1.84997808000547,0.840573588516063,1182,1224
16.8314443837258,12.2008593931041,0.843703644165138,1.01167628076548,1.00550462477999,0.0312388578887564,0.3,90,0.01,15.9161748168867,0.01,-0.00974937573690867,0.00579671155349291,-4.87245121151836,4.78545727891693,1183,1225
15.421661872111,12.2423265362701,0.846624021553907,0.981975161939757,0.994008745085725,0.0508294147182164,0.3,90,0.01,14.2793347429986,0.01,-0.00913037771464125,-0.00127975254423964,2.1315489219594,-4.13094319679794,1184,1226
16.6220981841438,12.8533820670136,0.861175740060134,0.984730868430473,1.00503587554879,0.0229095110090294,0.3,90,0.01,14.8787411783431,0.01,-0.000572752395710707,-0.00366053605084832,-4.96831988659609,2.16180103984998,1185,1227
16.9532561519917,13.448002304486,0.86772798126833,1.0129399003832,1.00887111664982,0.0276333370732186,0.3,90,0.01,14.1084640623793,0.01,0.00154537088622865,0.00930129041160018,3.38960993283416,-2.23242958999064,1186,1228
16.0516282441257,12.0949830615693,0.83690479408303,1.0024596864425,0.990150887485053,0.0496053726071573,0.3,90,0.01,15.3709175453767,0.01,0.00796471274474064,0.00831264821813747,3.1617238392709,3.00927364787043,1187,1229
15.4711220323201,13.6493256411895,0.854656199284487,0.989211864002386,0.993867328398697,0.0504425675151617,0.3,90,0.01,14.4884368928159,0.01,-0.00912152687710266,-0.0051503118213621,0.800969810763323,-2.53673065617567,1188,1230
16.5217023599188,12.1182785146895,0.854204454895767,1.01460998284282,0.991053258544019,0.0580174943113105,0.3,90,0.01,14.0875514899765,0.01,-0.00732128413805806,-0.00484181572502746,-4.81497001038095,-1.54011321750328,1189,1231
16.21625881096,12.5275429398075,0.835252091532245,1.00332606540554,0.995014874507797,0.0338967633260594,0.3,90,0.01,14.2410867372683,0.01,-0.00946328861055242,-0.00110364070328134,-2.89707404063085,-2.35296296686131,1190,1232
16.7454735391826,12.2401065816303,0.844314078835254,0.989004650870865,0.992770249693159,0.0317822630515192,0.3,90,0.01,14.0800926807664,0.01,0.00342794384634591,0.00891100107717009,0.414353095075216,0.952434744105818,1191,1233
16.8327550798821,12.978249220765,0.838509527154726,0.992137382890198,0.99867225713315,0.0459176398569044,0.3,90,0.01,14.4289932384908,0.01,0.00859225955324832,-0.00849877952677202,0.683246160080095,2.88105547307695,1192,1234
16.2286052141252,12.2542168709217,0.856371682491216,1.00473838422423,1.00036034793548,0.0465885578082257,0.3,90,0.01,15.9217841430353,0.01,-0.00362751934257237,0.00199520691326196,0.765165989958223,-0.484512955832034,1193,1235
16.115633840463,13.7669795251273,0.836380854606616,1.00266664927429,0.997543667385117,0.0289407406511638,0.3,90,0.01,14.9205277278671,0.01,0.000542966930558254,0.000941280983169956,2.44028124535331,4.59357693903016,1194,1236
15.9862369457139,13.7043034376806,0.868436925559992,0.988269328235052,0.992892400859341,0.0596367096595711,0.3,90,0.01,15.8935838881962,0.01,-0.00155068723145983,-0.00330052961577642,3.27026240575659,3.87726388023065,1195,1237
16.1684005080897,12.547465996306,0.834920907235313,0.993421270004406,0.991979261009807,0.0461013243805002,0.3,90,0.01,15.0674027931971,0.01,-0.00390996290569631,-0.00838118848534649,-1.50457150159904,-1.15129877743311,1196,1238
16.5590885415164,12.8637419505955,0.831209322684199,1.01655917052859,1.00670511918998,0.0207333541887832,0.3,90,0.01,15.166722655667,0.01,-0.00435878022443736,0.00153183219609329,-2.31976911227368,4.72815956192545,1197,1239
16.7029410946835,13.2757890235639,0.830519870040536,0.994973912762308,1.00103667102164,0.0320796587664463,0.3,90,0.01,14.622770665874,0.01,0.00139279243473395,-0.00456441751090478,-4.44224218524465,-3.65858908555222,1198,1240
16.7957684048113,13.4286311530432,0.835617006792485,0.985559875818456,1.00947668233782,0.0591522944798779,0.3,90,0.01,14.8922686623833,0.01,0.00892631140322912,-0.00104280106975831,-0.188764866954958,2.10710231829364,1199,1241
15.2969437749729,12.103265422771,0.86644029318797,0.989577965997049,0.991109611302737,0.0593785234569556,0.3,90,0.01,15.9452378534809,0.01,-0.004556542987451,-0.00742332512012936,-1.63258003372996,4.31434281668701,1200,1242
16.219937171014,13.7345508078743,0.863065160129796,1.01270941490591,1.00757730898409,0.0569082391251311,0.3,90,0.01,15.4445993146165,0.01,0.00651401512974071,0.00436869543481663,0.302357666668661,-2.45530738223862,1201,1243
15.7779443000105,12.3852206250063,0.845010943816958,1.00956230466604,0.999185562681297,0.0468729874958662,0.3,90,0.01,14.2403683063979,0.01,0.00407874676083148,-0.00944734560927415,-2.42353363784457,-3.3221582327773,1202,1244
16.121885475375,12.220284673599,0.860332389377901,1.017218425054,1.00200215960095,0.0203050223415179,0.3,90,0.01,15.3870126181989,0.01,0.000164822437171315,-0.00735008646131601,-0.780454290967305,-0.760230091694316,1203,1245
15.6953843919753,12.2289792759109,0.835894658204739,0.985800687434586,1.00555861245163,0.0242981864146277,0.3,90,0.01,14.3526853743734,0.01,-0.00442712179043562,0.00805993018878603,1.57757521381774,-2.89705477631339,1204,1246
15.5229220567228,13.5116879091707,0.859036592792575,1.01552185531223,1.00106666680303,0.0593067780334854,0.3,90,0.01,15.4679701884492,0.01,0.00207859356118075,-0.0070255311337676,-1.70755330079135,0.127952079751889,1205,1247
16.9418828177758,13.9515659351992,0.853768662288229,0.980991827071663,0.998903962978264,0.039368989705257,0.3,90,0.01,14.2035074521894,0.01,0.00234911132198086,-0.00814163352801488,2.14141707588005,2.47329474103677,1206,1248
15.3579898395951,13.1091400808904,0.831370765399887,1.01598198522069,0.995938457266998,0.0221462889553246,0.3,90,0.01,14.2995487345725,0.01,-0.00620818843115831,0.00711789933897831,-2.50898610751898,0.0907176042442961,1207,1249
16.9948647074563,12.430309675257,0.832082412710061,1.00276176464175,1.00256052181155,0.0256658169213583,0.3,90,0.01,14.0572872903152,0.01,-0.00294492249012687,0.00166098466680848,-2.67231719057772,1.17879935437078,1208,1250
16.6125322256147,12.7288147544683,0.837825001993113,1.01184066868379,1.00438751109353,0.0352850085199542,0.3,90,0.01,15.9992214699078,0.01,0.000841172798115221,-0.00131569153906028,-3.01451543642459,-1.63851749635331,1209,1251
15.096585667822,13.1744051568022,0.835518516832958,1.01556542750903,0.998776669383851,0.0323365163543712,0.3,90,0.01,14.6687996903487,0.01,0.0099389246121125,-0.0056533633321573,0.146894284533597,1.15016514461665,1210,1252
15.7461809093725,12.7343946185111,0.854278640684851,0.994840922717461,1.00580779180648,0.0297459131191403,0.3,90,0.01,14.7665689015365,0.01,-0.00616059748690516,-0.0095391216684985,4.2780160350877,2.09896653474953,1211,1253
16.7948228706505,12.4438690863476,0.868630447395404,0.990857168064084,1.00970447319006,0.0489715381763151,0.3,90,0.01,14.2930133547472,0.01,-0.00103332511783952,0.00496598545603147,-0.0271027764929315,-2.86928849636175,1212,1254
15.1848803519205,12.9579884100462,0.84996419163945,0.985138097593466,0.997291770771151,0.0556425505829542,0.3,90,0.01,14.8372042410717,0.01,-0.00723222865655698,-0.00956858897466224,-3.97469032196979,1.67230303113944,1213,1255
15.2438856427982,13.1957545655736,0.833076434983299,0.982568079068164,1.00600357341396,0.0240028174622744,0.3,90,0.01,15.4012177083056,0.01,-0.00513450745948041,-0.0015983340979011,2.38956875624791,0.137601081429129,1214,1256
15.4568455905218,13.2593922065225,0.847780825744446,0.989853520619471,0.998132811858738,0.0244154419550214,0.3,90,0.01,14.1722202043555,0.01,-0.0056686866037472,-0.00762181341524216,3.18138236956617,-3.25619800796444,1215,1257
16.6906316616662,13.8179348837285,0.864875397200015,0.983793030137429,1.00212867514669,0.0288028293221566,0.3,90,0.01,15.5668821870908,0.01,-0.00829511666328712,-0.00910547002838525,2.22475347443779,4.65682069311662,1216,1258
15.8765114816608,12.2858785039316,0.854639336526009,1.01272493764859,1.00959197647294,0.058082552221151,0.3,90,0.01,14.2072821661038,0.01,0.00376767064656404,0.00247707708739694,1.39264290473367,-2.87642861290729,1217,1259
16.9555348333244,13.9778752689427,0.836540382828328,1.00041752281012,1.00951119654425,0.0427134126807745,0.3,90,0.01,14.6205378749264,0.01,0.00208185671091323,0.00348079720488518,4.72277394689757,3.8286276564305,1218,1260
16.3994864482092,12.4156710983904,0.831423973353429,1.00383146212203,1.00255276642341,0.0212003708353327,0.3,90,0.01,14.4263885498112,0.01,0.00335690515851758,-0.00323595702766615,0.192008534561396,4.26419385955793,1219,1261
15.5833207956984,13.8798731710009,0.83021530072588,0.997319703912096,1.00702702606585,0.0314878231386467,0.3,90,0.01,14.3038079548941,0.01,-0.00301150236732479,-0.00485327463783298,1.24845028597291,-0.948416778415941,1220,1262
15.1184949952035,13.7010141220187,0.831821302282099,0.992685029719021,0.991563290758199,0.0561668714828694,0.3,90,0.01,14.7783906634036,0.01,0.00776915649545147,-0.0096759452535261,4.70033526226785,-3.67619481542567,1221,1263
16.6993310491632,12.446881984014,0.854693452801538,1.00548269810987,1.00228853542042,0.0429681866539269,0.3,90,0.01,15.1929925878878,0.01,0.00366919070268345,-0.00998258080544382,0.893106229271357,-0.575734096953458,1222,1264
16.6755960097737,12.9363849099605,0.853755929476673,0.983940571567591,0.993837823984996,0.0450143684769978,0.3,90,0.01,14.3386126738401,0.01,0.00751331868297673,-0.00619598340702373,-1.28871948416595,-3.83724769589325,1223,1265
15.7458833261479,13.1401450931736,0.856824055049637,1.00234418985009,0.999691919455865,0.0223618647560044,0.3,90,0.01,15.7600465721143,0.01,-0.00503158016516274,0.00516535407098113,4.17764246931555,2.86133946199032,1224,1266
16.0438569600223,13.1239585311024,0.845700517009514,0.991780678290755,0.994111905281223,0.0405847815278845,0.3,90,0.01,15.0149605310573,0.01,0.00120738404832116,0.00552573501685679,3.5496111858765,-4.75023988506393,1225,1267
15.1874676451301,12.6795704845038,0.834594488384746,1.00657779497206,1.00651237226844,0.0263007212877328,0.3,90,0.01,15.6596839780428,0.01,-0.00688668460969916,0.00863785529246256,3.83597375232318,3.65801013516097,1226,1268
16.6714915031259,13.7315924286174,0.863375992665065,0.982110888365638,0.999578008274955,0.0252938864436927,0.3,90,0.01,14.1700420909982,0.01,-0.000503062755846859,-0.00503290937531771,-1.26522219555661,1.51604303265823,1227,1269
16.2736629217304,12.0387610317531,0.832545915210828,0.998058002655029,0.996247465180149,0.048734776853887,0.3,90,0.01,14.3468964854506,0.01,0.00601275435025111,0.00313057339360031,-0.7606362735788,2.44854491279364,1228,1270
16.8662187812592,13.939685324064,0.865466589854927,1.0033560102826,0.995786065225673,0.0403400758177745,0.3,90,0.01,15.9845338285178,0.01,0.00664510337202426,0.00915969478740833,-4.29007466923157,2.67718311599702,1229,1271
15.8274123724593,13.0425145443747,0.859723615600123,0.992205972950492,0.996368466304295,0.0533746986403643,0.3,90,0.01,14.9178265706435,0.01,-0.00722745633022307,0.00593260453169092,4.5859677372303,3.48973464507244,1230,1272
15.5642318245004,12.1866921121074,0.854250914307828,1.00739476905754,1.00419888604539,0.0529795426401045,0.3,90,0.01,14.9359454055188,0.01,-0.00458211756989442,-0.0069736878714992,-4.01032833251931,-3.63191071990024,1231,1273
15.5849562444986,13.8758267827717,0.854817149026822,1.00321388796525,0.998216013380969,0.0232005992536418,0.3,90,0.01,15.6662757703689,0.01,0.00554536702993268,0.00492183602024503,1.04350672605271,2.9838065317343,1232,1274
16.8833932782459,13.6475962787169,0.865655366684972,1.00644026204951,0.999451461761441,0.0541141859973691,0.3,90,0.01,15.9865932569358,0.01,0.00321533824807337,0.00594961404809359,-3.03387579320928,0.236548160153559,1233,1275
15.3506090008992,13.5596406477583,0.854617794686305,1.01997731506226,0.990812676261005,0.0482769111385772,0.3,90,0.01,15.6563776983599,0.01,0.00384440625514012,0.00771746560269495,4.16121600872384,2.05146792379096,1234,1276
16.9033017552631,13.1355180238449,0.848918889533255,1.00121355912344,1.00038922394476,0.0458102843884853,0.3,90,0.01,14.2485429419327,0.01,0.00593737214034881,0.00986715347315275,2.08475840670737,1.44235237788854,1235,1277
15.1910186239987,13.0835807835043,0.837024181828309,0.986246824845268,1.00940950573474,0.0251155655357412,0.3,90,0.01,14.1318426320185,0.01,-0.00318383631484172,0.00657097046539671,3.98765952045943,0.593380119271963,1236,1278
15.7846288085168,12.4657938730004,0.859950778324982,1.00797188793454,0.996333317857793,0.0432255907993975,0.3,90,0.01,14.4869474889666,0.01,0.00936177511466999,0.00226939857446335,-3.73127356486823,-4.17429411136257,1237,1279
15.3600048864508,12.0824344034367,0.866095121019104,1.00606900507661,0.994161705447927,0.025063695940473,0.3,90,0.01,14.2944264786506,0.01,-0.00773220153224262,0.00460649384270498,-3.24284053776903,1.99737577976747,1238,1280
16.2808234269597,12.0919081797208,0.86543971162293,1.00232095500702,1.0033377360942,0.0525296341771695,0.3,90,0.01,15.0835925069853,0.01,0.006634605622423,0.00453989303973229,-2.19131781680146,0.672592224951868,1239,1281
15.5891737139999,13.3921410162791,0.840569274447039,0.990904295294496,1.0048372503819,0.0459411328649578,0.3,90,0.01,15.7055418379822,0.01,-0.00737411076095508,-0.0048635592149388,-1.02431683720023,2.28215981388812,1240,1282
16.6941108391842,13.9472179958538,0.830627170391487,1.0117941647909,0.998632149978702,0.0290887452310696,0.3,90,0.01,14.7254925041345,0.01,0.00467443932984497,-0.00314826240195551,2.81910434685035,2.90222731216109,1241,1283
16.1564298777733,12.5967020120518,0.867194774740434,0.988864944149276,1.00706573113051,0.0327755758575737,0.3,90,0.01,15.9177623057511,0.01,-0.00733543754110886,0.00497364411934501,1.94196389659875,1.82875058323349,1242,1284
16.5871071695872,12.2032868736051,0.86054524676369,0.998035055380249,0.990600691774141,0.0284602899312983,0.3,90,0.01,15.6045385720554,0.01,-0.00604433177263688,0.00945134776441016,2.72421141239946,4.99643053362028,1243,1285
15.7261850226158,13.83966636087,0.833653209476991,1.00316063376577,1.00422411170436,0.0434308358823668,0.3,90,0.01,15.7787673157773,0.01,0.000512051482288825,0.00910541715602765,-3.22093308563367,3.03584177160475,1244,1286
16.5751616990261,13.7697223662013,0.845809317135647,1.01602776002508,1.00922480052471,0.0557943715453917,0.3,90,0.01,14.7884008832088,0.01,-0.00302062434704317,-0.0037672533002988,0.746782267006019,1.26229426817188,1245,1287
15.4945173630672,12.4317232154764,0.849128083598812,0.988566387044644,0.996816186699672,0.026920592095262,0.3,90,0.01,14.3429705853179,0.01,-0.00478242670956149,-0.00587563601338642,-1.04651009960712,0.607212448182723,1246,1288
16.9589996128563,13.4309672018902,0.852518338628691,1.01892972444297,1.00955035789745,0.0263543697236246,0.3,90,0.01,15.0227283588372,0.01,-0.00502131494030998,-0.00586119554817625,-1.30730681536329,-2.18412889925526,1247,1289
16.2026522647682,13.6208734538732,0.834502470133452,1.01628077852489,0.997321739858065,0.0441174079218783,0.3,90,0.01,14.5065065323285,0.01,-0.000483672036563241,-0.00664877327187492,4.2534795660105,-2.7307362500381,1248,1290
15.652315892847,13.295563357169,0.845731715778533,0.995547421836924,0.994268530712363,0.0528176529039364,0.3,90,0.01,14.2967037220652,0.01,0.00932730594678549,-0.00135949029070563,1.10782808715155,2.70150566724979,1249,1291
15.4694871237782,13.1152492042133,0.844488852957501,0.987555035583598,0.997521895226597,0.0599635874072314,0.3,90,0.01,14.0611884856715,0.01,-0.00850981235902903,0.00493773930096811,-0.392514630309778,0.2523985211432,1250,1292
15.3937082035302,12.4020798925668,0.83720974404211,1.00592295216973,0.993338496541091,0.0396219683400655,0.3,90,0.01,14.542775792129,0.01,0.00140612592571772,0.0030327158783509,3.01718277803395,-4.43589615537132,1251,1293
15.0940259035421,13.5436334950592,0.855833089978433,1.01596947889871,0.995422240125926,0.0432795294862474,0.3,90,0.01,15.4382650723386,0.01,-0.00798954983312546,0.00595528787412138,2.03219907667794,2.21030614057421,1252,1294
16.8284358160249,12.6504762435824,0.848879304315444,0.997539082677641,1.00327087149793,0.0453802344218199,0.3,90,0.01,14.8167765420367,0.01,0.0099084889926923,-0.00192533928108593,1.80432451824905,4.68817645743524,1253,1295
16.2962672848146,12.3148587250909,0.863185416255549,0.98527043691257,0.994373281061964,0.0396071691412944,0.3,90,0.01,14.2571513667236,0.01,0.0047359688432075,0.00669069713478763,0.0300324903281721,3.38627040862891,1254,1296
16.3516269860472,13.5751411408661,0.856866945473272,0.995982202462992,1.00383052514766,0.0429921988401307,0.3,90,0.01,14.923636472456,0.01,0.00267208804228615,-0.00991072473829975,3.89051418378824,-2.65897753153999,1255,1297
16.479085327172,12.1064270796522,0.869246335736168,0.981779763579455,1.0026008916377,0.0503691410062525,0.3,90,0.01,14.2850151991913,0.01,0.00263642875189732,-0.00617840965715213,-2.84477134176858,3.54876894743346,1256,1298
15.4327868235851,13.0893869170248,0.856103377949659,0.999390169268906,0.993349883126145,0.0206710040168054,0.3,90,0.01,14.0495862343761,0.01,-0.00431051111599592,-0.00480115736573178,2.59316781643416,-2.4657529343738,1257,1299
16.608584606993,13.4246580822059,0.837070840998593,1.01527384701221,0.997132776655997,0.0561882913053832,0.3,90,0.01,14.2872154608317,0.01,0.00265372116616622,-0.00700312407929082,3.54069734646689,-0.959968539906756,1258,1300
16.6130608276875,12.1970003106643,0.846352553096419,0.998282197367696,0.993858543325083,0.0244655498747262,0.3,90,0.01,14.9033800648042,0.01,0.00257675936993026,0.00840483659301197,-4.83354468460739,-0.685574602514762,1259,1301
16.7410731310364,12.6146936165755,0.851120022782967,1.00033404834845,1.0033253168534,0.0411607533971605,0.3,90,0.01,14.2656255187197,0.01,-0.0059183824787325,0.000409010253207484,2.79699536816803,0.688922457971858,1260,1302
16.6485686827147,13.2356496982084,0.847141818521146,1.00172073512465,1.00189267554577,0.0483196274101153,0.3,90,0.01,15.2766995245523,0.01,0.00692150009638743,0.00872060605736326,-4.20710919091399,3.76767932652393,1261,1303
15.2494456673822,12.2961767088547,0.851052348769397,1.01383834806736,0.992802576777943,0.0329416906350662,0.3,90,0.01,15.5632362046159,0.01,-0.00654404432527271,0.00586968527461112,-4.93547880814691,1.41263170855578,1262,1304
16.9255756899242,13.5319148518166,0.862419518083015,1.00013202789547,1.00143797362897,0.0478473568842062,0.3,90,0.01,15.6496018907705,0.01,0.00983170167038967,-0.000154710412780389,-1.93359983423487,0.151966278180526,1263,1305
16.3293034052632,12.3650648469562,0.85948502492288,0.989292421343239,1.00641225348109,0.0313351688125493,0.3,90,0.01,15.7477593581968,0.01,-0.00140637155213935,-0.00280637930581117,3.3531454878017,4.82502597795493,1264,1306
16.9758264352369,12.2221862943613,0.841354199693463,1.01068977078143,0.999782152647306,0.0555374720145045,0.3,90,0.01,14.8292595374627,0.01,0.000631357295876449,-0.00806500233683818,1.73631753711916,-1.33876708056186,1265,1307
15.0027705547915,12.0036608426791,0.861199932529544,1.01138080206322,1.00047776119714,0.0320396669777312,0.3,90,0.01,15.1877756287956,0.01,-0.00200932265830207,-0.00548940097763391,2.72757352783634,-1.58778900102508,1266,1308
15.9736013834772,12.9853750031999,0.84793683620309,0.985829521661229,1.00372576301237,0.0270352393638736,0.3,90,0.01,14.6000055635542,0.01,-0.00136736662624874,-7.6550830970629e-05,2.8232335215833,-2.51442415535645,1267,1309
16.3488247301828,12.1194074825345,0.869501567518901,1.01255211472626,0.997530031028622,0.0582413366499038,0.3,90,0.01,14.642974898311,0.01,-0.00578999689791704,-0.00138405260562346,1.24486371763386,-0.140050776013191,1268,1310
15.4236796950561,12.832214925011,0.857565114039938,0.984451164060075,1.00786572566617,0.0318573206679619,0.3,90,0.01,14.1958892117244,0.01,0.00283710916088115,0.00115034535835735,-2.14092336458546,4.93385115844149,1269,1311
15.3861868227802,13.1914766584399,0.843541007869939,0.983281471000951,0.99301578644162,0.0225453577440792,0.3,90,0.01,15.3725947151336,0.01,-0.00612929706628373,-0.00468925630172879,-3.74818086264204,-4.05926489930801,1270,1312
15.6107193165727,12.9725892084293,0.833009840142479,1.00159091559491,0.990285833750909,0.0298509107699454,0.3,90,0.01,15.0392211825071,0.01,0.00761898662542304,0.0001746548540171,3.08134680504803,-0.276431377004613,1271,1313
16.9493284311905,13.2012580210904,0.830455091146291,1.0124115646842,1.00207517853327,0.0495415727666352,0.3,90,0.01,14.5774989647393,0.01,0.00348148391136209,-0.000530287493670279,1.38758856390936,-1.94205805514346,1272,1314
16.8641708591356,12.915071535302,0.833326883862594,1.01646964834604,0.996312457373157,0.0238763726270906,0.3,90,0.01,14.0467163874721,0.01,0.00830162875763618,-0.00979712254503111,2.90898651345283,-1.3824825855276,1273,1315
15.1165651832945,13.6086941630061,0.864452701828668,0.986829898318655,1.00447531868579,0.0242752639381076,0.3,90,0.01,14.4443131660344,0.01,0.00485038800910265,-0.00643932050166728,0.956116515894236,-4.2015116599495,1274,1316
15.2870006965515,12.7476738537308,0.867664912768998,0.981416107263798,0.993292572991308,0.0380466912486642,0.3,90,0.01,15.3635299774326,0.01,0.00794411049144757,-0.00168152590249379,2.45065377034294,-0.452795429494261,1275,1317
15.9008183113359,13.2041267830631,0.840361113840658,1.00574597244609,0.997243341356067,0.0425117121236586,0.3,90,0.01,15.9825011560027,0.01,-0.00639480925445806,-0.00109585463683465,-4.34010104779619,-0.347524675254792,1276,1318
16.5329058045313,13.7397245232756,0.837686023993681,1.01315527236115,0.998497719495808,0.042753709399483,0.3,90,0.01,14.1892800566433,0.01,0.0065705075771955,-0.00875788167837484,-3.09009432859207,-3.94485625706306,1277,1319
15.8445093372685,12.703990585809,0.831185647096745,1.01974595479481,0.993481455490401,0.0591928917464897,0.3,90,0.01,14.4701136894075,0.01,0.00142955008140331,-0.00194728441262389,3.34326585844115,-1.14178005107306,1278,1320
16.3779836852304,13.7130978061771,0.832578815350555,0.995954166738112,1.00513752409731,0.0275553307130983,0.3,90,0.01,15.2871726348526,0.01,-0.000886779733039599,-0.00106017895893567,-4.60723081597366,-2.35917216166702,1279,1321
15.9172906172291,12.722166189393,0.857684326432214,0.995625433738902,0.99917854180711,0.0447547616352633,0.3,90,0.01,14.4251725588431,0.01,-0.00805871614552202,-0.0045159984254873,-3.30896461009496,2.56761082231669,1280,1322
16.8389553341907,12.4143341833617,0.859980584168855,1.01497798429794,1.00390370720522,0.0490604200141854,0.3,90,0.01,15.9975466058682,0.01,-0.00471146885364432,0.00101961557101019,3.6817378304437,-0.951580805989681,1281,1323
15.5573510041402,13.7028215731622,0.845577321727463,1.00765698622497,1.00381784384467,0.0343751319453928,0.3,90,0.01,14.465949707185,0.01,0.00868461282062927,0.00192842028012368,-0.264114000967386,0.508898421900966,1282,1324
15.0623196605262,12.1026298514714,0.851804167249326,0.995165381802978,0.997233336985893,0.054313788306677,0.3,90,0.01,15.5579737509445,0.01,-0.00310875263947269,0.00573778120197451,2.42598792004949,-4.0697824891887,1283,1325
15.5089684443084,13.865419955357,0.835681021274039,1.00993225539222,1.00258459676636,0.052427871042748,0.3,90,0.01,14.3146838068217,0.01,-0.00696754224485925,-0.000748473245738072,-4.47493269706687,-0.121856525074838,1284,1326
16.7247953758142,13.6638714325583,0.834788718853608,1.01462516310519,0.994179215570727,0.0470987563894867,0.3,90,0.01,15.9570243998867,0.01,-0.0049863141974003,0.00812907464324933,-0.755888097132541,-0.751926889218764,1285,1327
16.151682068461,12.73162255111,0.856277094285686,1.01337927749961,1.00846486377527,0.0400487750311245,0.3,90,0.01,14.8265180566907,0.01,0.00656164171854535,-0.0035582083805969,0.382004255036374,3.13983234942759,1286,1328
15.5214067184276,13.4618991644615,0.854285940772558,1.01309429484378,0.997986538702152,0.0505889312714089,0.3,90,0.01,14.1789039307576,0.01,-0.00957421190586055,-0.00566288310552045,-2.06474883525414,-3.76339602997493,1287,1329
16.1252217218257,13.878780977671,0.863029888786645,1.00090281053484,1.00286806666134,0.0541219968016785,0.3,90,0.01,15.6285519449297,0.01,0.00206196310929677,0.0044754250965248,3.55539452337333,2.06394131862241,1288,1330
16.7816549703719,13.6888872866393,0.857604174842818,1.00188152065317,0.998271011725901,0.0290481021313282,0.3,90,0.01,15.6390836468171,0.01,-0.00789110303830822,-0.000568881000505093,1.19871783589784,-1.22202316855551,1289,1331
16.6768963929908,13.4427634820247,0.843960700127222,1.01583244472067,0.990041295941206,0.0493148775927435,0.3,90,0.01,15.023127464372,0.01,-0.000181624873632163,-0.00615880058875691,1.87475364889946,1.39988560767231,1290,1332
16.0053327925828,12.4971612950099,0.840536548409279,0.999004221457883,0.99438332446308,0.0321593613001643,0.3,90,0.01,15.4767652253454,0.01,-0.00828472026031176,-0.00572360544496542,1.48465158655412,3.29409508045388,1291,1333
15.4895119831097,12.5807724185814,0.865068774329072,0.980858577241934,0.99706865440338,0.0301512957212861,0.3,90,0.01,14.5677097806418,0.01,0.00209832613105935,0.00235334339819107,3.79555338831709,3.28118596037904,1292,1334
15.9251113780125,12.9469549011162,0.840508331698158,1.00489158178412,1.00912068448333,0.0438446787327001,0.3,90,0.01,14.7103158809557,0.01,-0.00167815794206568,0.00466387128795599,4.37104648571365,3.31179330198719,1293,1335
15.311530444463,12.1677035841012,0.854457478137356,1.01474593446026,1.00711391718066,0.0286809800209119,0.3,90,0.01,15.7748481484451,0.01,-0.00873545327789332,-0.00310236462628476,-1.72001729439294,4.73303151471419,1294,1336
15.7149460694972,12.5875870172914,0.85606811492806,0.997137976639103,1.00864777568779,0.0432846142310802,0.3,90,0.01,15.1746354957089,0.01,-0.00012985631326853,-0.00996039676549548,1.90010986090904,2.01160425985663,1295,1337
15.4550482037516,13.6665469483801,0.844068182405932,1.01235647992983,0.993848470945687,0.0494638555782534,0.3,90,0.01,15.3656855866295,0.01,0.00390347703586494,0.00592376916456894,-1.11025331265126,1.74042506116815,1296,1338
16.4581031801531,13.485186701011,0.85494088693501,0.982403181647889,1.00209625437295,0.0504130936054771,0.3,90,0.01,15.3896884686947,0.01,0.000857532360339952,0.00351497249918601,0.117689294179327,1.76754150492649,1297,1339
15.0399499225463,13.0293580719841,0.865980115781596,1.01099276370274,1.00848642788841,0.0513039395944392,0.3,90,0.01,14.9432188622525,0.01,0.00450028944893653,-0.00924516052054165,-0.00198692394271927,0.32941214095099,1298,1340
15.3193131502161,13.6568116065975,0.831411015667131,1.00466613437623,0.998937192812448,0.0379981478659819,0.3,90,0.01,15.667346276759,0.01,0.007226336544171,0.00382825717763323,-3.31669687408035,4.37441342747003,1299,1341
15.5614674064582,13.8992477386819,0.835298462859254,0.980138481035739,1.00663799866185,0.0559541792478579,0.3,90,0.01,15.5977624089751,0.01,-0.00903243337970568,0.00704166266721656,4.00033632638653,1.63250952610492,1300,1342
15.6626406394562,13.7726416171144,0.848232687907368,1.00377322985302,0.993917822100754,0.0419600402337983,0.3,90,0.01,15.5292670617578,0.01,-0.00157218772469618,0.00800502532687439,-0.598097492642417,4.54394790366167,1301,1343
16.689759888831,12.3902240669671,0.841079347916026,0.987926567874667,0.99822732320225,0.0452686638734921,0.3,90,0.01,15.006420904772,0.01,0.00236568570103098,0.00961624111677692,1.78726792873383,-2.63503221456868,1302,1344
16.1464214731468,12.32991654943,0.867751714864801,1.0172898999049,0.993232437041096,0.0475767296915571,0.3,90,0.01,15.5602885862265,0.01,-0.00826925544640831,0.0021201671616674,3.3069752934586,-0.749340546176619,1303,1345
15.6722696268085,12.4710904935792,0.868640673687384,1.01645689028885,1.0016276968506,0.0404053240014482,0.3,90,0.01,15.390625136267,0.01,0.00373033873881774,0.000103809462669273,-0.805445530268296,1.59297868417242,1304,1346
15.0915391788891,13.8142926600548,0.864978247634551,1.01443242169449,0.993581364049555,0.0553477491498921,0.3,90,0.01,14.8557069694282,0.01,0.00288401209453971,-0.00421700187977414,-3.08736699688172,-4.02276560303343,1305,1347
16.5654919712107,12.8563465583644,0.86095449527985,0.996503881752907,0.991005499068994,0.0446564813701257,0.3,90,0.01,14.2042872840509,0.01,0.00396895918430543,-0.00616246418460947,-4.20011709832528,-2.71439925994613,1306,1348
16.158018054674,12.0156568692267,0.835828014158212,0.997071561119995,1.00048452255669,0.052484574327142,0.3,90,0.01,15.0934798406341,0.01,-0.00361108427437908,-0.00395638055835762,0.999546743227412,4.99433654965507,1307,1349
15.7620648120321,12.1403401675987,0.854575374013435,1.01503948032051,1.00971880438124,0.033858181438666,0.3,90,0.01,15.5123386415936,0.01,0.00222395672111957,-0.00478244579321876,-3.11247965797972,4.05954900042805,1308,1350
16.6927337169303,13.7902755318637,0.863814780070493,0.981286958160536,1.00926373940529,0.0531913859816018,0.3,90,0.01,15.9318774759897,0.01,0.00117722437772225,-0.00158250318665735,1.45743321934129,2.23593487962664,1309,1351
15.6748058554613,13.2110355824931,0.861285199886347,0.992005200527647,1.00937088988892,0.0234024809756061,0.3,90,0.01,14.1564708852371,0.01,0.00708396362487282,0.00764516285485134,1.55666650098851,2.99229415517548,1310,1352
16.6322312201046,12.6104654137943,0.830912066709187,0.983846485043537,1.00716656800592,0.0382085296432043,0.3,90,0.01,14.3160407499874,0.01,0.00179999427664842,0.00332789464969106,3.29538105463888,4.41304119174149,1311,1353
16.2255627635431,13.6524976169756,0.86559621355353,1.01963341058407,1.00386325404509,0.0587443539442527,0.3,90,0.01,15.9778231767813,0.01,0.00517674367613183,0.00543257662006035,-0.456366340917354,-0.235108282466356,1312,1354
16.3005991501636,13.32559426339,0.858881901891185,1.0051772835167,0.998435343337291,0.0351550185480436,0.3,90,0.01,14.5780045829734,0.01,0.00274233035142986,0.0074082086604059,2.84368587914927,4.57823827924328,1313,1355
16.730396203708,12.3034392606678,0.867967465679333,1.00305328132122,1.00938909899838,0.0515101998921686,0.3,90,0.01,14.3630765297095,0.01,-0.00675132726392303,0.000149339015291405,0.606523518924593,-1.59440928589026,1314,1356
16.1476849420995,12.9845013116147,0.838764820032026,0.986612089821094,1.00402635059092,0.0567746379611232,0.3,90,0.01,14.1168052854878,0.01,0.0074316731693516,-0.00778056946665272,-2.59705591584033,-0.911805771396446,1315,1357
15.5627034033677,13.1292869408895,0.833305959981843,0.989685122088365,1.00721678918116,0.0589292215587593,0.3,90,0.01,14.4411198971337,0.01,0.00193708373433366,0.00610272863179809,-3.1346238514597,0.288160498654949,1316,1358
15.7216637794326,13.121086879219,0.857428754813351,0.998579158803366,0.994735741291805,0.0212234261816055,0.3,90,0.01,14.2860616332637,0.01,-0.00348627841785302,-0.000431047569884465,2.00817763455477,-1.48562152300314,1317,1359
16.8270214070367,12.8783052703511,0.850627957435492,1.01295562068743,1.00355321498431,0.0387385349535483,0.3,90,0.01,14.6185036484,0.01,-0.00277809281139421,0.00380959980463188,1.34130654438862,3.95758621858517,1318,1360
16.9866881676098,12.8540569182823,0.842877335921919,1.00257735865626,1.00544358698955,0.0288478299259833,0.3,90,0.01,15.4797378706917,0.01,0.00611816621130652,0.00264597080065129,1.99241838947688,-4.16608480890315,1319,1361
16.2560707080089,13.8351891846753,0.838475612957553,0.994632938301706,0.997472688918709,0.0311534636435303,0.3,90,0.01,14.7522073523977,0.01,0.00232820623603901,0.0095875970929753,-3.59858120759678,3.20948521636428,1320,1362
15.1371760076926,12.7889315828211,0.863241194550023,0.993944319014151,0.996117081202449,0.0484617002043769,0.3,90,0.01,14.3544377237262,0.01,-0.0079464304247812,0.00123230223644848,-3.64712814670696,-2.209358809684,1321,1363
16.2263344201615,12.9989254796642,0.851503801740498,1.01548485039057,1.00762334320348,0.0599151788309217,0.3,90,0.01,15.879310002906,0.01,0.00268478809334659,-0.000867272230834982,-2.18916781389858,0.890970839959802,1322,1364
16.0046144040939,13.4217911769861,0.836022644374835,0.998800681249133,0.994480566193976,0.0254120124484586,0.3,90,0.01,15.1073683356013,0.01,0.00203013380351719,-0.00308964655551012,-0.60220871274892,-3.5968503526054,1323,1365
16.0319020813363,13.9565445096401,0.833103707841252,0.982150582139472,0.997693405644478,0.0595907497998908,0.3,90,0.01,14.1866488840494,0.01,0.00631988066677689,0.000847170863556963,4.83546049075945,2.83994583001546,1324,1366
16.6162926741492,12.7751906654833,0.846893493364855,1.0132531833284,0.997956700883416,0.0328787893994707,0.3,90,0.01,15.1087516292176,0.01,-0.00609847179804741,-0.00257899899551791,-3.1651532012614,1.33962396272444,1325,1367
15.7730331949225,12.4061710011856,0.843114521670276,1.0061501687459,1.00025083490451,0.0393452942008179,0.3,90,0.01,15.3346192880717,0.01,0.00229212930725285,-0.00217834516275248,-1.5205583278688,4.56663613311203,1326,1368
15.6574189274306,13.5264441227517,0.859966709916164,1.01031314904295,1.00539174667155,0.0300059492348132,0.3,90,0.01,15.6549522602944,0.01,0.00194885159768724,0.00293089296078031,0.0226898395370601,-1.89244514637877,1327,1369
15.0998067765472,12.3217220504718,0.860455096021835,1.00293347566863,0.999092765034097,0.0251922145753741,0.3,90,0.01,15.9269617705623,0.01,0.00347944505684061,0.00475807860960571,-0.273812259140083,-2.76842495904402,1328,1370
15.3790739300627,12.8217223295502,0.85011204690532,1.01074039818625,0.9999024982294,0.042186673835094,0.3,90,0.01,15.0383798941153,0.01,0.00148747084028098,0.00485958174730354,-0.555225084646329,-1.08786168964692,1329,1371
16.5183382404994,13.7655287597853,0.862068294296141,1.01756460036896,0.996880788289389,0.0558384449184657,0.3,90,0.01,14.2349911929865,0.01,0.00836598156152693,0.00689809673891489,-3.35105135983805,4.48921714247662,1330,1372
16.3826830793138,13.3620307776755,0.853078666323253,1.00370387610645,0.992664213458135,0.0224346625392323,0.3,90,0.01,15.7293040684344,0.01,0.000130990540879084,0.00829115646416651,-1.54634631349137,-1.11009015514089,1331,1373
15.1929362123203,12.0986295571734,0.834121384530328,1.00794175376763,1.00566972932788,0.0272336270986821,0.3,90,0.01,14.6272671561409,0.01,0.0038132440515408,-0.00913830292227253,2.52287575729493,0.0565061676245469,1332,1374
16.8084282229435,12.3990607088515,0.853010520094119,0.986959546807228,0.994083438132587,0.0366883672395214,0.3,90,0.01,15.550332176349,0.01,-0.00565158754029709,-0.00414092106920488,0.862354899531443,4.63755856048855,1333,1375
16.0535441790443,13.948512216435,0.837169778380693,0.988884780217507,0.993776280216274,0.0386450532801726,0.3,90,0.01,15.6213739501361,0.01,0.00204544630724165,0.0079634023235157,-2.63957315885367,-1.00807854106348,1334,1376
16.4469018291738,13.0180946220706,0.866929860243704,1.00423052314196,1.00891596838525,0.02318644861219,0.3,90,0.01,15.4778980915972,0.01,-0.00726278654069938,0.00965971937253843,-2.04548210199062,0.2466219016351,1335,1377
16.0335364463062,13.2676386371506,0.863505600255999,0.984198978520096,1.00627712619991,0.0530953391255305,0.3,90,0.01,14.7480913457011,0.01,-0.00465964330478702,-0.00243632364673623,4.29721919255038,1.16938927427235,1336,1378
15.7223063427454,13.9298320667883,0.866756327886411,1.00241947474838,1.00297102689861,0.039589674218256,0.3,90,0.01,14.6573452676737,0.01,0.00599222576548288,-0.00629192348372516,2.26442846012151,2.76366669044487,1337,1379
16.0269485921816,12.3876497018467,0.833970335476627,1.00184778902535,1.0058717136737,0.0415994095981438,0.3,90,0.01,15.3003955219788,0.01,0.00904752153879871,-0.00755586540856035,-4.26635350102659,-2.57797598014552,1338,1380
16.8725163854945,13.776422022628,0.837048098121803,1.00831565147494,1.00750473131632,0.0504810695134804,0.3,90,0.01,15.6550593931432,0.01,-0.000971933900628245,0.00413880885445338,-3.61594979717073,1.54266717770618,1339,1381
16.816366054034,13.5106105200364,0.835022809696142,1.01844805565663,0.997028136751445,0.0397241331027879,0.3,90,0.01,15.4820854140224,0.01,0.00149677146069944,-0.0052601907613111,0.711497766193038,1.9335743318534,1340,1382
16.3177259616526,12.8891704476023,0.859928047820923,0.996801019604097,1.00818928281738,0.0340819702063545,0.3,90,0.01,14.0135618269606,0.01,0.00958766580526183,0.00751079792484638,-0.971043581827284,3.0619734315232,1341,1383
15.788302810752,12.5941260614325,0.84357256092124,1.01918112679481,0.99496793062662,0.0352728808038678,0.3,90,0.01,15.9563391453921,0.01,-0.00772934688567293,0.00752600870571355,2.34865951229721,-1.08086851484763,1342,1384
16.2358300273312,13.5206532706067,0.857142765937396,1.00816742758938,0.990550850119052,0.0597046464878388,0.3,90,0.01,14.0680888358896,0.01,0.00698253292614602,-0.00984212271565333,4.34611069825841,-3.85191064516658,1343,1385
16.5536657042234,12.8971997056061,0.869282142236592,1.00302345740794,1.00701174568173,0.0451756707967533,0.3,90,0.01,15.2932699334841,0.01,5.46494542724204e-05,0.00299927374794496,-4.02072284296011,-1.30919289227203,1344,1386
16.7496567341452,13.8257015072463,0.836565367978892,1.01535103378047,1.00376882034461,0.0322266559277323,0.3,90,0.01,14.5792432757161,0.01,0.0031281253709689,-0.00704263023082556,-0.217022415931679,0.263322028268588,1345,1387
15.6738304728758,13.2813744916197,0.853116788426451,1.0028277298909,1.00743891770231,0.0517201941782516,0.3,90,0.01,14.4021822889174,0.01,0.00949980011625623,0.00400717871308703,-2.26737037764247,2.99747188106396,1346,1388
16.5948694254909,12.166959265804,0.865153694627763,1.01797183819916,0.996650878766255,0.0359465182583756,0.3,90,0.01,15.7078012338953,0.01,0.00237882845696871,0.00702633535873919,1.57357916389876,0.73527847752429,1347,1389
15.1039217807001,12.4935097406585,0.855488075879803,0.982622211838257,1.00094452007834,0.033268622423241,0.3,90,0.01,14.8940090698786,0.01,-0.0031236357192228,-0.00111537654377504,-1.38004509110083,-3.84023617225542,1348,1390
15.9679236568456,12.2494870595801,0.839836523308772,1.01224533986032,0.990491909851295,0.039524904009849,0.3,90,0.01,15.7556101705872,0.01,-0.00425521610500263,-0.00995588751522801,4.24531345988364,-1.37647041086095,1349,1391
15.5165813511285,13.8522998239519,0.854082681527851,1.01744780700496,1.00623814161238,0.0445912317089458,0.3,90,0.01,15.781720887288,0.01,0.00513349399627969,0.00394076568826573,-0.473241411242953,-3.75432444419254,1350,1392
16.9435136681658,13.7202449080097,0.849235693892242,0.997279971917348,1.0037169708519,0.0536356253153684,0.3,90,0.01,14.9734068981487,0.01,-0.00624160964772945,0.00281452275788117,0.744566287852132,2.35934022291289,1351,1393
15.8536014957298,12.1108378358561,0.850183744374238,1.00662079367096,1.00740165883379,0.0262257460496519,0.3,90,0.01,14.8834740525009,0.01,-0.0052995734218571,0.00896592621889145,3.80799485167532,4.51402712637751,1352,1394
16.4277956284031,12.4980892813422,0.832287152155727,0.98062262089524,0.992812949407942,0.0472044180994277,0.3,90,0.01,14.6917771512103,0.01,-0.00750103560251868,0.00163019307031895,4.64451712046344,-4.55063773028357,1353,1395
15.0255105244795,12.4487032366594,0.854302447140124,1.01109219823931,0.992324777165398,0.0452133901401294,0.3,90,0.01,15.3941438237113,0.01,-0.00932296648475502,-0.00570551798804447,2.53914334857012,-4.31810079211168,1354,1396
16.560315920981,13.4877615565574,0.838733941132586,1.00800245496355,1.00491363152393,0.032885270637248,0.3,90,0.01,14.2387340336365,0.01,0.00703288222923332,-0.00108167201976809,0.874514299004447,-0.493334085876366,1355,1397
16.0456332160269,13.050406485082,0.854781006373855,0.995838256088424,0.992471734001031,0.0299379966811842,0.3,90,0.01,15.9350722932175,0.01,0.00960867524236161,-0.00362352906612019,2.28214354981406,3.60750791210279,1356,1398
15.8851744878077,13.1591901237588,0.842963117992102,0.994380451151439,1.0088140348113,0.0350803811904589,0.3,90,0.01,14.7504169810438,0.01,0.008530341491117,-0.00452361423899611,4.85618957832499,2.81550065470186,1357,1399
15.2774509803677,12.5263297701289,0.834077934103582,1.01976002233933,0.990745733249478,0.0408484478141393,0.3,90,0.01,14.6352564464084,0.01,-0.00998752997961973,-0.00500741450963794,0.569470689294359,-0.768237672617237,1358,1400
15.3241531110909,12.6859029781529,0.866307491829619,1.00322047594473,0.993052836583671,0.0262520988083086,0.3,90,0.01,14.4813166566796,0.01,-0.00699763238344826,-0.00195428949705102,-2.38406611886982,1.53560219888219,1359,1401
15.4770142178737,13.2079773492344,0.839174283796746,0.988624775617352,1.00543085911282,0.0201100997491409,0.3,90,0.01,15.2071314066302,0.01,-0.00711956296145242,0.000855880545598186,-2.17097440856606,-3.28964349292203,1360,1402
16.3626584506122,13.3617238231654,0.831077242246203,0.995920112313674,0.992867276747373,0.0231474984849676,0.3,90,0.01,14.2429874080757,0.01,-0.00254532283108465,0.00463318904574419,0.187456343860544,-1.35351231581922,1361,1403
15.1472698765524,12.8133001580966,0.854739881195592,1.0177697010187,1.00322787996021,0.0378135169732464,0.3,90,0.01,14.5395352445372,0.01,0.00938128784532421,-0.00349343974773878,4.08253289605756,-4.51784556955148,1362,1404
15.2375699685893,12.605769296546,0.835309922407526,0.995914796023295,0.994125314840721,0.0517877482071148,0.3,90,0.01,15.4817832152263,0.01,-0.00680912257073064,0.00386639050823558,1.92945197402224,-1.79308096729315,1363,1405
15.1422594736226,13.665533928263,0.837908198387841,0.985646102029844,1.002845316663,0.0293155675534666,0.3,90,0.01,14.3939027959042,0.01,0.00842019223164446,0.0098927631007002,1.33438187489349,-0.381885494555879,1364,1406
15.6604726368299,12.3719431121798,0.831353584134625,0.982712575433769,0.99530941468057,0.0454967312929346,0.3,90,0.01,15.8949140560383,0.01,0.00676419950865454,-0.00584136696335599,2.50922510548373,-2.2971329444973,1365,1407
16.1625162593043,12.5853476623179,0.830617201148582,0.9918699639378,1.00173820871372,0.0310050702350925,0.3,90,0.01,14.4977236063558,0.01,-0.00765663123321361,-0.00695004708076018,0.973904018107806,1.72381892584425,1366,1408
16.9964930327189,13.2885967510319,0.845221897549035,1.00055661486438,0.998115487595028,0.020285048147834,0.3,90,0.01,15.7125527144577,0.01,-0.00599511631578309,0.00471817712359688,0.0566090134682753,-2.28795286706235,1367,1409
16.1722279647491,13.9943656039255,0.835747881243604,0.989066806494705,1.00062184372024,0.0423698122539836,0.3,90,0.01,15.3060160253523,0.01,-0.00617261400133966,-0.00510841809697614,-0.958276824884737,-4.03345596100804,1368,1410
16.2555486448314,13.232907624792,0.834623054496248,1.00001998377263,0.993149058040112,0.0427793958350043,0.3,90,0.01,15.190582393446,0.01,0.000969536523003358,-0.00770754457433088,-1.41864213737574,4.59681681162724,1369,1411
15.6477296945099,12.5247007624111,0.86256419189189,1.01907566545556,0.994330465836931,0.0286540396417042,0.3,90,0.01,15.8515742867551,0.01,0.00497824494550519,0.00201504847899868,4.91561394402013,-2.19504483769072,1370,1412
15.9375069199497,13.9131827819168,0.868219188545193,1.0179073422684,1.00234742547106,0.0314410252594188,0.3,90,0.01,14.7928298220484,0.01,-0.00436253444485879,-0.00223046873971914,-4.35029601500563,-4.99213686484971,1371,1413
16.8979655948521,12.2487911771465,0.85643440292591,0.996927187695425,1.00519005578421,0.0361292252759619,0.3,90,0.01,14.144551891511,0.01,-0.00945869920911879,0.0036589401995641,0.124879880879999,-4.08320312751213,1372,1414
16.3693232743458,12.7239214263247,0.84347139645811,1.00310625211686,1.00490338378002,0.036520798489037,0.3,90,0.01,14.8524266553264,0.01,-0.00382172074416111,-0.000712732758756683,-4.42764417872086,-3.0453411214032,1373,1415
15.8432651176372,13.5029134810384,0.867299013584461,0.988230248906183,1.00394956556645,0.0365178214897116,0.3,90,0.01,15.2503467795361,0.01,0.0065097892856212,-0.000704443578375787,4.20110179499298,-0.649888016919909,1374,1416
16.8764899043205,13.0417426750748,0.86876060870496,0.984290119122507,1.00565376967395,0.0319074089693117,0.3,90,0.01,14.03316959414,0.01,0.00150595254176095,0.00100286467587154,-4.21789164207002,-0.0197144549094723,1375,1417
15.5916444411148,13.7621308551477,0.841981532655154,1.01995476359458,0.997421556353736,0.0326865414352264,0.3,90,0.01,14.8535974658331,0.01,0.0092243110053788,-0.00622523514542264,0.462402803926285,-4.96444057250131,1376,1418
16.6078213241716,13.5835107947936,0.841641598516701,1.01015108978605,0.992710607518096,0.03678610052075,0.3,90,0.01,15.5195516060622,0.01,-0.00656269387305537,-0.00890675670492978,3.72611192621105,-3.71897933016691,1377,1419
15.0195160113734,12.1047302452179,0.855313195634649,0.994885593331508,0.995650917186988,0.040209166681286,0.3,90,0.01,14.8508258739819,0.01,0.00840999406042515,0.0081630126139,3.78079885508761,3.05264172037989,1378,1420
15.0703061840133,13.2987859967492,0.844770334276909,1.01960401228694,1.00524989353088,0.0304883023097212,0.3,90,0.01,15.8641140915681,0.01,-0.000405586626447947,-0.00406395009548742,-1.29448894707481,-3.79149611324398,1379,1421
15.0343165603604,12.1502302762639,0.86149444925539,1.01843972407454,0.998152377785268,0.025638242441926,0.3,90,0.01,15.6236226815537,0.01,-0.00351857795643998,0.00883732052191704,4.2912787978651,-4.98665324840131,1380,1422
16.7053138830133,13.8123937953331,0.833820384909275,1.01719316094504,1.00335985919166,0.0419931908909967,0.3,90,0.01,14.6950157275465,0.01,0.000248575746648029,0.00976351388829136,2.31474820428904,3.14351700749519,1381,1423
15.8899159157001,13.5788677432204,0.863152480134583,1.01642909760895,1.00368163795986,0.0253133035664467,0.3,90,0.01,14.3954469623596,0.01,-0.00856967441145319,-0.00729865321379463,-3.15782221213665,3.61394846191911,1382,1424
15.8046929293178,12.8022034576067,0.839231182256348,1.00455770061578,0.995894528253801,0.0586195799360869,0.3,90,0.01,14.9709062150357,0.01,0.00778716517481137,0.00171320318084443,-0.259707205129411,2.81123302286667,1383,1425
16.8010610116959,12.5491842062383,0.846944389581327,0.996598549782195,1.00773757829675,0.0522892532393597,0.3,90,0.01,15.8492316200037,0.01,0.00305857975355191,0.00228783711767604,1.7668001903921,-0.395824476499365,1384,1426
15.0753255309123,13.4719415310024,0.846139690538141,0.989136858866187,1.00499173366902,0.028543080524999,0.3,90,0.01,15.2223517361084,0.01,-0.00175820881017974,0.00608116291277777,4.41130270960675,-0.519262923883003,1385,1427
16.2410906122544,13.9097025917281,0.849499804135202,1.01591606854037,1.00453682762054,0.0236189359207868,0.3,90,0.01,15.8487024288403,0.01,0.00162719433860278,0.00530572688245553,-1.84290071668938,-1.18754219435527,1386,1428
15.6481186196122,13.2155576938597,0.863132877527109,0.998270993831266,1.00190133494827,0.0590211610297291,0.3,90,0.01,15.0922424109912,0.01,-0.0078305476317132,-0.00374302687969267,-4.28204974835551,-1.77594941802084,1387,1429
16.623303322972,12.2599233219668,0.834287798149445,1.00873311322598,0.990461208778584,0.0506095592415979,0.3,90,0.01,14.7411219729635,0.01,-0.000923966663718974,-0.00901546374671844,2.98479191301262,4.29431478936501,1388,1430
15.4391854086105,12.0628372479514,0.843480049727236,1.00418132361604,1.00607703179095,0.030658348949171,0.3,90,0.01,15.8666506326268,0.01,0.00228181525885399,-0.00294050613226675,2.56159926088478,1.75726565173818,1389,1431
15.974712116331,12.5165777182567,0.835136879865772,0.988080967639538,1.00862957297699,0.0233002886674338,0.3,90,0.01,14.348481940096,0.01,-0.000435770688419424,-0.00493357999622512,-4.14201739087081,-0.77610984694138,1390,1432
16.732328753205,13.9148286148452,0.843428067256717,0.99834130377989,0.99402975532002,0.0501253053150262,0.3,90,0.01,14.2807422555515,0.01,-0.00346466975715012,-0.00873507873694569,-1.92758768450252,3.09703718299718,1391,1433
16.1630797408736,13.5423377156102,0.830469891476937,0.997514917782938,0.999123638686495,0.0276794540782392,0.3,90,0.01,14.6982421800699,0.01,0.00553887457868226,-0.00258054021281215,-1.85853030670769,-4.31393854364326,1392,1434
16.8924051275886,12.5299877557954,0.867238325632742,1.00456806168746,1.0044503351369,0.0463973728093257,0.3,90,0.01,15.9530912377657,0.01,0.00275923322078666,-0.00674384062667306,-3.17857560614902,-1.56194636448567,1393,1435
15.9970760707591,13.6643292060337,0.848936515352219,1.01250539570209,0.995859468415398,0.0527896480072033,0.3,90,0.01,15.3563238227968,0.01,-0.00197015047759371,0.00984596182915824,-3.49488904389167,1.21771525652616,1394,1436
15.0548641007355,13.3275382165841,0.842695161209716,1.01144075811731,1.00199722113781,0.0201395602315201,0.3,90,0.01,14.8405801638187,0.01,-0.00286657617939399,-0.00350899910563165,3.99555863347615,3.57031485579613,1395,1437
16.3494728761852,13.9654598434175,0.868530002620329,0.987207350898211,1.00198236860212,0.0491295905954829,0.3,90,0.01,15.7135375475763,0.01,-0.00385738099181104,-0.0048802928412311,1.9057934685934,-4.57459996697802,1396,1438
16.6008974584936,12.8696120065425,0.855799831972112,0.991260407113289,0.998106752100472,0.022086319299393,0.3,90,0.01,14.2668800643328,0.01,0.00737753664955112,-0.00162618139043852,-0.284067283299768,4.14110244321844,1397,1439
15.3958837250136,12.8335754243494,0.849071134221844,0.997174144091387,0.996095846911998,0.0534627580069077,0.3,90,0.01,15.0804951422332,0.01,-0.00226993447682049,0.00982709887260319,-4.10560326377653,-1.80801966231321,1398,1440
16.32330308422,13.6139722609139,0.831284239662301,0.9976412974187,0.999891087122071,0.0566843876886885,0.3,90,0.01,15.8284150279895,0.01,0.00719100904633568,-0.00712158613396412,3.40578937257627,-4.32586128242619,1399,1441
16.0327080484186,13.9283603380395,0.843839762882154,1.00053565975874,0.990945923191401,0.0576052309328558,0.3,90,0.01,15.2424795925826,0.01,0.000785590006321104,0.002848255875776,-1.68969459244588,1.38016755576719,1400,1442
16.5339511102551,12.1099973998937,0.839990410854642,1.00763763947431,1.00471269670842,0.0228581083026185,0.3,90,0.01,14.328250944709,0.01,-0.0049436574536791,0.00454120026996903,1.96911741725672,4.01352075333446,1401,1443
15.5259308722539,13.6715884994615,0.839098579824582,1.00075187289632,0.998996024780022,0.0562643327720909,0.3,90,0.01,14.8938755710357,0.01,-0.00428388462443038,0.00125310611647293,-2.29621500648225,4.20747738242294,1402,1444
16.6747335793786,12.2322707668817,0.850171264245011,0.987617899391091,0.990773824089653,0.0387161004388568,0.3,90,0.01,15.1728798789448,0.01,0.000717927054805736,-0.00802872679145759,0.912371429784672,-3.31008733134026,1403,1445
15.7041597600275,13.6367693855434,0.853673594360393,1.00230476224198,0.993687328283593,0.0214383877135792,0.3,90,0.01,14.4494069369616,0.01,-0.00539363211127892,0.00859901205286908,4.3907115213475,-4.57876981658238,1404,1446
16.2905978028099,13.722469432265,0.847942357323289,1.01887566993959,1.00655851735818,0.0291104875246133,0.3,90,0.01,15.4728259462189,0.01,0.0094815316827383,0.00541303864374909,-4.15808258836872,-3.35815223578148,1405,1447
15.425714012751,12.1347392325593,0.833500241887968,0.990530359968501,0.998948655987908,0.0560938980846961,0.3,90,0.01,15.0683147714218,0.01,-0.00329659284701393,-0.00254212809010802,-1.56905027826249,0.836223435603312,1406,1448
16.5285911493369,13.4789631684437,0.830723807299019,0.989479030753037,1.00644892442777,0.0343135209103646,0.3,90,0.01,15.129476417144,0.01,0.000303667314544082,-0.00987976718098184,1.13438633849615,2.73060200443421,1407,1449
15.723408798043,12.6467234421444,0.84393895066606,1.01094931022705,1.00324124491521,0.0319415723846449,0.3,90,0.01,14.5366337214958,0.01,-0.00176669168833277,0.00407000810874482,-0.408609213564065,2.22697775011608,1408,1450
15.375369881218,13.6425557743159,0.860748366458351,1.00747185287317,0.993188487995133,0.0512185998882762,0.3,90,0.01,14.0342138969637,0.01,0.00822419540456242,0.002693091256733,-3.39988671088568,3.16378682226241,1409,1451
15.4174079373948,13.5396125414539,0.859695365174207,1.01674924067663,0.997109216664598,0.0482202054993741,0.3,90,0.01,14.7396814649065,0.01,-0.0069176636283814,0.00251914800371238,3.00184286573884,2.66415066815938,1410,1452
15.572748381215,13.8414913091192,0.845669835884318,0.988424841996206,0.993128846109057,0.0479146693968998,0.3,90,0.01,15.0318877871873,0.01,-0.00858053899882298,0.00810248879505308,-1.33984771069484,-2.98348796661213,1411,1453
15.9556029281919,13.2258752641169,0.847495741129081,1.01859243271777,0.995281316061269,0.0338204964897919,0.3,90,0.01,15.4898005960883,0.01,-0.00158377138581923,0.000993075699423395,-0.777996426981727,-4.21372157635076,1412,1454
16.05954637619,12.5994063186493,0.843608357634365,1.01827107534737,0.998705776843584,0.0555574135661125,0.3,90,0.01,14.3846301074529,0.01,0.00711635895096471,-0.00525689804832031,3.05769032920934,-3.95273590126084,1413,1455
16.455212062487,13.1259079352866,0.837884801965902,1.01088075053671,0.996760431903753,0.0367038459995874,0.3,90,0.01,14.8497350590497,0.01,-0.00868148601495518,-0.000443753962281454,-2.03838063869274,4.65175104427168,1414,1456
16.7541196422296,13.4085030897106,0.852307786392299,1.00815131630115,1.00905940217303,0.0291740543901717,0.3,90,0.01,15.8736323780587,0.01,-0.00600027295179725,-0.0055161270205884,-3.28859517301822,-1.47088448882517,1415,1457
15.3315877645667,13.2406411593624,0.848333533930882,0.982750840670452,1.0048265986297,0.0301267122630942,0.3,90,0.01,15.0186258207083,0.01,0.00334109515416848,-0.00725100903836649,-2.11371811456749,4.06479457293521,1416,1458
16.9567685727304,13.2841169846853,0.839062193733179,0.981562965234486,0.990914418583526,0.036187459126031,0.3,90,0.01,14.0644618116991,0.01,-0.00392679331303268,1.27599532527053e-05,-1.69189355001889,1.84938720631736,1417,1459
16.0713783798607,12.5200866231836,0.844399992295903,0.999506152992121,1.00278459601457,0.0282635952687191,0.3,90,0.01,14.2450142260653,0.01,0.00395047115042437,0.00448744940931179,4.98012179610269,3.89582923977379,1418,1460
15.2237515613064,12.9793564817396,0.863473123753861,0.993927611916484,0.990001274696702,0.0421043547257074,0.3,90,0.01,15.7276472191412,0.01,-0.0036516401457885,-0.00114943358505756,-4.71653875449181,-2.69368451170968,1419,1461
16.8184781454627,12.5611382171266,0.840078736672184,0.98412104926045,1.00407935222441,0.0502607844278846,0.3,90,0.01,15.3105455875964,0.01,-0.00958738146491414,0.00902605770883008,-0.155504053029765,4.66840471021575,1420,1462
16.1232265673107,13.5496961148995,0.86709730727188,1.013589830601,1.00584854914974,0.039213946899587,0.3,90,0.01,14.1211858518426,0.01,0.00573927119667046,-0.00791445411215875,-1.7451503026792,-4.85579433693037,1421,1463
16.0556069538465,13.0729405976832,0.855749265411291,0.987072069257781,1.00472637098288,0.0486333804889908,0.3,90,0.01,14.9002599471065,0.01,0.00714971646023069,0.00616465539713507,0.836230978625732,-4.28822668034514,1422,1464
15.3723737018236,13.6905687262297,0.841531627869389,1.01953795148197,1.00392945993709,0.0277922037837005,0.3,90,0.01,15.1623902132538,0.01,0.00821057113127193,-0.00559372841318257,0.785552449620442,-4.52100860431009,1423,1465
16.6634100907138,13.3779027284745,0.846029078273224,0.999729383663242,0.994792894060102,0.0391367745756107,0.3,90,0.01,14.6476376524325,0.01,-0.00981131639659089,-2.60764510581109e-05,3.20639850315201,-3.18251612684407,1424,1466
15.839165188389,13.3323801109054,0.838654580729554,0.985455439738611,0.992542303449671,0.0368176121001486,0.3,90,0.01,15.373370387575,0.01,-0.0023804073058177,-0.00877423419022024,-0.938733513983561,0.643365300836259,1425,1467
15.99328178538,12.4397258896479,0.845937536274534,1.00648497364624,1.0063932660166,0.0286240354412705,0.3,90,0.01,15.8462971049159,0.01,-0.00429809565006348,0.00942874947321245,1.68466986861041,4.79115857873885,1426,1468
15.6174516071456,12.7172424509196,0.839610725038317,1.00022958999077,0.99139258956057,0.0305559236015853,0.3,90,0.01,15.2951280642569,0.01,0.00930122329006138,-0.00360394812094707,-2.04304772291663,-2.83810937338356,1427,1469
16.7763345814303,13.1710328011123,0.853263458363288,1.01146975106514,1.00782950058605,0.0567460432508093,0.3,90,0.01,15.405914797136,0.01,-0.000458342151426004,0.00202566451779187,-3.20352930070988,4.70130913806953,1428,1470
15.9449113247105,13.8953628332198,0.863745851762497,0.985499690441881,0.995532505718258,0.0496700745222052,0.3,90,0.01,14.2684089494309,0.01,0.00627154294331428,-0.00125083196780184,-1.19645793957656,-2.50010177482676,1429,1471
16.9597369987492,12.3487233686612,0.85663140722773,1.0025360526843,1.00801644308616,0.0376570411626547,0.3,90,0.01,14.7890121468941,0.01,0.00156216820874801,-0.00561039574903604,-4.17165674659481,2.33350307926252,1430,1472
16.33766593483,13.0749196937644,0.844478997798809,0.99142351832018,1.00046982167581,0.0388958139545523,0.3,90,0.01,15.5565067111487,0.01,0.00524579353989202,-0.00441677195771754,1.14241616403362,-1.5555497027975,1431,1473
16.938074663992,13.0902257307195,0.849996204200598,0.991551178228583,1.00598876098483,0.0373130347667981,0.3,90,0.01,14.5574021816156,0.01,0.00456301582529744,-0.00604480339346744,-0.401877877815583,-2.573768595491,1432,1474
16.6975541317837,13.6698126148328,0.838524280123017,1.01959715992934,1.00504465963357,0.0591700805526675,0.3,90,0.01,15.6976902021228,0.01,-0.00686720232294472,-0.0058164636694211,2.05325648409508,-1.28261682312488,1433,1475
15.1228609297126,12.0969796007053,0.860106995891543,1.00810453514766,0.999821837006963,0.0441955643517403,0.3,90,0.01,15.6242520039989,0.01,-0.00487512257489974,-0.00073834461140654,-2.62138199472066,2.1983929177444,1434,1476
15.8037499027656,12.4590380402203,0.860896870744133,0.99601530086243,1.00224583560017,0.0339593315228678,0.3,90,0.01,14.310921190654,0.01,-0.00632992825499356,-0.00893966069643212,-2.69252162177682,4.27696410025805,1435,1477
16.0850643417239,12.216346964448,0.862133785557443,1.01739140527931,1.00998008876745,0.0238126785336374,0.3,90,0.01,15.7267079360039,0.01,-0.00209226716160179,-0.00382036570565748,1.91768004059405,2.02521778920765,1436,1478
15.4651893541209,12.4761550437983,0.859664814114853,1.00865291998409,1.00095029384854,0.0502043127161532,0.3,90,0.01,14.7075898746784,0.01,-0.000777146324828754,-0.00334493293059211,1.77903679277478,-0.353601137656722,1437,1479
15.1852836548715,12.1600115599521,0.845282493978491,1.01003422760358,0.999677880456009,0.0411483936841571,0.3,90,0.01,15.1303217997558,0.01,0.00571841830602405,0.000298102812594648,0.44167623478211,0.806235165743114,1438,1480
15.9470839875262,12.144339155769,0.853401984745374,1.01992478608876,0.991202225260962,0.0422104971971302,0.3,90,0.01,15.1570296155333,0.01,-0.00220594055163138,-0.00920054786027959,-1.63569542752235,-4.44428038374638,1439,1481
16.5558493165767,12.6126506009207,0.844660046372645,1.01406933953491,0.998858451588257,0.0557631793827864,0.3,90,0.01,15.9223187671794,0.01,-0.00787095111194873,0.00330974983413983,-3.02009789761992,3.1553885186888,1440,1482
16.5542407994615,12.2999790076125,0.860909497850833,0.996498305348975,1.00400986973719,0.021342041624409,0.3,90,0.01,14.1265941070451,0.01,-0.00818897244885279,0.00012242944138937,4.81746521752499,-3.19419854895108,1441,1483
15.1499545455788,13.6856567856677,0.845253284150316,0.987268729708534,1.00807969241804,0.0282517284859318,0.3,90,0.01,14.4739259347098,0.01,0.0041994946689144,0.00301396282697231,-4.56508603530989,-2.60037720631983,1442,1484
16.5770287256416,12.21235554075,0.864091994537437,0.98406463162001,0.992521288442435,0.0287627415953848,0.3,90,0.01,14.9482960966304,0.01,-0.00633816670223916,-0.00245866361416869,-3.11666451362275,-0.87716624013426,1443,1485
16.3749649226171,13.3207512706507,0.841606836378363,0.999333662490526,1.00911391987807,0.0526068333324591,0.3,90,0.01,14.6507401868119,0.01,0.00427320312123341,0.00815980327604671,3.28009864156411,-4.78282827557148,1444,1486
15.5295236141204,12.9971171726669,0.835874801477178,0.99678131747106,0.995201149297772,0.0496588179948858,0.3,90,0.01,14.9138427457383,0.01,-0.00153510525951269,-0.000142789739001883,0.221427209387487,-1.45875236816084,1445,1487
15.7487959505098,13.468843851829,0.86433795064973,0.985247279706255,0.996323528874796,0.0215160105348027,0.3,90,0.01,15.032368347416,0.01,-0.00432393361852503,-0.00435105882087506,-4.76971780282313,2.5509016561649,1446,1488
15.321522934958,13.9521136068212,0.844272851990921,0.990075793587887,0.995754604565134,0.0406474654220403,0.3,90,0.01,14.048142378118,0.01,0.0062905674310912,0.00446531425012363,4.84986555301419,0.315129404179228,1447,1489
16.7893354774775,13.6165154575071,0.867119721757633,0.991059323785141,1.00273246556094,0.0526459755225453,0.3,90,0.01,14.5004600208033,0.01,-0.00400678810784644,-0.000750676495420051,-1.62300859380918,2.25115931950588,1448,1490
15.2821411827911,12.4220353003045,0.868899416473725,0.994304841013672,0.995035112588981,0.0254684768313847,0.3,90,0.01,15.7796817847489,0.01,-0.00997331187121766,0.00903861465062718,-3.88787948999112,-1.51410959305779,1449,1491
15.7633591845172,13.1417733510271,0.867325563485628,1.01627832164933,0.997377575928716,0.0247753734931677,0.3,90,0.01,15.6021533155297,0.01,-0.00607853768899661,-0.00368001241877216,-1.61609058446694,-1.6842985651885,1450,1492
15.0728064609324,13.9111015405169,0.86586173906461,0.983080271690263,1.00645143525139,0.0313701337114209,0.3,90,0.01,14.1193385297834,0.01,0.00408078439421534,-0.000337057498716327,2.54405954261859,1.04013553276934,1451,1493
16.8736077218088,12.1320910381854,0.847465003835769,0.988394768012012,1.00522506426451,0.0360776458659252,0.3,90,0.01,14.621839368052,0.01,-0.00769821661172054,0.00807192936636841,-1.13216648877583,1.90654698168929,1452,1494
16.907444021321,13.9002701444874,0.843298405109057,0.988667416929546,0.994529101736525,0.0280889216870215,0.3,90,0.01,14.4942763439458,0.01,-0.00915423569760863,-0.00378242333832279,1.16694908005149,-1.44487431652246,1453,1495
16.7251733753539,12.2801146444369,0.83713318667217,1.01159907176848,0.995084983955589,0.0316118481067468,0.3,90,0.01,14.7005787941231,0.01,0.00705009441317117,-0.00740706718045674,4.24095530659023,-1.06020270160807,1454,1496
16.3210381233083,12.5312287557833,0.830838868513209,0.987575461913109,1.00296243233372,0.0529106900185431,0.3,90,0.01,14.0400887984906,0.01,-0.00921340038255217,-0.00754636781624431,-4.82687256811243,-0.414642332432035,1455,1497
15.222542366327,13.1042348766201,0.852198581425426,1.01162988012462,0.999563674917991,0.0260512379940428,0.3,90,0.01,14.4401396097824,0.01,0.00388083581568981,0.0023724629587318,-1.79118580376471,1.69982058794975,1456,1498
15.0883231388164,12.7080780872945,0.841204351940011,1.00799895756128,0.993477506058171,0.0552097330211727,0.3,90,0.01,15.6480731411905,0.01,0.00448154400104331,-0.00261191652880484,4.7077924178711,-0.91819755836098,1457,1499
16.2659932754307,13.8227222669369,0.85147379519992,0.999846101958322,1.00913116454473,0.0546969607957465,0.3,90,0.01,14.0378241764429,0.01,0.000369446310869201,0.00260717209571699,-3.71877255490415,4.3264136275276,1458,1500
15.3436501973203,12.4535726013746,0.833779744791962,0.980358823729593,1.00152236880526,0.0448336403590589,0.3,90,0.01,15.2323694038557,0.01,-0.00944639266205779,0.00822993984607135,-0.00750367001330243,-4.15987091547368,1459,1501
16.7675275304118,12.9194795410493,0.865908353802637,0.985877788635227,1.00764776309167,0.0466606035796131,0.3,90,0.01,15.9672213130253,0.01,0.00917524552929209,-0.00307412382245417,-1.41197643346349,4.21186090642274,1460,1502
15.6462681328235,12.4321016009326,0.834041255046972,0.986293020759781,1.00592770732117,0.032510145478419,0.3,90,0.01,14.6728896256814,0.01,-0.00276599333642041,0.00490182576543333,0.632153514531724,3.35944141651542,1461,1503
16.5387492660441,12.0857516159459,0.859861160669004,1.00823338175715,0.990173211991362,0.0211811670559221,0.3,90,0.01,14.7383325401796,0.01,0.00618536095079612,0.00243812835062971,-1.43394521261715,-1.74157200640734,1462,1504
15.4921528710015,13.5351627475603,0.846431820361758,1.006994497919,1.00186884014068,0.0335587417763965,0.3,90,0.01,15.1808555571292,0.01,-0.00445656361398415,0.0020526601614902,-0.499926681360464,4.94003330221993,1463,1505
15.7337251042961,12.2685425562958,0.868990006356157,1.00913518880112,0.990642320887797,0.0239439992278386,0.3,90,0.01,15.0080383515184,0.01,-0.00899274946204361,-0.00598062699272789,-2.63080544811473,-0.743847146626972,1464,1506
15.6551713360075,12.7623952095143,0.833261007920929,0.987475967742089,0.992362619969162,0.052210149574979,0.3,90,0.01,15.3278871487424,0.01,-0.00927620236079091,0.00742977550425818,-0.644680855029407,-2.6547001044333,1465,1507
15.9184583965679,13.0319205152896,0.845128796837389,0.98800711757348,1.00871128594384,0.0440211259199009,0.3,90,0.01,14.0362252889393,0.01,-0.00670019146463483,-0.00154715254258321,2.51264430272151,4.85134780933782,1466,1508
15.6079019280268,12.2112945731644,0.837541746853792,0.99734228768329,1.00842437243867,0.0507114960676498,0.3,90,0.01,15.7968187509244,0.01,-0.00217516872470749,0.00375654954189824,2.86936958004892,2.11749706508601,1467,1509
16.2147981340738,13.003135979998,0.848278467783043,0.990963368471406,0.991892181777827,0.0401955704929925,0.3,90,0.01,14.3491440051507,0.01,0.00223366810205613,-0.00718279298026178,-0.922276371935723,-1.9783753370849,1468,1510
16.366318698698,12.7946144606423,0.869672395101367,0.982521828387552,0.999865602219446,0.0403913276553583,0.3,90,0.01,15.3625866806328,0.01,0.00262307701035754,-0.00031737975794033,4.036571784962,2.50857938028651,1469,1511
15.696414812873,13.0492004862559,0.836979237484178,1.00176266606913,1.0066557220959,0.0335770814606516,0.3,90,0.01,15.0695737123832,0.01,0.00452101195959336,-0.00136683338446643,3.16816370176651,4.83296096069068,1470,1512
15.0204782175998,13.3172235538074,0.857084482798441,1.01761926345474,1.00822352827118,0.0547225420396461,0.3,90,0.01,14.7123489644144,0.01,0.00680597102918063,0.00385772061718792,-4.40914177566028,-1.74558812956025,1471,1513
16.3717897088982,12.294125518107,0.839546523922485,1.0161054872953,1.00682771718091,0.0375078660616159,0.3,90,0.01,15.7373440195526,0.01,-0.000113406719172366,-0.00932074560310499,-0.891083451107129,0.621836524124689,1472,1514
16.2661952464981,12.9542358540639,0.843445085027133,0.985334472615469,0.999876705950323,0.0523799854404896,0.3,90,0.01,15.6346559126177,0.01,-0.00813731024617168,-0.00509748125179101,-4.58249145737281,2.68992978918789,1473,1515
15.9027465620648,13.2123010621139,0.83963937015206,1.01025217807357,1.00027328139075,0.0479660710725556,0.3,90,0.01,15.2494017518058,0.01,0.00810977727118212,0.000768797452901315,-4.44594698669795,2.82229525783426,1474,1516
16.142322351667,12.6754042113576,0.867521150918169,0.990867399023821,0.995139345393363,0.0317220048192726,0.3,90,0.01,14.1829763753923,0.01,-0.00895059372343866,0.0023622332121864,-1.77048133641524,1.78708120824987,1475,1517
16.4141042029133,12.9936209450795,0.84139457527735,0.984220223284862,0.9990563635937,0.0476923850862046,0.3,90,0.01,14.3682564223747,0.01,-0.00355079361093821,-0.005786778073419,3.39659114467837,0.0313637526656798,1476,1518
15.1452540881251,12.4557233369062,0.831167052068439,1.01742352101611,1.00042097777075,0.0411166976361561,0.3,90,0.01,14.6388288549205,0.01,0.0047812531531987,-0.00359507168083859,-4.50274085824527,1.55040596728005,1477,1519
15.0164833793281,12.0043399026637,0.867312866337522,1.0192113442559,0.995457591585529,0.0257784663338537,0.3,90,0.01,14.4170341647347,0.01,0.00391329589075545,6.39439780890389e-05,4.35209120188971,-4.97909400929567,1478,1520
15.8204259825323,12.9334992473247,0.866369621583159,1.00118466945046,1.00203335108368,0.0404447600357852,0.3,90,0.01,15.9384591350399,0.01,-0.00108122212755629,-9.88676130835725e-07,-2.12133202834732,1.81218317293824,1479,1521
16.3984995117997,13.8319051280979,0.852389925659051,1.00560352260605,0.99507444362645,0.0585143416826887,0.3,90,0.01,14.5133097249817,0.01,0.00768601440168985,-0.00152619082426613,-1.60298466927503,0.44766323887374,1480,1522
15.8386235085092,12.6322752569637,0.865485690291733,1.00664101433807,1.00112177029784,0.0584483367257037,0.3,90,0.01,14.9013407500876,0.01,-0.00660379062299765,-0.0093192136152916,1.83082035829834,3.49845917587312,1481,1523
16.9675225522033,13.9880938542442,0.840968216179618,0.996877210410319,1.00188682173913,0.0303064110891194,0.3,90,0.01,15.3982075580119,0.01,0.00881261098943146,-0.00580160447878469,1.08859556498046,0.0509711362347165,1482,1524
15.2660767265748,12.6384542372702,0.86495213926082,0.991382133767526,1.00304767025879,0.0542366846318448,0.3,90,0.01,15.6427925342447,0.01,-0.00113415234488957,0.00443034530692041,2.60122547641248,-1.10571557061007,1483,1525
16.3553176085395,13.1021845614377,0.845684196639822,0.990740370307983,1.0010971782029,0.030329114764207,0.3,90,0.01,15.5034298167289,0.01,0.00715464326021362,0.00719295196712237,-3.24530029756813,1.46056551861063,1484,1526
16.4254598616672,12.640711186446,0.858362267171103,0.980789940158182,0.993119529006724,0.0329118845091003,0.3,90,0.01,15.1149088553969,0.01,0.00884743150338649,-0.00798369288662016,2.91988553176302,4.83921464010758,1485,1527
15.018312335693,13.0258760534536,0.867386303368896,0.985026211127485,1.00293265989926,0.0344150436276961,0.3,90,0.01,15.5521572785772,0.01,0.00551742628473453,0.00230340068280426,4.06432628029909,-3.66683738035655,1486,1528
16.8884783839302,12.8443594126357,0.857950064233551,0.984379189091753,1.00417663611779,0.0308096363487332,0.3,90,0.01,14.0976841784037,0.01,-0.00152685366041513,0.00602870257072704,-2.49486579797358,1.56518684393638,1487,1529
16.9318344889676,13.252319328125,0.852887777279855,0.987047761726013,1.00996235936442,0.0436062564290879,0.3,90,0.01,15.5387307720161,0.01,-0.00536220318403845,-0.00295910562790762,3.00549980735821,1.7335920118117,1488,1530
16.4923155957038,12.4963973292175,0.865627649863713,0.992790064545849,1.00124990081842,0.0268945086529299,0.3,90,0.01,15.7874260495479,0.01,0.00499131138335291,0.00631716731034811,0.619666291713074,-3.19701562822716,1489,1531
15.8180096750764,12.7040465667294,0.847993682266046,0.98777288805111,1.00748557332786,0.0325212184877981,0.3,90,0.01,15.0443755796968,0.01,-0.00892038806209456,-0.00237830565262785,1.67135353903375,1.53270147218198,1490,1532
16.6477653200475,13.0631646184982,0.841106009945663,1.00269591190266,0.997504640162921,0.0311868421010159,0.3,90,0.01,14.8587937665593,0.01,-0.00187626551720182,0.00103176025540772,2.58268166149374,4.57242570036025,1491,1533
16.4838798125222,13.536178949548,0.86253384306871,0.992593431877758,0.994767432487832,0.034556888956352,0.3,90,0.01,14.1456337959729,0.01,-0.00205265539354885,0.00933809119661919,-3.5850103611264,-1.66160288829228,1492,1534
16.5826830045123,13.657486875436,0.846108120604968,1.01371533617544,0.993743325441035,0.0510407489297574,0.3,90,0.01,14.392901646368,0.01,0.00798094474613653,0.00825704260570112,2.83789287534702,1.56098822052195,1493,1535
16.6255564677344,12.6900313420194,0.847320149193261,0.998547090495048,1.00456763197602,0.0414696825372871,0.3,90,0.01,15.200665447821,0.01,-0.00046338721927673,4.58851337384429e-05,-2.53632662436075,2.62353323112469,1494,1536
16.5487276549123,13.9129193631783,0.855900669657012,1.01411473594869,0.996866132043214,0.0341759166377201,0.3,90,0.01,15.3913504651799,0.01,0.00831622662990327,0.0082317350218404,2.32586673251057,-2.03431624640296,1495,1537
15.9102031466058,12.0539201791103,0.86874735526192,1.01551243351254,1.00844589989973,0.0398784491758667,0.3,90,0.01,15.7361858650439,0.01,0.00445535398123839,-0.00733371004348626,-3.32250536266839,2.54131636053654,1496,1538
15.1864564093761,12.2710799896627,0.841979425917957,0.986494623848537,0.992636341726192,0.0267035964495481,0.3,90,0.01,14.5690890866728,0.01,0.00563715739683979,0.00283626871411997,0.0414359901633379,-1.65497628697148,1497,1539
16.562776287792,13.8106487064599,0.849203828760464,0.996838834363031,1.00837496158688,0.0498774366588667,0.3,90,0.01,14.6105632571025,0.01,-0.000747603607734784,-0.00929469001378838,-4.39251854105189,-0.727265622845604,1498,1540
16.742075552991,13.0823476247326,0.832608342915962,1.00528851244132,1.00429293296279,0.0203840860548228,0.3,90,0.01,14.2714281409998,0.01,-0.0031946203923397,0.00934717620465269,-4.47931861547201,-3.77847241621933,1499,1541
15.0005525720685,13.4758709212027,0.842404036670299,1.01898187364556,0.996838011915927,0.0544954491142439,0.3,90,0.01,14.251350709816,0.01,0.00353691235866264,0.0018772623795724,4.31552314375791,1.81924312631458,1500,1542
16.9849386302821,12.4924400789658,0.830327870964531,1.00974948313293,1.00254917102635,0.0514262322474556,0.3,90,0.01,14.161343426861,0.01,0.00132335073890371,-0.00413518892350164,-4.80797360768324,-1.25320055973835,1501,1543
16.2784411825208,12.9686852327953,0.867615370306659,0.9880645648055,0.994871283515227,0.0447044040067932,0.3,90,0.01,14.0272366046985,0.01,0.0073432274789526,-0.00739073139307211,1.32834923817293,-1.59871004408858,1502,1544
15.9126393978491,13.6739750950304,0.835412195049924,1.01247498369181,1.00500315204781,0.0254894385445895,0.3,90,0.01,14.6673896723827,0.01,-0.00025210359339,0.00724011348290426,4.44054786510884,2.0235059112399,1503,1545
15.6669301431792,13.4591915957691,0.860302851099516,1.014511293339,1.005958803869,0.044970769353187,0.3,90,0.01,15.8143301536772,0.01,0.00546117732089475,-0.00585948771237695,-4.78488545746071,-0.973488483801002,1504,1546
16.6414144638615,13.5620304198993,0.863495551706131,1.00940734184144,1.00614102093939,0.0487725162856102,0.3,90,0.01,14.7110261326138,0.01,0.00170640943658688,0.00772179482923312,3.94783503991022,4.24610119657153,1505,1547
15.2691148319436,13.2863827092836,0.866343742997924,0.999796182514944,1.00985676825309,0.0232213410620059,0.3,90,0.01,15.7154978661195,0.01,-0.00430077849549353,-0.00634481226114004,-2.40342958171329,1.23283195782765,1506,1548
15.903847240724,13.9215241160697,0.832319954497011,1.00658727840468,1.00662285404412,0.0301651465776127,0.3,90,0.01,15.8292473265607,0.01,0.00933029650834044,-0.00498337190179669,3.77666700183179,2.71215660263762,1507,1549
16.3137475838935,12.507952735149,0.844209472833969,1.00676811426618,1.007969599351,0.0574131353094364,0.3,90,0.01,14.256986768574,0.01,0.000357966307886976,-0.00763934588863973,0.625076549186266,3.76466239824965,1508,1550
15.1157499340659,12.7852307822464,0.866535877060198,0.9802711354828,0.990034555759147,0.0464062611087911,0.3,90,0.01,14.16751182883,0.01,0.000930941318166283,0.00452665925527949,3.32872137113021,-4.66973887386059,1509,1551
16.0350953729137,13.2767383766612,0.847520828426151,1.00402292122678,1.00526432709387,0.050002025455939,0.3,90,0.01,14.401936062277,0.01,0.00815455983873379,-0.00870204384890582,-2.30447322072897,-4.32462895226159,1510,1552
16.8094050269574,13.5918711812695,0.867833287232661,0.986919204231914,0.992852979288705,0.044817733725945,0.3,90,0.01,15.2607037686134,0.01,0.00561821876735966,0.00523474685236535,-1.31536711859121,-4.55608107191415,1511,1553
15.1635586366332,12.0569274209198,0.858578294149839,1.01687053202924,0.991755975926847,0.0451431450361248,0.3,90,0.01,14.9711066201077,0.01,0.00416953137660861,0.00927245291939076,-2.52779512538042,2.23309367128583,1512,1554
15.9835919677718,12.6655185052444,0.843636651905698,1.00757970638713,0.994668237910191,0.0453520202308272,0.3,90,0.01,15.9888800849663,0.01,-0.00110147307601777,-0.00166140399640299,2.25525281600498,-0.195955507679726,1513,1555
15.3146028074226,12.7701038544619,0.843754326041989,1.01986265981251,1.00628235358219,0.0485764029343128,0.3,90,0.01,15.4292890488227,0.01,-0.00459686635951728,0.00126900724210003,0.30739261865215,-2.39611713325163,1514,1556
15.4677972717097,12.5090260268415,0.836676131191185,0.987529884846731,0.991629126713521,0.0425317451032772,0.3,90,0.01,14.477985365537,0.01,-0.000130672152076463,0.00824865941865886,-2.9160597781704,-4.39177544904144,1515,1557
15.594292500223,13.9743799931477,0.839039924255312,1.00360937026916,1.00223232654272,0.0415153855361815,0.3,90,0.01,14.3374303505827,0.01,-0.00223715080816887,0.00178651641966842,1.64607131614739,1.66108436796404,1516,1558
16.9408779548575,13.6014760814926,0.83127110669114,1.01725134438702,1.00418639246787,0.0220012526366088,0.3,90,0.01,15.9146333238948,0.01,-0.00901040512924925,0.00146312642555177,0.448783501202909,-3.02359393272664,1517,1559
15.6053872194721,13.7592201408998,0.850560394100518,0.983915279672877,0.996015433771663,0.0440007818538238,0.3,90,0.01,15.1498254452966,0.01,-0.00894577570941221,0.00649391818940816,0.43838984063067,-3.50554443403861,1518,1560
15.0719600194074,13.2654174758549,0.840626934713899,0.997569534490372,1.00576600507103,0.0345303060329476,0.3,90,0.01,15.2863586573479,0.01,-0.00570015714111787,0.000119646148134549,-3.54063136404512,1.74902044735373,1519,1561
16.4173972408661,13.9087177957049,0.840241528530631,0.99021067490985,0.995848217612621,0.0233684141650888,0.3,90,0.01,15.6539156087807,0.01,-0.00804430822389553,0.00987472163236035,0.208260601457049,-0.0740768354400076,1520,1562
16.7177525849003,13.8617384600378,0.839804354019077,1.01747911874476,0.992495030341085,0.0406204386364553,0.3,90,0.01,15.0843998494026,0.01,0.000341937323986106,0.00157940114074393,4.96177991418286,2.13037305447773,1521,1563
16.6278706143788,12.0495375190887,0.836600316989079,1.0047966437895,0.997154980933947,0.027005998939263,0.3,90,0.01,14.1532857101766,0.01,-0.00297381416601181,0.002195233948779,2.55009774589452,-3.75709035969379,1522,1564
16.6641488182451,13.7091328098415,0.864734284942847,1.0111764313563,0.991646645584113,0.0234696006864771,0.3,90,0.01,14.4573214035218,0.01,0.0085200645414652,0.00170420889965544,-4.11052295757787,-1.13136668513935,1523,1565
15.4536869414329,13.0646242561594,0.854489482479654,0.985928365577237,0.9918647003822,0.0235246388484889,0.3,90,0.01,14.7368940713214,0.01,0.0078444907268351,-0.00282568085589785,2.95531633041963,-0.408710727640644,1524,1566
15.2545341223217,13.4629446160608,0.853347208161876,1.01170663000209,0.995406170523573,0.0417896256087637,0.3,90,0.01,14.9396390195008,0.01,-0.00608722512622737,-0.00605467181636158,0.898696642834665,4.38523905533008,1525,1567
16.3811823866788,12.2445205917067,0.833879738595072,0.985763220094871,1.0015135812195,0.05010532124169,0.3,90,0.01,15.4660109211952,0.01,-0.00185125313014089,-0.000682766445774963,-2.6522949172734,-4.33507060889609,1526,1568
16.140426641279,13.7517444657572,0.854438558331537,0.99466112458262,1.00034727254578,0.0566067776291928,0.3,90,0.01,15.0570419245645,0.01,-0.00388315832035472,0.0051201471948287,3.5103089000207,4.24181188333225,1527,1569
15.5336549837272,12.8846797473738,0.834467437219019,1.01931546032995,1.00272050286597,0.044389259523032,0.3,90,0.01,14.1548457390987,0.01,0.00152643597860621,-0.00985446622841361,-2.4483643343564,-4.98015399188972,1528,1570
15.6640544465773,13.4816597031013,0.853787319475291,0.983226082142741,1.00310387755097,0.0497723678592775,0.3,90,0.01,14.5945797750696,0.01,0.00434888058641762,0.00119766539574434,2.899976493116,3.07908963500284,1529,1571
16.2304173905507,13.1875932266052,0.83055574650054,1.00931019461022,1.00694126077332,0.0255855371416977,0.3,90,0.01,15.6818985614401,0.01,0.00254642457193379,0.00136729534395295,1.93257752273522,4.74480265430511,1530,1572
16.5618170270675,13.6268934216038,0.857363117754775,0.99902979874553,0.998356562460316,0.0419005509377458,0.3,90,0.01,14.5759956314249,0.01,-0.00721513405329337,-0.00573314210577053,3.03218007604699,-1.87189333826448,1531,1573
15.3488976522488,12.3288690249378,0.858164627168749,0.987425345345445,1.00925781297518,0.0320576979582956,0.3,90,0.01,14.8969426280109,0.01,-0.00606272081654991,0.00362708377944782,-4.60441348524892,2.14009409103195,1532,1574
16.9935032380062,13.672524466481,0.853567549329715,1.01928934458687,0.99406441789255,0.0364846593580833,0.3,90,0.01,14.1586178302928,0.01,0.00947013276798341,-0.00651095519211498,4.91291004943685,-1.01016275939964,1533,1575
15.3134149714322,13.8769229824544,0.861712417144289,1.0103994648055,1.00399565812768,0.0537802282376968,0.3,90,0.01,14.7137269286177,0.01,0.00303000659341879,-0.0027493038237324,2.52884130708127,-2.74462475860231,1534,1576
16.0006160848423,13.5661970914086,0.865362867992908,1.00134757888956,1.00289960856902,0.0338791487316033,0.3,90,0.01,15.958895850763,0.01,-0.00925890937129385,-0.000557115987932472,1.23595545627069,4.03263502899391,1535,1577
15.2653744035599,12.9443170994773,0.834252032962708,0.98342141321258,0.9987834804403,0.0443405651845944,0.3,90,0.01,15.0129534241771,0.01,0.00855378088743456,-0.0047703112039954,-3.39175978760253,3.37558639014501,1536,1578
15.5245625647659,12.0506871460832,0.868689620777923,0.981546587436351,1.00898437459155,0.0342618373308522,0.3,90,0.01,15.2476577965961,0.01,-0.00518406639393078,0.00415714973442973,1.46333435383187,1.00829092284772,1537,1579
15.7862824100415,12.7063780972035,0.832590131375324,1.01352589994181,1.00903497427184,0.0399408416647727,0.3,90,0.01,14.4035484149846,0.01,0.00218670407256221,-0.00511048448994231,-0.814414762092642,3.48043164869324,1538,1580
15.8705538559411,12.6347265660805,0.833209687876806,0.99958572346593,1.0009317346806,0.0261690953789349,0.3,90,0.01,15.5918140336398,0.01,-0.00941107504795474,0.00369342805757306,-4.236127192515,1.02117556008589,1539,1581
16.4032814339857,12.0668097743926,0.838215016416309,0.996976615964987,1.00855890646714,0.0337741962338493,0.3,90,0.01,15.186207564827,0.01,0.000672720848623187,-0.00594543681353518,0.161069494771445,1.71583961595629,1540,1582
15.4739415899004,13.188513606126,0.861095316494737,0.997039831035863,0.997845179630634,0.0345681228048956,0.3,90,0.01,15.0986705893363,0.01,-0.00994002498775814,0.000652951495477607,1.87755094772734,-0.901578835286188,1541,1583
15.9507566445813,12.8479032994128,0.838981819395904,1.00347131636853,1.00064552847874,0.0453789189474862,0.3,90,0.01,14.0107116376415,0.01,0.00314432087951175,0.00736870508465718,-3.7259128663113,-2.83105751760655,1542,1584
16.0581447159682,13.9893733412093,0.844413683416019,1.00554838639877,1.00633515755717,0.0409458285441104,0.3,90,0.01,14.4246904131186,0.01,7.76593342825746e-05,0.00461172839142548,1.5322663309499,-2.42489202210175,1543,1585
15.9620801765572,12.8906857917662,0.832702569495967,1.01693660797834,1.00710519966374,0.0437869734146978,0.3,90,0.01,14.9023165756232,0.01,0.00276001197776486,-0.00625734277113183,4.62012945033111,-1.72466907182734,1544,1586
16.8032399769346,13.6191095108511,0.862685782895857,0.994165811584931,1.00845586809195,0.041198125661452,0.3,90,0.01,14.9067926976562,0.01,-0.00588701169223584,0.00999154629327593,-4.63305628321988,-1.67943605308202,1545,1587
15.1937842952296,12.2142517899708,0.859909553601004,0.98070812155615,1.00784273817251,0.0210998872301017,0.3,90,0.01,15.244501694715,0.01,-0.00962347791553886,0.00839081221736937,-0.418146337922834,1.10629502239141,1546,1588
16.116337822933,13.0200214946687,0.869141526452961,1.01135508917513,0.996063861125314,0.0265438752163424,0.3,90,0.01,14.4790509272313,0.01,-0.00198634587882865,-0.00905998867202048,3.45998236056053,4.07185599038469,1547,1589
15.1642997931522,12.6355266232598,0.850758754695716,0.991377342869948,1.00954261036948,0.0232447222388529,0.3,90,0.01,15.4002387803858,0.01,0.00589683330659155,-0.00707728486467498,1.66165399085108,-1.72523097665991,1548,1590
16.9575143389897,13.0926333652523,0.830004623059025,1.00105922655013,0.99939796391161,0.0558481407906123,0.3,90,0.01,14.4851154512309,0.01,0.004591065015284,-0.00553026515263176,2.09879271447016,0.48922072455982,1549,1591
15.1417130235131,13.5079191047325,0.844100917196908,0.997993773703065,1.00619965611216,0.0456319560069051,0.3,90,0.01,15.3973767953301,0.01,0.00535381625314538,0.00148875627877119,-2.50258825836938,-3.14237437236299,1550,1592
16.8950157509874,12.6010956200516,0.854660862692682,1.00265910222152,1.00718795387116,0.0580290395447732,0.3,90,0.01,15.7098645278349,0.01,-0.00457585720425819,-0.00748504354639442,-0.245230650815619,2.37745135716514,1551,1593
15.8847504652595,13.0272747649947,0.849846580666702,0.988744908199585,0.999554776476757,0.0538147190177048,0.3,90,0.01,15.1681013624435,0.01,0.00225559724242316,-0.00626530801425321,1.81189652378134,-4.6212269403959,1552,1594
15.1786398042399,12.0422111951118,0.834486927227715,0.98115149608571,1.00599072030177,0.0491941877856512,0.3,90,0.01,15.5469276035594,0.01,0.00781763579416345,-0.00185294676521,-3.42115084858463,-4.83936519463807,1553,1595
16.1655361785811,13.2721784610453,0.83318922388763,0.987112520801858,0.997009817850233,0.0513399929305188,0.3,90,0.01,15.0507128007351,0.01,-0.00501408844926653,0.00327714816234227,3.61921030165354,2.90888014388813,1554,1596
16.3388162354878,13.696163665653,0.833036653592012,1.00225562220647,1.00779484031853,0.0532146899829303,0.3,90,0.01,15.3323721963822,0.01,0.00534495400783137,-0.0013242346223546,-4.84555088009489,-1.52919875186603,1555,1597
16.76032020373,12.1636792750935,0.868225272521848,0.984795904121009,0.990513201078226,0.0557511537306998,0.3,90,0.01,15.9018337361023,0.01,0.00292708856892677,0.0024878016648168,-0.372671705019197,0.704374494742785,1556,1598
16.9429612889799,13.383334388326,0.851325607658718,1.00981047030441,1.00169221631652,0.0455101350589352,0.3,90,0.01,14.22512952023,0.01,-0.00748850363681559,0.00563302726121274,1.00697507730749,-1.05323535232946,1557,1599
16.7049266869367,13.5930098479319,0.838798293479981,0.983686635024345,1.00676477327974,0.0209183419275268,0.3,90,0.01,14.2989379812667,0.01,0.00356513255628721,-0.00812977685786286,-4.88047946879226,3.96893754943827,1558,1600
15.3987577145306,12.7320304958635,0.843850839625021,1.00787350560602,0.992302152426329,0.0405745286159288,0.3,90,0.01,14.0750155286206,0.01,-0.00171324905336951,-0.00789235991440206,2.20711908175254,-4.95677022750541,1559,1601
16.3859396770279,12.4206210480776,0.837489899410287,1.01957401721551,1.00404527681881,0.0530412197972623,0.3,90,0.01,15.8114830923117,0.01,0.00763142011148749,0.00129936363039163,-3.42917990940611,-4.7866921196565,1560,1602
15.0868610264835,12.7428535693976,0.840835001846575,1.01018439949799,0.990261283367925,0.0395624214364915,0.3,90,0.01,15.5712890774841,0.01,0.0087915698569254,0.00743790679536214,-3.9389809898698,3.51869835501675,1561,1603
15.9758638241043,12.9322220422642,0.837402665688294,0.991222941003472,0.997219674265281,0.0256462748227131,0.3,90,0.01,14.4206073770366,0.01,0.00402191060557652,-0.00597154500890479,1.71117838347239,-1.83961018087129,1562,1604
16.2930087157878,12.1883226397806,0.830779883464636,1.01377098216246,1.00250501026634,0.0318986105334153,0.3,90,0.01,15.9726979133925,0.01,0.00290061925030371,0.00545153640402159,3.04958610565838,-1.03718211844612,1563,1605
16.4852044096086,12.9421302083251,0.843194845258234,1.00584005121477,0.997272521377377,0.0377955824249231,0.3,90,0.01,14.843515567669,0.01,-0.000560932284482655,0.00333105079273611,-3.57994268198742,1.19917251901726,1564,1606
15.6636014273388,13.3762436462666,0.857928365119926,0.999670741486094,0.99999146058227,0.0593407579955236,0.3,90,0.01,15.2691560626973,0.01,-0.00343427196968194,0.000965150560897658,-3.44468905214679,1.71321756112485,1565,1607
16.88500141462,12.9277540976777,0.838812245449296,0.980572292730355,1.00551033966848,0.02999522065047,0.3,90,0.01,14.383828882175,0.01,0.00248358396077873,0.00991897871583321,-1.07436870790528,3.08315838004445,1566,1608
15.8194302639782,12.3422290021043,0.846585267681144,1.01221664234077,0.992580029285312,0.0261504718895912,0.3,90,0.01,15.9663953962691,0.01,0.00547758706931929,-0.00964248039729278,4.17019502811617,2.87926946709841,1567,1609
16.0999489829023,13.4230707863867,0.847826943354928,1.01480390369567,0.998860641570399,0.0564472094518534,0.3,90,0.01,15.320546481208,0.01,0.000881342760306247,-0.00494203198697781,-1.31093165506239,-3.88764150199337,1568,1610
15.2731070952977,13.244695131256,0.840730595108917,1.00570848630785,0.990023661667616,0.0273169457088896,0.3,90,0.01,15.2255911264943,0.01,0.00460020203407602,0.000819301570763703,2.93417853246147,-2.5293768812997,1569,1611
15.7241645897244,13.9492357728278,0.83743469762644,1.01633551263381,0.99793955157935,0.0357060881520783,0.3,90,0.01,15.1613702700862,0.01,0.000507684035057297,0.00666718079992287,3.01443559460322,-1.17017098874066,1570,1612
16.2790115141537,12.2365504210046,0.855454822776667,0.991763894437324,0.994514546983211,0.0385572960824583,0.3,90,0.01,14.388195894193,0.01,0.00357634728204193,0.00723186579284821,-0.0492234166939838,0.748941684823548,1571,1613
15.1890293873627,12.506643833375,0.859626962937529,0.989374950751727,0.999984708872182,0.0242396120879286,0.3,90,0.01,15.5866924556197,0.01,0.00888180293792169,0.00238194889725106,-2.70567763728239,0.854440914043284,1572,1614
15.0778159426004,13.5881959061736,0.861906307203334,1.00949585880493,1.00949931428101,0.0337533799142921,0.3,90,0.01,15.8632693339527,0.01,-0.00511117813817476,0.00290375908651168,-0.0803594650309822,-1.56757670779173,1573,1615
15.1020612461013,12.8160987395612,0.844742006990278,1.00420286208439,1.00354844353077,0.0444595555668898,0.3,90,0.01,15.1736590756166,0.01,-0.00626115996331406,0.00435104400103452,-0.478525643058298,1.93841675773453,1574,1616
15.2786853201791,12.4173884009574,0.857202840124271,1.00106828750035,0.9970456276019,0.0225712051454524,0.3,90,0.01,14.0607233868736,0.01,0.0070681749595972,-0.00387074032729329,-4.12540260570363,1.96244723799192,1575,1617
16.1030608631057,12.3275651789424,0.838412427546753,1.00263938639011,0.993762858754147,0.0572436973199451,0.3,90,0.01,15.9339192078746,0.01,0.00272140518128536,0.00093033640865489,-0.0984376702840537,0.378451964371608,1576,1618
15.656220624224,12.967522348108,0.83538379125109,1.00802402559558,0.995761613157668,0.0475833767115549,0.3,90,0.01,15.1692322429972,0.01,-0.00792382443652012,0.00785268582788803,-0.227948403100747,2.55913945700542,1577,1619
16.7084291550213,12.9023523855855,0.852336108517892,0.999963752540403,1.00552297479591,0.0268272972391572,0.3,90,0.01,15.0104449254748,0.01,0.00147326832299765,0.00656152356842297,-1.47416811401878,4.53899509714733,1578,1620
16.7294149160532,13.1330447952529,0.837462191659471,1.01338448699763,1.00814759313481,0.025930796974779,0.3,90,0.01,14.4847309741606,0.01,0.000457022492838754,-0.00142033973354464,0.727263928158112,-0.293217908858446,1579,1621
16.1936834072418,12.4105045880259,0.84665173004524,0.991886962489652,1.00510536998432,0.0393909080253375,0.3,90,0.01,14.141996982399,0.01,-6.52892269040299e-05,0.00121152986547177,1.14768960288763,-4.0518709090931,1580,1622
15.5954758594488,12.3313250855456,0.850735096418976,0.985166411279819,1.00700186992389,0.0436770329521937,0.3,90,0.01,14.7322102774141,0.01,-0.00314774077749842,-0.000183108607148362,4.02448555612377,-4.93171317328793,1581,1623
16.7928998194356,13.3815069497677,0.849111939691763,0.994722434193624,1.00055537846989,0.0402663610913991,0.3,90,0.01,14.8272875712254,0.01,0.00221737236008084,0.00854126688091856,-0.231274554642685,-0.0767874638696977,1582,1624
15.7093350866343,12.4679271874967,0.84011846376579,1.01198887444013,1.00850382543373,0.0551581744388404,0.3,90,0.01,14.3205338427499,0.01,0.0057542187789145,0.0025788722184821,3.95128543366701,-4.139084519252,1583,1625
15.7529001105668,13.8907166277981,0.853860749262289,0.986766541976535,1.00154111673204,0.0390962847981588,0.3,90,0.01,15.7971239996014,0.01,0.00570793976246938,-0.0037372842255108,3.67114492476741,4.56422977940228,1584,1626
15.6038473320576,12.6630335259839,0.864692337515759,1.01601274216722,0.998973845765121,0.0324230524058291,0.3,90,0.01,15.8758442317954,0.01,0.00428163310657855,0.0048409346037054,-0.89832890579704,4.60706920070913,1585,1627
15.2575900517945,12.4000750763753,0.843024557418167,1.0143622195439,1.00880272052842,0.0376750256439128,0.3,90,0.01,14.6313482185404,0.01,0.00319352544963109,0.00342433490955005,-3.85174148837539,3.93867184692981,1586,1628
15.2741093733342,12.6814910398832,0.837595074732143,0.989488350318881,0.991480097321918,0.035557931109933,0.3,90,0.01,14.5806967235317,0.01,0.001238861472772,0.000593297846386851,1.19321716450053,-0.662445127248834,1587,1629
15.0270698028086,12.9344144349905,0.852481944191062,0.995659876252602,1.00771339076181,0.0240495075722476,0.3,90,0.01,14.7025853213607,0.01,0.00421964665263773,0.00929105971324471,-0.913405648648339,-2.50599492768066,1588,1630
15.1054807117516,12.6274508091601,0.835576543767181,1.00882276930857,0.993040267918572,0.0464420403705925,0.3,90,0.01,14.2184077500637,0.01,-0.00886266178546126,0.000476866538281946,-0.350669130080371,2.93763491247259,1589,1631
15.3808408516077,13.4069773553275,0.852203054718717,0.997217355388602,1.00727907205636,0.0334495941319895,0.3,90,0.01,15.4505741013249,0.01,-0.00948668423341825,0.00819458674805991,1.38052543161454,1.861265505427,1590,1632
15.156785727188,13.9733367019809,0.84488684819351,0.993761532503679,1.00999903462071,0.0549849307090501,0.3,90,0.01,14.2009656865799,0.01,-4.83512724231572e-05,-0.0038086032163926,-1.37349305144888,-4.45345603743424,1591,1633
15.5789447103409,13.4800845130418,0.838560811835094,1.01730676163223,1.00535836459913,0.0430595663993419,0.3,90,0.01,15.4172762862869,0.01,0.0057797403184788,-0.000391243995112603,3.49126980680379,-4.02783690141864,1592,1634
15.6097576273613,13.3294633829131,0.831777329869927,1.00059157542486,1.00568906411971,0.0471387767397656,0.3,90,0.01,14.7476831090919,0.01,-0.0051471557744739,0.00624016776846448,0.521570365205938,-4.37301717522209,1593,1635
15.6129714199103,12.3564520035942,0.842028410661422,0.99761006775799,0.990838507354875,0.0500739918144543,0.3,90,0.01,15.8378966033286,0.01,0.00249918101251255,-0.00235039304968251,-0.333419458269399,-3.90223828080754,1594,1636
15.0097256714819,13.8007060958748,0.869450840187611,1.00194365545179,0.998407534831999,0.0488401156597658,0.3,90,0.01,15.6768956399462,0.01,0.00896800751981071,-0.000512019643532667,0.278981787343334,-0.844004121013787,1595,1637
15.9409015024609,13.6848050306526,0.837608473811727,1.01688085847201,1.00420072474336,0.0523583988770096,0.3,90,0.01,15.2456882545481,0.01,-0.00954878323879966,-0.00975758978411435,-1.23587082754295,4.33464659245374,1596,1638
16.2880650195499,12.7262099248453,0.839353996449347,1.00772296586562,1.00847518093253,0.056497240604299,0.3,90,0.01,15.9935619628221,0.01,-0.00574024305301317,0.00791990393125945,-2.90093340464008,1.28689085498377,1597,1639
16.6793156338954,13.46711698563,0.866763026748644,0.990890576484747,1.00183702219806,0.054057887034477,0.3,90,0.01,14.1592902772543,0.01,-0.0071632628763008,0.00135634762353037,1.61691475317217,0.310261895792435,1598,1640
16.3306183775778,13.2518653136254,0.848538361165589,0.986275492069074,0.990141585145959,0.0372066396230945,0.3,90,0.01,14.2440975491899,0.01,0.00169189665288866,0.000971098790015341,3.69025807897226,4.7737415026682,1599,1641
15.1542367752196,13.4013288494646,0.856706948751158,0.990170088027623,1.00060930431049,0.0244270035407297,0.3,90,0.01,14.2244212739902,0.01,0.00850903298262193,-0.00240873009626807,1.32297385561135,3.92703685798328,1600,1642
15.6343266722582,12.839540635264,0.83490211624241,1.00057353021952,1.00658156939843,0.0437679158761819,0.3,90,0.01,15.5699270103855,0.01,0.00972627771498494,-0.00940996799519719,3.84382410221802,1.48106355067386,1601,1643
15.0070544855824,13.1080042251666,0.857234060643523,0.997762910657967,0.994474018741064,0.0488684228857866,0.3,90,0.01,15.5740043854546,0.01,0.00699128726304879,-0.00471667427092848,-4.77163134196704,1.77950722610803,1602,1644
16.7727381429106,12.6417926696142,0.84938039845863,0.984348958489524,0.994901660220229,0.0462906297953638,0.3,90,0.01,14.7689676902783,0.01,0.00736330639836886,-0.00263951589147197,-2.21858033908329,2.42557647885247,1603,1645
15.0225952711024,12.207969580015,0.869301732227303,1.00027700982942,1.00314626561971,0.0303641972166303,0.3,90,0.01,14.5190819456125,0.01,-0.00634502011191253,0.00311971440734338,4.00584210014739,1.98421365220839,1604,1646
15.5093352361833,12.4351722000602,0.832109861786111,1.01911213881768,1.00233717182274,0.0563779545310464,0.3,90,0.01,14.0966196545505,0.01,-0.00475715999250538,0.00558430992586172,-2.87855158087188,-0.810667405171628,1605,1647
16.8227553778516,13.2600986180178,0.854030176965409,0.989086756117959,1.00359844644022,0.0259099483276387,0.3,90,0.01,14.4838590349194,0.01,0.00939581289866946,-0.00188165488086061,2.97914273602399,4.97324320322723,1606,1648
16.5561091730883,12.8001076334114,0.860212042421881,1.00363435983147,1.00684350182022,0.0339297180141956,0.3,90,0.01,14.2521470107859,0.01,0.00224654650926867,-0.00249406114015122,0.793496278961348,-0.708529825303752,1607,1649
15.2191881679633,13.3956722633932,0.849014224714739,0.98834197792204,1.00914948514682,0.0200240523596734,0.3,90,0.01,15.9070544804403,0.01,0.0082844773200782,0.00584455291567176,0.700879040087147,-1.09432851039489,1608,1650
16.1015746293186,12.8810277096776,0.860154109379233,1.00367886388093,0.998522536201336,0.0365905564300436,0.3,90,0.01,15.4567150694481,0.01,-0.00537878019656351,-0.00642550368843322,-4.24397505964757,-4.65495981087799,1609,1651
16.4154371104055,12.0196226969442,0.858493673982097,0.98882708144778,1.00116107711647,0.0576605364732382,0.3,90,0.01,14.0127273721116,0.01,0.000273726456586987,0.00416617044995203,-2.41427684295057,1.24826274409117,1610,1652
16.1888681357169,12.113110344606,0.830409418871083,1.00945521945701,0.995528985290537,0.0204621619485829,0.3,90,0.01,15.3169379346451,0.01,0.00371199463996394,0.0064358998266005,0.988030164188608,-1.24595098711319,1611,1653
16.9514223729662,12.8126049744276,0.837987172723706,0.981885604311521,1.00554670020093,0.0396730737989486,0.3,90,0.01,15.2651317079081,0.01,-0.00995416439001098,0.0052881367094596,2.29093905229532,3.426619482845,1612,1654
16.8334538779581,13.0545199476444,0.86457415644033,1.00086521987397,1.00853547914763,0.0494213306418443,0.3,90,0.01,15.9767835234885,0.01,0.00809376166215328,-0.00489556272834859,4.49466871607333,-0.281787822773152,1613,1655
15.3776846720018,13.0085532072895,0.863171976835605,0.988117111423509,0.991875219709871,0.0597767863248993,0.3,90,0.01,15.2363801911412,0.01,-0.00210680221449148,0.00951179262232858,4.44543364676239,-1.25660220902677,1614,1656
16.4948318252717,13.8169663900087,0.850980758283588,0.998642571030335,0.99483033493105,0.0506684464660736,0.3,90,0.01,15.8189315524025,0.01,0.00623555854651171,-0.00444035344865921,0.921912732925758,2.97721707183983,1615,1657
15.353644218392,12.1839660195527,0.841587876298788,1.00153606179674,1.00511692914005,0.0229358969669479,0.3,90,0.01,14.5971352155525,0.01,-0.00115226743518898,-0.00610770135968442,-1.57524765945697,2.17355307336906,1616,1658
15.2337082478212,13.247291744813,0.848487094660596,0.988149234015275,1.00562888693908,0.0486547688088143,0.3,90,0.01,14.7151652851779,0.01,0.00119298484743492,0.00557648035809029,-1.25615255254501,-2.07193223762342,1617,1659
16.9606723397981,13.514964445701,0.846972307268152,1.00144351289384,1.00596668451494,0.039745823947366,0.3,90,0.01,14.1624916315259,0.01,0.0042567437775314,0.00784708711574566,-1.0911841630967,-0.458955278678504,1618,1660
15.1195377677603,13.7756771742297,0.85701844698931,0.992759731446358,1.00726506372735,0.0367442587219857,0.3,90,0.01,14.9114105363541,0.01,-0.00935223099065796,0.00637360503852462,-1.32744042487526,2.43934576509114,1619,1661
16.5578437033519,12.2185498919192,0.864392598136302,1.01192974570304,1.00315635531053,0.0382339716243781,0.3,90,0.01,15.590535926488,0.01,-0.0064314259592348,0.00663568760762859,0.493323772462571,3.69752177187439,1620,1662
15.3228625809092,13.1421297285389,0.846054686437591,0.989397909993239,1.00895941741776,0.0476390546548577,0.3,90,0.01,14.4630521525687,0.01,0.00793549579874467,0.00775207790486267,1.40078476377059,3.27826144666875,1621,1663
16.9702839498853,12.6458724289188,0.856335970949096,1.00401105904599,0.997773880578876,0.0320870791682233,0.3,90,0.01,15.8454216735096,0.01,-0.00965678134827653,-0.000372470963338313,1.62216638705858,3.26606950533254,1622,1664
15.7194863724522,13.6324678162547,0.837863318453865,1.01265816839179,0.997253193726405,0.0217174242282835,0.3,90,0.01,14.7236145750897,0.01,-0.00263253979122473,0.00359209341828568,2.76654180765885,-3.1507865342369,1623,1665
15.841526787178,13.9307902949324,0.84376986029149,1.00572601936055,0.993822148919187,0.0498113475788418,0.3,90,0.01,14.554906553746,0.01,0.00522215228689877,0.00513827450936845,2.27193547972981,-3.0639683109056,1624,1666
16.1927993530974,13.8280968758,0.8309596552796,0.996988450084471,0.993227242832631,0.0583407450973244,0.3,90,0.01,15.4112233871484,0.01,0.00613757948374448,-0.00246552419316079,2.994406126468,-3.40432998262643,1625,1667
16.7278669461254,13.9633372373905,0.831656690899924,0.993180193558311,0.997802496983829,0.0262043694357898,0.3,90,0.01,14.7671742184449,0.01,-0.0092032589510147,-0.000164435230011186,-3.46168321039761,-3.23603355709518,1626,1668
15.3120810430915,12.1900668673876,0.868020886547573,1.01468277059404,1.00098353565239,0.0210359974236148,0.3,90,0.01,15.6175539762158,0.01,-0.000227534278772305,0.00218411424121,1.74696977056782,2.1115929096325,1627,1669
16.8968587709984,13.3699970510204,0.839300086608217,0.983325361559428,1.00415052001113,0.0392357583520587,0.3,90,0.01,15.404013408108,0.01,0.00264182741201529,0.0028093948183329,3.88735809525223,-0.323229289791445,1628,1670
15.8665572573438,13.6791003744775,0.856755160873161,1.00101733564359,1.00956605502123,0.0556750426008541,0.3,90,0.01,15.9735608163343,0.01,0.00289854330122001,0.000266261604815474,0.473712506379749,2.44438606595651,1629,1671
16.60912138373,13.5633738480653,0.855195805790077,1.00142099158087,1.00574924482186,0.038461399960557,0.3,90,0.01,14.8060775777828,0.01,-0.00924976762570609,0.0087995803730496,3.6988015056939,-3.38938640027859,1630,1672
15.7545543989656,13.3394566407005,0.850597404043492,0.990720150489432,1.00378112368237,0.0530012283616076,0.3,90,0.01,14.5907342814326,0.01,-0.00245941258831604,0.00709512412000592,0.310119815681839,-4.7967017601856,1631,1673
16.4692158563361,13.8065868146603,0.83940923637237,1.00625628910024,1.00901694117629,0.0486159858638254,0.3,90,0.01,14.4667313425904,0.01,0.000615076070133154,0.000585711757127788,-0.692174340344827,3.91827790646596,1632,1674
15.2173243655044,13.6826095124069,0.830533696971749,0.995330536516514,1.0048185357379,0.0479442603948434,0.3,90,0.01,15.3198710676694,0.01,-0.00047325865870388,0.00654521873727152,4.33519539596286,2.64820044093081,1633,1675
15.4417219792082,13.7976429462946,0.852261644619769,1.00946031578612,1.00514682312622,0.0450828701535216,0.3,90,0.01,15.5359082774528,0.01,0.00358496785133968,0.0091958884575009,4.6339960448044,4.43543951689067,1634,1676
16.4219352196529,13.8573159011131,0.851103041272756,1.01438619722935,1.00749727432497,0.0422476385446466,0.3,90,0.01,15.112737231119,0.01,-0.000904785720666754,0.00422766494135368,-1.18438400842844,3.19723092624338,1635,1677
16.4906381016829,12.3090507747918,0.865781839474077,0.986758629620946,1.00388848991455,0.0511931374891633,0.3,90,0.01,15.6403362167474,0.01,-8.89249120064588e-05,-0.00925392671205169,-1.28300444057026,-2.19176649173251,1636,1678
16.8841804772156,12.7419257180146,0.853965318949665,1.01323453659875,1.00936865919291,0.0562943777035767,0.3,90,0.01,15.2082661276148,0.01,0.00614944756291401,-0.00898707153681919,-0.714981800250005,0.818407953258101,1637,1679
15.9721348975285,12.5831856000119,0.847735622513255,0.987403566313108,1.00247255244347,0.0511555609612362,0.3,90,0.01,14.8801757722676,0.01,0.00630903975557003,-0.00694040108642102,-2.80164195737566,-0.25680170348462,1638,1680
15.54779891931,12.7742128705977,0.832335719371931,1.00396423994746,1.00691183190384,0.0200704175110244,0.3,90,0.01,14.0432068868077,0.01,0.0051867446903553,-0.00899318767414117,-3.65722976950363,0.824056032932634,1639,1681
15.2256203152572,12.411046916115,0.846468256700636,0.981939716673283,1.00776132807439,0.026014021965376,0.3,90,0.01,15.6896715685698,0.01,0.00106483671048271,0.00473982035062219,1.08459250204404,2.95987353293717,1640,1682
15.4796644137603,13.0910395598971,0.831047984665959,0.989724921645351,1.00236087192971,0.0383995255894394,0.3,90,0.01,15.1015096062797,0.01,-0.0013585739728723,-0.007579121654082,0.0709560990827596,-2.15714696835102,1641,1683
16.4977660587916,12.6872124422208,0.8473911302339,1.01326461210849,1.00115788149472,0.0355720211152805,0.3,90,0.01,14.1003260436994,0.01,0.000228678521752639,-0.00558712067106833,-1.74009474167517,-0.501138041906186,1642,1684
15.6453549130194,12.0345647972238,0.83048933041429,1.01102867451627,0.991995196711836,0.0219760475432574,0.3,90,0.01,14.1102614192418,0.01,0.00889642519887189,-0.00822052691264053,0.152474659173726,1.1480428800805,1643,1685
15.3056041347371,12.5711045113547,0.86492440084025,1.00326341849215,1.00882527063779,0.0517138871453149,0.3,90,0.01,14.4106719903316,0.01,-0.00942629554322079,-0.00750464179746892,0.918338585405611,4.71395011813747,1644,1686
15.4613374381001,12.1995346080005,0.859600725161461,0.981758456554226,1.00043260125677,0.0443250314905752,0.3,90,0.01,14.4090417957163,0.01,-0.000782732798534001,-0.00706664751417524,-1.64879673414947,0.548855786645928,1645,1687
15.670797209636,13.4999950337346,0.831987978645054,0.997146327011238,1.00018678438266,0.0253779021829101,0.3,90,0.01,14.5232535857884,0.01,-0.00208527268274396,-0.00324435565592553,-0.14417002789163,-4.21643209882603,1646,1688
15.9306214577087,12.0679575839517,0.830669345156256,1.01305213140677,1.00804397520879,0.023567510297218,0.3,90,0.01,14.7590940387535,0.01,0.00856846399086848,0.00899740135220445,-2.44407091748877,0.785705680586667,1647,1689
15.1972627015558,13.8181994743539,0.853727026520874,1.01321559851006,0.991072778708553,0.0354102484967429,0.3,90,0.01,15.1897810814327,0.01,-0.00577527340584425,0.00437875218660969,2.47963156687492,-0.510532234562613,1648,1690
16.5341052240056,12.0411814017706,0.864672984032884,1.00160096144386,0.996593463058836,0.0222134777968623,0.3,90,0.01,14.9319350250406,0.01,0.00726935041483339,-0.00304344915424286,3.8207745099437,2.4235145673127,1649,1691
16.0940951483569,12.4724090883309,0.859853186585722,0.980764000195729,0.990759386318577,0.0546551570800533,0.3,90,0.01,15.202077723993,0.01,-0.00664593662233279,-0.00592059092364203,-4.88666651602643,-0.225534637012171,1650,1692
15.587148852995,12.7598045556841,0.861077402719416,0.986886930147934,0.990790567432826,0.0252347616476142,0.3,90,0.01,14.9469058678636,0.01,0.00898504597117502,-0.00059797596784209,-3.12360099951,-0.210141810138403,1651,1693
16.8542614492276,13.6746716499837,0.835040097954775,0.989989816359117,0.991639694271829,0.0288321806111236,0.3,90,0.01,14.5605358091473,0.01,0.00967847795844516,0.00540586873078327,-2.78126247838891,-2.09920688353502,1652,1694
16.8589643781526,12.3845895033288,0.847102224213415,0.992221689327119,1.00157718552862,0.0565731210115729,0.3,90,0.01,14.9215427802495,0.01,0.00409413924237006,-0.00831081965379829,-2.54835522487704,-0.96825630949291,1653,1695
15.4194221805154,12.4231214488869,0.83868500799886,1.00385009044877,1.00611398704653,0.0543764052538721,0.3,90,0.01,14.220313714852,0.01,0.000820117921829278,0.00431725058127671,-0.59378984254246,-1.76756186913127,1654,1696
16.4042302123471,12.7337631701175,0.830231729549778,0.993990579160267,1.00040936487663,0.0264092273371327,0.3,90,0.01,15.0013385467612,0.01,-0.00883326192469107,-0.00315706821794542,-0.826824837327107,1.42461043881693,1655,1697
15.0732234755317,12.1240622382432,0.846570267884713,0.991170275970685,0.994341003750119,0.038327171944698,0.3,90,0.01,14.8246801222434,0.01,-0.00933657951345244,-0.00422000730926014,3.26168153946147,0.912624532578583,1656,1698
15.2020462452147,12.0590036231631,0.840547606344511,1.01695699584916,1.00298184008145,0.058301166920721,0.3,90,0.01,15.4030837958213,0.01,0.00190985238456014,0.00857245608546599,-3.99907523612166,-4.77449662232427,1657,1699
15.3582351850332,13.5165152290103,0.858507277904479,1.01061813018236,0.995796259626925,0.0594542847196978,0.3,90,0.01,14.7969961393865,0.01,0.00754281330948248,0.00617155079285044,4.94502108167623,3.9146390719362,1658,1700
16.6042160434008,12.9407255284654,0.83189938090146,0.99299822353326,1.00132925804282,0.0297995380782434,0.3,90,0.01,14.5152862630389,0.01,0.0024149261667618,0.00720175678798313,-2.00124595177482,-2.55530106024597,1659,1701
16.0825824489815,12.1432842458637,0.830893869509999,1.01544254929045,0.995745176997227,0.0445610913332329,0.3,90,0.01,15.6889712634876,0.01,0.00872653334872159,-0.00163639229912464,3.55102332346746,3.16824106931362,1660,1702
16.2326935374008,13.5803055779067,0.867868715599571,0.982817889004606,0.992317272730207,0.0242006217003376,0.3,90,0.01,15.5950058185634,0.01,0.00328719808398324,-0.00481662520394811,0.363052025299718,2.20050249455939,1661,1703
16.710063922591,13.4071375187315,0.852477769515355,1.00480644166805,0.993374414151631,0.0433193995834039,0.3,90,0.01,14.4154956649482,0.01,-0.00598497136665616,-0.00677755873844448,1.99871461898644,4.19788045463416,1662,1704
16.7471490890526,12.9291265814297,0.853378567059588,0.991607993387917,1.00080895705688,0.022046184247921,0.3,90,0.01,14.5920871414028,0.01,-0.00906519713286708,-0.00676694730110174,-1.44124851322909,4.62000671909898,1663,1705
15.1532988316405,12.1002453294225,0.854146329144114,0.99971264582516,1.00798840005879,0.0463448558042084,0.3,90,0.01,14.8977124051096,0.01,-0.00970319622909805,0.00159384580737826,0.317180439525809,2.30097192514492,1664,1706
15.0014772804099,13.9021118263041,0.86614361702306,0.990578434726679,0.998349849531819,0.0265117113326195,0.3,90,0.01,15.7705086442168,0.01,0.000196665385465866,-0.00150827863792243,-4.22280388084971,2.29780797786399,1665,1707
16.7782232560663,13.477903476016,0.849903679891613,1.00833863905903,0.993312032377047,0.0310659751479811,0.3,90,0.01,14.9572311937575,0.01,0.000578866616051674,-0.00420792555094696,2.41245331477991,-4.83281173413905,1666,1708
15.354909973462,13.6074946626162,0.860409330459084,1.00917307686229,0.998612136809945,0.0456471213733287,0.3,90,0.01,14.5766574487622,0.01,0.00442948666576955,0.00683538702564807,4.32603060551515,4.6745035471588,1667,1709
16.9622315753859,12.0555817176143,0.865539652428256,0.980150898683296,1.00879610135761,0.0370036121687685,0.3,90,0.01,14.1794351346049,0.01,-0.00836785158435029,0.00259706781042213,2.35841036557785,-3.00500111959597,1668,1710
16.9234180390697,13.5085207857151,0.844133575073857,1.01343274885067,1.00851125353361,0.0239383254966218,0.3,90,0.01,15.0477489115874,0.01,0.00594760228210952,-0.00978638448236327,-2.38936993136839,-1.16454049582607,1669,1711
15.1142200562454,12.994109142418,0.860599848032338,1.01155172837129,1.00929538688978,0.0258726256482867,0.3,90,0.01,14.9871854821505,0.01,0.00100092013070949,-0.00624969518793344,-1.86450131740321,4.15687917370394,1670,1712
15.5803925577955,12.4443314387015,0.858401073762595,1.01345886002613,1.00195576879078,0.0259861865663326,0.3,90,0.01,15.4476482844812,0.01,-0.0072724751134632,0.00393695861298356,-0.723443801406776,2.14727419706912,1671,1713
16.1788242378557,12.8370105163782,0.869114111022372,0.989748355995637,1.004344586765,0.0238519218008453,0.3,90,0.01,14.6373677359876,0.01,-0.00553742724115693,0.00130396047326119,-4.43262487340884,4.60037089706195,1672,1714
15.9319523420805,12.4330060281746,0.868574014041264,1.0058130319747,0.990240879730754,0.0500542580059563,0.3,90,0.01,14.8280111453127,0.01,-0.000955191250991099,-0.00599643334495565,-4.97713911267958,-1.5096527236275,1673,1715
16.7036588383738,12.017676968252,0.833945975842423,0.992709778380292,0.994864698861736,0.0584033296605245,0.3,90,0.01,15.7660579043043,0.01,-0.0074793413728606,0.000868729566739444,4.7953438962858,-2.96580160687328,1674,1716
15.5678447098002,12.8237886328011,0.86530443587357,0.992616266751505,1.0034501329648,0.0330801658915306,0.3,90,0.01,14.6115094773534,0.01,-0.00461692813453834,-0.00530755963378923,3.3114457235255,3.32698667854503,1675,1717
15.2809402253319,13.0158567811992,0.840980333028064,1.00406089120951,0.997567053461529,0.0483876283083116,0.3,90,0.01,14.4568636511981,0.01,0.00316227128037798,0.00974929293069582,-3.26321135575455,-3.17103018172774,1676,1718
15.7028204250512,12.8964237559836,0.835346816116292,1.00072710926074,0.99481067757256,0.0340700905730085,0.3,90,0.01,15.5331369512121,0.01,-0.00454697894508496,-0.00518269574773636,3.74457934161048,4.9450792805531,1677,1719
15.8613818863482,13.5453470868414,0.857285042429401,0.990198330262494,1.00567548429437,0.0428083048855419,0.3,90,0.01,14.8751438763655,0.01,-0.00163038347877787,-0.00856626425321378,3.59649956426504,-4.1615506109322,1678,1720
16.3343148112502,12.2290088897959,0.861153800028558,0.991453664122707,1.0053486978465,0.0520667341754373,0.3,90,0.01,15.8448185165237,0.01,-0.00354022294904439,-0.00721133576979539,2.80963538298232,3.41865510808683,1679,1721
16.2213993828601,12.8413160234395,0.863993121004563,1.00694113889686,0.992939102367223,0.0422736633477721,0.3,90,0.01,15.2118999138132,0.01,0.00701567233190004,0.00947584271382985,-2.72380926843588,-0.881144997600442,1680,1722
16.9274214800727,13.4510973474062,0.858257077603741,1.01985344623084,0.998248374838463,0.0463106536383635,0.3,90,0.01,15.995364724019,0.01,0.000988467500114833,0.00834789325125889,1.60977127863979,3.55673749698231,1681,1723
15.0351400720729,12.014687674043,0.859463254466516,0.995845898938539,0.991375339489754,0.0439675221847677,0.3,90,0.01,14.3096866684685,0.01,-0.00488943057731766,0.00397647392039314,2.87280878821286,1.21179896089559,1682,1724
16.1706363166516,13.9586699417272,0.840948500573824,0.998981793910075,1.00772669708748,0.0316720093896884,0.3,90,0.01,15.5256523811248,0.01,0.00244515265366289,0.000522726321806406,-3.46997909485977,-2.2008157928746,1683,1725
16.9269111690048,12.950436159734,0.834114895646686,1.01046952418234,1.00185172107058,0.0352587439615202,0.3,90,0.01,15.0543827667249,0.01,0.00507759650829125,0.00124373748562398,3.56735754568611,-0.401137040733195,1684,1726
15.9095521139678,12.8869791760516,0.853918090996891,0.997098947526161,1.00984827334475,0.0584759367585699,0.3,90,0.01,14.5086560785609,0.01,-0.00456487017245644,-0.00793398709482512,4.30515010208282,-2.3416170936161,1685,1727
16.5781299557153,13.489526886299,0.83103983831978,0.988777895479945,0.991196518164402,0.0221904446627676,0.3,90,0.01,15.8556009826543,0.01,-0.000190610903114088,0.00893311126296038,2.78359106780185,0.372577926993111,1686,1728
16.5426796705492,12.9619001618512,0.845053565308447,1.0162141835083,1.00398610133727,0.0204391488073213,0.3,90,0.01,14.2503389284773,0.01,0.00404977961989709,0.00993767572881353,3.57621114144739,-3.30236966728733,1687,1729
16.3918050668558,13.5845208816462,0.86162421663705,1.00594789295662,1.00147573521836,0.034386396002046,0.3,90,0.01,14.2773183624532,0.01,0.00294136081597544,0.00596280999688866,-4.30879641860519,-4.73944888553073,1688,1730
15.3624340129716,12.1823913777253,0.835196229370184,1.006100942466,0.99011600949602,0.0459794303485391,0.3,90,0.01,15.9155829280234,0.01,-0.00341012965458266,0.00305274489380706,2.04672218893738,2.32988433912406,1689,1731
16.0162900651309,13.1317829782254,0.854324789904115,1.00502172133878,1.00865255757774,0.0388480289988375,0.3,90,0.01,15.8824378284253,0.01,0.00157420511654192,-0.00100069530137808,2.78621127189347,2.478984145704,1690,1732
15.0104785462266,13.8597139170714,0.840140728875749,0.987632151660029,0.993810076471461,0.0309540542217468,0.3,90,0.01,15.8063394784706,0.01,-0.00207808916133446,-0.00823678400535971,-4.72304032492468,3.67391555938928,1691,1733
15.8868098555784,13.0795345770943,0.843335412375917,0.995505341773408,1.00000554119394,0.049921205364624,0.3,90,0.01,15.7495087449317,0.01,0.0027183023894498,0.00427938471562769,-0.513367576083892,-1.98394014231988,1692,1734
16.0395239867364,12.5767630187116,0.856447499081378,1.01810461793417,0.991352497570174,0.0444143200214325,0.3,90,0.01,14.0047808096201,0.01,0.00718440359075595,-0.00821663170113552,-0.516157112164336,-1.37104586931773,1693,1735
16.7803535097764,12.5880754960942,0.843135279681777,1.01805863772425,0.991164232903091,0.0512590388093333,0.3,90,0.01,14.729228752535,0.01,0.00802794527578375,-0.00839336174822064,4.74062639849703,3.50872023612886,1694,1736
16.5365683226041,13.4464771739683,0.866201831966281,0.985673020307739,0.992037813903671,0.0559237948936897,0.3,90,0.01,15.6161743306863,0.01,-0.00398906505671078,-0.00698093426982412,-2.61892063174393,-3.43570883771969,1695,1737
16.009055791731,12.613857948752,0.859094144943537,1.01874431436465,0.992013224192386,0.0512277496809805,0.3,90,0.01,15.7849040233007,0.01,0.00785451286144908,-0.00747922438500427,-4.40245971488118,0.803506681116816,1696,1738
16.7313462625376,12.8158813125588,0.864595650688648,0.999042068784665,1.00021518191535,0.0516828096825083,0.3,90,0.01,15.4201040066679,0.01,0.00233929995409442,0.00561149853268007,-3.98603501532459,-1.61236090479992,1697,1739
15.2297382531203,13.0602622429498,0.868500299543792,1.00685969622561,0.990903718849783,0.0252462160092707,0.3,90,0.01,15.1988229348582,0.01,-0.00291923812330119,-0.00353223691956928,1.9120305354486,1.25704877600945,1698,1740
16.4379070604556,12.9128669819091,0.866975237492864,1.01215338104545,0.999155476578473,0.0246588912559928,0.3,90,0.01,14.3706265359041,0.01,0.00422288712887434,-0.00717781879703579,-0.50234578702294,2.88508157510929,1699,1741
16.4404963880307,13.9910771868664,0.850658534608498,1.01168502894387,0.996846627901384,0.0485344257513516,0.3,90,0.01,15.3762306643543,0.01,-0.00280946274516457,-0.00524096973397962,-4.99911520982682,-2.46395583321229,1700,1742
16.4649185601717,13.7190692350302,0.842930377485851,0.980669677480948,1.00245084903601,0.0271160865255083,0.3,90,0.01,14.7513276398659,0.01,-0.00241646400988756,0.00142980374720714,1.72935748573148,3.04621995266236,1701,1743
16.9450868182969,12.0788775605946,0.8334081931039,1.00579754738773,1.00774989538694,0.0394488877000735,0.3,90,0.01,14.653129490639,0.01,0.00332671726031354,0.0045102209975313,-2.98317318906934,-0.251836129093313,1702,1744
15.3169840352309,13.2161868774796,0.856575899155472,1.00214181425214,0.998383494506633,0.0576494003648977,0.3,90,0.01,14.1436124210478,0.01,-0.00627887204823222,-0.0096115878220995,1.11679798363107,-0.126584988232132,1703,1745
15.4078334272059,13.0774450801395,0.852988341409562,1.00081225252596,0.998469318235109,0.0278170594685674,0.3,90,0.01,14.5213316847679,0.01,0.00721584215044731,-0.00976639686800731,-1.67450237987504,0.559275686915459,1704,1746
15.8176903212885,13.6257494883329,0.865161716292823,0.99907281174869,0.999243893818833,0.0213354374814289,0.3,90,0.01,15.5992677872364,0.01,-0.00330558519007399,-0.00957355123749308,3.14690771201075,0.783850203976285,1705,1747
16.9980311526997,12.3665988317531,0.837311802278033,1.01608022736286,0.993945035553637,0.0448940669280222,0.3,90,0.01,14.7996937897764,0.01,-0.00629381609547607,0.00911257509454089,1.79767026650269,-0.695638942173787,1706,1748
16.4381849873898,12.0975478799586,0.835738075239085,1.01533130063403,1.00904270099803,0.0323180149052701,0.3,90,0.01,15.6442420228826,0.01,0.00270740786542061,-0.00107163707087503,0.372180963571638,2.41236675300138,1707,1749
16.9922395293593,12.1230013439156,0.862824885637518,0.981214652773822,0.999468157254733,0.0466343464862664,0.3,90,0.01,15.0812247478827,0.01,0.00659499682860746,0.00263358317325743,3.2456731067545,0.682787306814717,1708,1750
16.6240501729767,12.0692362995135,0.869913672326791,0.994643069851898,0.991946598772296,0.0249668311484049,0.3,90,0.01,14.7644950481642,0.01,-0.00830517712417793,0.000342928658067353,-3.50282743609238,0.473268433073072,1709,1751
16.7094416154076,12.8770410162192,0.85911473879656,1.003957826127,0.997555280298143,0.0334105794412674,0.3,90,0.01,15.353321951581,0.01,-0.000941880501384735,-0.00426152900366675,-0.625607781696247,1.31493316255049,1710,1752
15.5320907381374,12.2954599394962,0.846667511824629,0.993027273627421,1.00907880539335,0.0246384221876615,0.3,90,0.01,14.825220608037,0.01,0.00999231766833966,0.00433464787772983,-3.21304482207912,2.4085801087886,1711,1753
16.8190790342726,13.617804876859,0.855989645078844,0.992048932803672,0.997200573934769,0.0388767523009005,0.3,90,0.01,15.9409196140325,0.01,0.00894461106193822,-0.00340464612917897,-0.745707105992014,2.65352141407922,1712,1754
15.347351139873,12.664786494699,0.856597998391152,0.994125025352877,1.00605613097021,0.0209848030234579,0.3,90,0.01,15.9802744998467,0.01,-0.001183626597654,0.00718207013359992,-1.76266161880405,-1.96097313955624,1713,1755
16.0707904151907,12.1551492077353,0.867517300364317,1.01653317027323,0.995950033532588,0.05606856710158,0.3,90,0.01,14.9508613912448,0.01,0.00833308238118154,0.00278261473911102,-1.91202349784018,-4.69342450467297,1714,1756
15.8734542195705,12.0369827221303,0.865186647108253,1.01164580387836,1.0073097764936,0.0314131732942214,0.3,90,0.01,14.6079261612641,0.01,0.00214177068100766,0.00472499581152535,-0.632718911631923,-2.40828549755327,1715,1757
15.297983242297,13.9813526894146,0.836232465136326,0.989929500769497,0.99521972161572,0.0588488779378471,0.3,90,0.01,14.5345837642668,0.01,-0.00242841100749646,-0.00919057155103631,4.12903791911773,3.29713738772106,1716,1758
16.7209252706891,12.3966373270147,0.866481021218152,0.993899517863972,1.00788613740423,0.0302060747142488,0.3,90,0.01,15.7246766862986,0.01,-0.00703628016366266,0.000351219813570038,-4.32413674922391,0.25917672218724,1717,1759
16.8058436090854,13.2179314519595,0.835991640141206,0.984864900414315,0.992119815911812,0.0362270172183151,0.3,90,0.01,15.8162888319421,0.01,0.00415135624280074,-0.00458863778861901,0.796213780733849,3.22632520065724,1718,1760
15.9566570233798,13.1657136667156,0.838744354692552,0.992968321442279,1.00813655208803,0.0431524421196135,0.3,90,0.01,15.3997319195465,0.01,0.0021979273478907,-0.00936265474469593,-1.43897247734464,-2.54432300319876,1719,1761
16.7346397785461,13.7924810000959,0.839379377688878,0.98643845880672,0.998732760613254,0.0314284384925542,0.3,90,0.01,14.8443252040218,0.01,-0.00872943285450493,-0.00405312803828521,4.80214254675205,-4.84018673884052,1720,1762
15.6989353205866,13.5153843305674,0.842900296142854,0.987806100198219,0.997018848388306,0.0356855294351918,0.3,90,0.01,15.4260733102684,0.01,-0.00780700989703097,0.000723123704113005,-1.19087720251138,1.19482555092205,1721,1763
15.1069152596597,12.5912358343603,0.858468311531694,1.0007629354134,0.990595048440255,0.0599295115591485,0.3,90,0.01,14.9221943735382,0.01,-0.00111688760671561,-0.00966974813146814,-2.80790967781548,4.46801543374951,1722,1764
16.3889839998167,13.0233540072324,0.869636314625833,0.980015014363888,1.00569955759543,0.0516009977750476,0.3,90,0.01,14.3294489071293,0.01,-0.000318127311519865,-0.00847459956524722,-2.13640555582021,-4.99660226911788,1723,1765
15.0905857038766,12.9810448421238,0.83900185772346,1.00128305291427,0.997117531104292,0.0230179937818556,0.3,90,0.01,14.3578474978816,0.01,-0.00261643274945962,-0.00589276609603836,-4.875336331984,-3.89864683331703,1724,1766
15.3238261035856,12.7802801336451,0.862046274992058,0.993649254147578,1.00805238760946,0.0222432194348411,0.3,90,0.01,15.5280803478002,0.01,0.00660185692137651,-0.00654196021264687,3.10387828420203,1.97784548279491,1725,1767
15.6807352648458,13.3471195645394,0.835224328712943,0.993063713818891,1.00542103899551,0.0316545843131185,0.3,90,0.01,15.3237013205448,0.01,-0.00752116343576745,-0.0087152388011752,4.88891839609243,3.21454161494076,1726,1768
16.0970252295203,13.019616940743,0.830973255842025,0.998820872018197,0.991465462502236,0.0407454848751423,0.3,90,0.01,14.0749173313066,0.01,-0.0014144948945913,-0.00412301478419303,0.698666163286465,-3.81031320612495,1727,1769
16.5766865203741,13.5607473856166,0.846747963599765,0.984405032986283,0.991472708054775,0.0454785566932525,0.3,90,0.01,14.9272546217972,0.01,0.00625857672472528,0.00748332796743517,2.32179606540215,1.14381552378142,1728,1770
15.8757823686513,12.044225964866,0.848780331102794,1.01710413374238,0.999028194075888,0.0360249539693908,0.3,90,0.01,15.5093841801365,0.01,-0.0015406545237974,-0.00193522771830814,0.285291786113855,1.55783241681668,1729,1771
15.7155216203357,12.5893892235371,0.848600313608735,1.00306584973289,1.00990976982026,0.0571955047509518,0.3,90,0.01,15.37711288842,0.01,-0.00558422538846034,-0.00835803349062672,3.71868209919952,-4.6814048547625,1730,1772
15.4432308095308,13.3232217025984,0.833341239766943,0.982170138352634,0.997879773917744,0.0269475446556924,0.3,90,0.01,15.4196560326067,0.01,0.00674928092508388,-0.00157957232137164,2.87667980892785,3.11214196581522,1731,1773
15.2185323843025,13.2948855227275,0.836500869854352,0.984032188361825,1.00972420154091,0.0202181752820785,0.3,90,0.01,15.5303830698166,0.01,-0.00122821103843435,-0.00103055534547668,-4.0657818044262,-2.88692919558904,1732,1774
15.7386015277677,12.6548702964818,0.840423872469104,1.01640430668069,0.993906287327464,0.0410915429382577,0.3,90,0.01,15.3496745554376,0.01,0.00843349113592123,-0.000505487025202566,0.202914396213211,-1.23562651454707,1733,1775
15.2407368512924,13.8717597126045,0.868788154729571,0.994463155681318,0.990356984160654,0.0525791873244895,0.3,90,0.01,14.2393906346331,0.01,0.00528913130494095,0.00077504396506748,-0.450369315352798,0.490802341096311,1734,1776
16.4865093309233,12.8221723245533,0.866896689271866,0.984817162696537,1.00761871431466,0.042612186288959,0.3,90,0.01,14.3753854472938,0.01,0.0043955693127111,0.000304569266044918,-0.166183956635588,-1.77325154533042,1735,1777
15.5103235390098,12.5468490650439,0.857849240332333,1.00490191820449,0.993323610117229,0.0550586324764191,0.3,90,0.01,15.7198657269876,0.01,-0.00808369153480496,-0.00641079283129157,-1.51756540249023,-2.32237197028297,1736,1778
16.7265895992544,13.7383749457036,0.844358072925446,1.00220730094105,1.00753939104553,0.0483287019290681,0.3,90,0.01,14.9041795452814,0.01,-0.00908267941578935,0.00398839441529626,0.498409014712694,-3.35042485975515,1737,1779
16.6216813676562,13.7954470102269,0.856490982366953,1.00213513529075,0.991140098644193,0.057233885492336,0.3,90,0.01,15.3521195993935,0.01,0.000703890031592515,-0.00455609121136107,-1.58986702007783,-3.04250980468797,1738,1780
16.894715445964,12.7566106708152,0.850778332203411,0.980286252994526,0.995828353734865,0.0220211515389251,0.3,90,0.01,14.2834584044734,0.01,-0.00509856678923107,0.000394329994551707,2.64154773170867,-4.79259426274204,1739,1781
16.2987185305469,13.3849023702028,0.848716218586501,1.00558373059709,1.00629435007519,0.0573828107525228,0.3,90,0.01,14.387334570961,0.01,0.00186816399764455,-0.00862271719021971,-1.15892609555256,1.67536279709702,1740,1782
15.6356747009189,12.1210787589241,0.841780455979909,0.995895860335381,0.992197732150788,0.0466870838291861,0.3,90,0.01,14.845610699082,0.01,-0.000369541315503324,0.00980604263018379,4.14401849954135,1.9852518474904,1741,1783
16.0923871313514,13.5324641313121,0.85773938737946,0.986640751835904,1.0093019218071,0.0528877940688335,0.3,90,0.01,15.7588482368414,0.01,0.00362615370249672,-0.00897104975618519,0.813125284452023,-4.47363319389938,1742,1784
16.3317001218795,12.6536754455445,0.835651213223672,1.0085607265059,0.992201302518579,0.0457125860382442,0.3,90,0.01,15.3885669415457,0.01,-0.00890298570341806,0.00906448987640982,-2.0818997336905,3.56375414631642,1743,1785
16.2272374119007,13.3373530311921,0.831797034738255,0.983408300118625,0.990160311294168,0.030456558308133,0.3,90,0.01,15.5427329947291,0.01,0.00431051040538394,0.00350823003159559,-0.647842272180712,2.19189041477565,1744,1786
16.3544954332023,12.7023617738725,0.842573392835255,1.01868484804127,0.993710821724472,0.0490206370543514,0.3,90,0.01,15.3961124170943,0.01,0.00926301837620023,0.00241330662199784,-1.82158030755038,-3.27894510497295,1745,1787
16.7215381739845,13.2109333889413,0.85540177197171,1.01448450461623,1.00612923280844,0.0589563652165953,0.3,90,0.01,15.4346551819838,0.01,0.00349898891706078,-0.00921923671533709,3.71309867078408,-1.93174603529364,1746,1788
15.2602122112684,12.4194248182772,0.859076741119342,1.01813348712951,0.997030442651287,0.0480393528291812,0.3,90,0.01,14.7716934981843,0.01,0.00296484062699257,0.00373274887472839,-0.772147832527478,1.47754206042363,1747,1789
15.2980727953949,12.5363634800441,0.846529480296403,0.980057367839273,1.00205369558646,0.0364788903545277,0.3,90,0.01,14.4526387490659,0.01,-0.00690761084005578,0.00728396816165962,0.533959682607033,1.31775816234736,1748,1790
16.2130937454451,13.1505228263702,0.855092059535235,1.00538934077979,1.00948470772445,0.0302835770096409,0.3,90,0.01,14.6585579653687,0.01,0.00438214902706105,0.00615932323262719,-0.695085003894336,-0.367298192141414,1749,1791
15.8948420357041,13.1392096469481,0.83736418142836,0.981785277686022,0.990625173401015,0.0533994654197998,0.3,90,0.01,14.5748024980213,0.01,-0.00374991330758236,0.00274545508811309,-0.199066063417752,-3.06695792863443,1750,1792
15.1345741203427,13.521658058082,0.838001057320851,0.990112252881944,0.999937891019758,0.0529410080735524,0.3,90,0.01,14.4628935042118,0.01,0.00378430791566646,0.00688594256260652,2.49896380574305,4.06726290977738,1751,1793
16.8628626888277,12.9716628362957,0.859019249249223,0.996379976244286,0.995220042794309,0.0567312118829174,0.3,90,0.01,14.1016948414291,0.01,0.00137290880037736,-0.00937339527369972,-3.5385764983331,3.26127320933481,1752,1794
15.7368972974304,12.1017563842893,0.86780318428319,0.981860553091692,1.00349231378781,0.0598987864397817,0.3,90,0.01,14.9651095898498,0.01,0.00984798729210383,-0.000577400485400744,4.50067623234392,0.0744469481133319,1753,1795
16.1321946974773,13.4157519405712,0.843140091994748,1.00271807819556,0.992507461896929,0.0453042975576044,0.3,90,0.01,15.5474026442456,0.01,-0.00891237756205303,0.00698641866378138,-1.45463188013733,2.51613209594477,1754,1796
15.1261422961587,13.9315197386079,0.869409766816419,0.982088227041213,0.991421519224056,0.0414348107454802,0.3,90,0.01,14.4487605151113,0.01,0.000250518923754377,-0.00183302546383387,-2.57014102676144,3.431890171058,1755,1797
16.3471307993809,13.8725305387134,0.862015731979704,1.00151371106396,0.998604594402015,0.0360998106615219,0.3,90,0.01,15.5880260138904,0.01,-0.00131140356861623,-0.00540657720048142,0.211647862396579,-4.10256163959179,1756,1798
16.3326951237055,13.9800211098978,0.841257928928023,1.0049522680051,1.00356388036744,0.0518070320510493,0.3,90,0.01,14.3519771846336,0.01,-0.00177123881684763,0.00168218816021694,3.7560475163887,-0.942134627471859,1757,1799
16.2672921554294,13.6809010909537,0.866946391409935,0.999208559166486,1.0000602173985,0.0257389825099474,0.3,90,0.01,15.0590062889232,0.01,-0.00749197318205061,0.0026602591664174,1.11192341653787,-1.63495748015888,1758,1800
16.0756853673491,12.3754371917489,0.839201901020579,0.987505960923696,0.99354839499699,0.0553823593074446,0.3,90,0.01,15.5278630860118,0.01,0.00620082394145228,0.00176441236969058,-4.92109091409415,-4.01917830955749,1759,1801
15.7050317682376,13.5794102861991,0.840276429951071,1.01357238231563,1.00029222436699,0.0299622896273956,0.3,90,0.01,15.0768135510242,0.01,-0.00784173406057416,-8.71983927442314e-05,3.84813386659174,-3.63868213839203,1760,1802
15.3649008249298,12.7779017591073,0.846339709928506,1.01676047565406,0.993958916284933,0.0399641234149275,0.3,90,0.01,15.4551753645436,0.01,0.0072024634462839,-0.0053835357106636,0.673206726148532,-3.92744056629065,1761,1803
15.2508636865855,12.7541924402277,0.852774824896706,1.01188414992506,1.00176184970648,0.059266944405705,0.3,90,0.01,14.9624212626051,0.01,-0.00586196903160797,-0.00557360084369082,-4.57366511266787,-1.12361049510086,1762,1804
15.7745556463149,13.4532991601624,0.842783444081397,1.00004894762715,1.00395922935581,0.0270911709591936,0.3,90,0.01,15.7902377653692,0.01,0.00923715897113358,0.00685394206677173,1.29419400008399,1.1216794670793,1763,1805
16.7129230454657,12.1331870868748,0.857414346766322,1.00526087978364,0.996742258994695,0.051860576000713,0.3,90,0.01,14.1093603019895,0.01,0.00201075985969499,0.00732597073176696,-0.624570123852921,4.19281863886082,1764,1806
16.9799498012126,12.4255610598158,0.866275099986009,1.00103383303544,1.00318256196458,0.053072054127947,0.3,90,0.01,15.6064012584332,0.01,-0.000938220233578863,-0.00949850156245672,-0.75069393191313,-2.92950425605077,1765,1807
16.6821473035844,13.8695556531136,0.832687470117143,0.984087551273496,0.994234849343126,0.0298050769863975,0.3,90,0.01,15.6527636173052,0.01,0.00062295753580595,-0.00942899424539646,-1.89055760887775,0.604884258228085,1766,1808
15.2932058251315,13.6588324019502,0.843906222794553,1.01741728916477,1.00161990160834,0.0499840362851079,0.3,90,0.01,14.0289309699771,0.01,0.000746891392753109,0.00457345701983524,4.65248611434004,-0.799234444287463,1767,1809
16.0795539015869,12.3374732537097,0.865327230155941,1.00425713960239,1.00347133776972,0.0282940621580407,0.3,90,0.01,14.4222699778799,0.01,0.00386425042539189,-0.00779045435146795,3.73603135262355,-3.02959424457408,1768,1810
16.7226590414696,12.7516472589532,0.845399224484695,0.982204773527008,1.00237752745711,0.0595024936547616,0.3,90,0.01,15.8721408484427,0.01,0.00197227957644837,0.00941005809742296,4.54846372411365,-4.15157444666583,1769,1811
16.5669708905092,12.1727143777259,0.85535971150454,0.986347789204138,0.994297248176512,0.0539431239331869,0.3,90,0.01,14.0544345772049,0.01,-0.00569415783604574,0.00852857501707566,0.58809127510743,4.16602688458046,1770,1812
16.3097991895828,13.8745939553396,0.832980995256542,0.998668632196594,0.994911896028172,0.049058477440597,0.3,90,0.01,15.4912525695231,0.01,0.00102846401372174,0.0069724733328642,-2.39552559267231,2.80846991739133,1771,1813
15.1080789029045,12.9484628965521,0.849472400308217,0.989885716945161,1.0078318792238,0.0343221043324998,0.3,90,0.01,15.8421431729091,0.01,-0.00236679483340857,0.00613004514326287,-3.36893840921487,-3.60748942820875,1772,1814
16.9816253527479,13.9629403838779,0.839440095046059,1.01298971329005,1.0036206069908,0.037570656821908,0.3,90,0.01,15.7349627759393,0.01,-0.00714552122462431,-0.00988065439230291,-2.54318934071547,3.90801870651061,1773,1815
15.4008267353465,12.5643581867843,0.866556008955144,0.980097838640261,1.00123233176431,0.0379047357800821,0.3,90,0.01,14.6824111352243,0.01,0.00101367434073747,-0.00177908644011933,0.614971363208739,1.26621940832659,1774,1816
16.7534958674775,12.9181091071662,0.835809455009287,0.985189555447333,0.993977835338833,0.053963433702792,0.3,90,0.01,14.9497786579371,0.01,0.00145300961979962,0.00440199873477865,1.50646569599301,-0.266029053400064,1775,1817
15.173292220726,12.9926523449622,0.869367176741973,0.988593646457102,1.00636870127051,0.0321675637634088,0.3,90,0.01,14.1905614887775,0.01,-0.00265569812077326,0.00467976239890629,0.482810964137247,4.96594064963699,1776,1818
15.7802486506787,12.8991184984353,0.831318183392519,1.00458493981795,1.00978429531143,0.0547738065715853,0.3,90,0.01,14.6948435754366,0.01,-0.00333954142452956,0.00799818061735196,2.48913555914941,-2.51884532740457,1777,1819
16.0739716847732,12.2660875272432,0.836204134241434,0.991575139298654,1.00150107637999,0.0313828423801365,0.3,90,0.01,15.8857273326964,0.01,0.00182200856256493,0.00379936864532175,0.620744851464704,-4.30260230223246,1778,1820
16.5473951132903,13.8470578033592,0.848684381066262,0.995613719254901,1.00823121584603,0.0296276612909244,0.3,90,0.01,15.6100432697223,0.01,0.000467196640472638,0.00191990256646669,2.92160640134913,4.20044831290594,1779,1821
15.9985762909435,13.1576728201058,0.864163739328382,1.00918221257206,0.996442888817194,0.0560206979749854,0.3,90,0.01,14.1943355849488,0.01,0.00122411677300711,0.00948373855418452,-1.4584405577593,1.13819676205387,1780,1822
16.8790446201101,12.1382755784549,0.842664977919056,0.980752080257217,1.00449596674914,0.043125500276039,0.3,90,0.01,15.004002008068,0.01,-0.00460634768730338,0.00518593084618007,-3.43048157644582,-2.47303659134665,1781,1823
16.9287607245095,12.8657047550386,0.864547716837211,0.991933311582783,1.00344352735702,0.0355310604684025,0.3,90,0.01,15.7018007650531,0.01,9.91461563528521e-05,-0.00408341957682373,2.23468239923934,4.47928795917663,1782,1824
15.6840671254338,13.8861995050729,0.86378301555558,1.00867786310098,0.990929270752912,0.0425623622207184,0.3,90,0.01,15.813165980134,0.01,-0.00315869768555177,-0.00473763235134859,-4.32738860855694,1.61906942093649,1783,1825
15.9642253774108,13.3025913165737,0.846316850878166,1.00445630332638,1.00285254921463,0.0263308345937859,0.3,90,0.01,14.3998464635591,0.01,0.00921394027701343,0.000673339726430196,-2.37950360481584,3.71718313728663,1784,1826
16.8682879637561,13.256269137968,0.845769208666793,0.995341664956033,1.00045879708192,0.0409625304030954,0.3,90,0.01,14.6042905295573,0.01,-0.00322499130973591,0.0030676829877447,2.12294895745386,-2.96006586264999,1785,1827
15.7324396743518,13.8217711420314,0.835377016616266,1.00825302076882,0.991916671536733,0.0412880518258166,0.3,90,0.01,14.7608631407528,0.01,0.00800185399937132,-0.00983246045516572,-1.99002381164041,-1.99297417511751,1786,1828
15.151977900402,12.0681942021165,0.831121674623001,0.995781039475996,0.994030174059185,0.0328161556827774,0.3,90,0.01,15.4642012450337,0.01,-0.00433476376357745,-0.00683484473353265,0.833738204472295,-4.81101920475149,1787,1829
16.6857078367917,12.5376214612938,0.859314723546861,0.998855659591322,0.996205361928268,0.0442949983296073,0.3,90,0.01,15.1285785843148,0.01,-0.00541208038901412,-0.006901051862354,-0.298862499104239,-1.95947851789693,1788,1830
16.0772430564617,12.2234087444966,0.850089418652452,0.99331503430961,0.99141278460544,0.056816905833375,0.3,90,0.01,15.0851546471957,0.01,0.000649500433067354,-0.00317797043782722,-4.90969948987366,1.04988841106355,1789,1831
16.7377742665753,13.5617426640593,0.852955095188144,0.986365678332003,1.00271873002728,0.054826343048767,0.3,90,0.01,14.5440943450132,0.01,-0.00194144002119276,0.00932220703993912,-4.66778243906564,-4.17810273661606,1790,1832
16.1758411619953,13.1628961524179,0.851872204615858,0.982738768321434,0.996262212345843,0.0251643197753611,0.3,90,0.01,15.1850950831382,0.01,-0.00164106474097983,0.00733843106361182,4.75855785336604,3.78325962272282,1791,1833
16.1188440357213,12.1369661482221,0.866113681769065,1.00392312516581,0.994707977190018,0.0211257059329103,0.3,90,0.01,15.9895480189053,0.01,-0.000231491311225386,-0.00205349645343885,-2.55007517130548,-3.65006581675789,1792,1834
16.9654401231738,12.5140681249848,0.842330698824065,1.00903652829069,0.996580260929111,0.0445444108195367,0.3,90,0.01,15.8361357381614,0.01,-0.00628419925928185,-0.0058212943508212,1.73474997073362,-1.33461917635941,1793,1835
15.8744398231925,13.5707368991854,0.835074598665692,1.0175971390095,1.00100596828779,0.0267496192529026,0.3,90,0.01,15.0055050288099,0.01,0.00951415440560028,-0.00384945441862748,-4.2598978068152,0.586440178731737,1794,1836
15.3639442931869,13.0076151737503,0.850024534493043,0.98321006651764,1.00608948223604,0.0344948285080306,0.3,90,0.01,14.3259060311891,0.01,0.00829472184621982,0.00073565262637925,2.12674916685364,1.01322142027264,1795,1837
16.0865229355842,13.1204386424457,0.859276795039526,0.980937486176701,0.995886625012982,0.0215806941761902,0.3,90,0.01,14.8420204667935,0.01,-0.00917353037073244,0.00132972174660468,-2.75985314542915,-0.926221966426498,1796,1838
15.653666717099,13.6044794135856,0.857129150751443,1.01043942053019,0.992874020383675,0.0378222157588508,0.3,90,0.01,15.8153188172872,0.01,-0.00213327898647929,0.00856632880321728,-2.20467436221115,4.37958592963646,1797,1839
15.878651417835,13.1856849715279,0.866172394962046,1.01097145795511,0.996998874249603,0.047376635498965,0.3,90,0.01,15.9642583947215,0.01,0.0093598235777399,-0.00531986700873412,4.48730007381985,-2.22627591238729,1798,1840
16.7593168470162,13.0616482859671,0.862992911238105,1.01310007591168,0.999594195874094,0.0334679270131426,0.3,90,0.01,14.3557184521762,0.01,0.00927255282139429,0.0079237795308898,1.8816338158706,-1.38619330301036,1799,1841
15.7939235086876,13.9208173809381,0.849299806285969,0.991149060692481,0.991433836199936,0.0589760930377171,0.3,90,0.01,14.2647312428199,0.01,0.00644091572930733,-0.00225431309257792,-0.864220775448931,-2.27506090954003,1800,1842
15.2599556694054,12.6207666039104,0.86411865309712,0.983999957498226,1.00583910520892,0.0521872377744197,0.3,90,0.01,15.6120983299068,0.01,0.00782277083849926,-0.00197651071095965,1.59290995860675,-3.40904894486742,1801,1843
16.4985782301706,12.23997661734,0.864376536873505,1.00061629352697,0.991277377058277,0.0386669202502557,0.3,90,0.01,15.4428524654521,0.01,-0.00174783583514674,0.00588041994893354,1.51366351008741,-1.32496997323227,1802,1844
15.381433590949,13.1797752157652,0.842318867774909,1.00783146651895,0.990193450032372,0.0416362039721943,0.3,90,0.01,15.303851883056,0.01,-0.00379988183159593,0.00389763888955539,1.46556327888137,0.993442574069695,1803,1845
16.5396697266746,12.0883335081503,0.845947056215411,1.01831512236308,0.990214955188467,0.0292403879688668,0.3,90,0.01,14.0620519380055,0.01,-0.00561924223272072,0.00536708484978612,4.56152877133382,-2.00404051149576,1804,1846
15.0811148840878,13.5769772011634,0.848400845402558,1.0123293878243,0.992784767407782,0.0340402477970584,0.3,90,0.01,15.6098129656673,0.01,0.00165223382113795,-0.00738261522644516,-4.76443867041815,-4.7457675417498,1805,1847
16.0567255777242,13.95300243791,0.861790348039429,1.01432552970315,0.995482434379292,0.0435755762604789,0.3,90,0.01,15.229834455301,0.01,0.00543353520962377,-0.00635689611043343,4.75205835120902,0.0281566269430265,1806,1848
16.889437477592,13.2337856787839,0.859395003445791,1.0107813153811,0.990704073766485,0.0261238328954282,0.3,90,0.01,15.1474568141325,0.01,-0.00081455568092737,-0.00345466113130883,4.90327616430167,4.21739241009186,1807,1849
16.0022167312615,12.6556710102984,0.842242764778746,0.980364575853589,1.0087856786908,0.0400221126533419,0.3,90,0.01,14.8692876467039,0.01,-0.0096926134496653,0.00196459172848884,-4.28558211935168,-4.25623217998815,1808,1850
15.1445016434714,12.9910638611488,0.851004810179325,0.984779982727142,1.00259477086142,0.0545919974311187,0.3,90,0.01,15.1567357978365,0.01,0.00480035878846927,0.00296116984370092,1.89515500239882,2.51400280418906,1809,1851
15.9955359626219,13.5583185436809,0.856509328187578,0.990488817453341,0.996359632586001,0.0279840342533798,0.3,90,0.01,14.5873536750678,0.01,-0.00106307674804511,-0.000889991422175399,2.1958976849157,2.5456230343479,1810,1852
15.429536761854,13.1288466198011,0.836347168625424,0.993127748560704,1.00325937355915,0.0379591678309753,0.3,90,0.01,14.3026509474658,0.01,0.00405501479505259,-0.00576889840994899,-0.149601319690662,-4.96735492049101,1811,1853
15.2157463050795,13.9610101149836,0.848954415539966,1.0060921512864,1.00424750558655,0.038482748403726,0.3,90,0.01,15.5871060297835,0.01,0.00649955138658271,-0.00126670940811705,-4.08022486888703,-1.86262948282947,1812,1854
16.0472631489389,12.5011619841879,0.867278244496815,0.989700689051665,0.993105975791441,0.0332054008598056,0.3,90,0.01,15.8410549848504,0.01,0.00846670414074652,0.00140913869778231,-4.4137528240876,0.0167713405214531,1813,1855
15.7113393854336,12.8285591377168,0.848513324852991,0.998001773774989,0.998419930358304,0.0341452794651741,0.3,90,0.01,15.4235724972647,0.01,0.0059038004254004,-0.00689335702716417,3.40325767551929,1.70184235465675,1814,1856
15.1954226279749,12.2274630996836,0.850458765271767,0.981137539952054,0.993606235342345,0.0438065249162688,0.3,90,0.01,14.2781782552784,0.01,0.00174010678144421,0.00865547777878161,3.76655493593164,-1.67083340195625,1815,1857
15.2093888940831,13.3066610163182,0.851547536025292,0.990652547666738,0.99109870892269,0.0251415374927801,0.3,90,0.01,15.9063893410729,0.01,0.00509122977823095,-0.00737555552883126,-2.67579177078437,-3.57275889298145,1816,1858
16.9663071001908,12.3622885730871,0.856122349046346,0.988541674101756,1.00227905627253,0.0478676883748231,0.3,90,0.01,15.8273635496843,0.01,0.00410579520198409,0.00612872371364544,3.98032793287554,-4.06105765804602,1817,1859
16.2544727362601,13.84458848317,0.84326945486054,0.986513578129628,1.00022742641315,0.0413139405772593,0.3,90,0.01,14.0935316379403,0.01,0.00767361598115763,0.000370350993190389,-4.51877280481995,-3.05408147988379,1818,1860
16.229451560894,12.3924348279791,0.869653182100268,0.992113984351165,1.00129243013245,0.0331243249667089,0.3,90,0.01,14.6762083492166,0.01,-0.00993682137235931,0.00566380065994531,0.198728433657659,-1.07179217803842,1819,1861
16.2087121404305,13.1984138860667,0.853208182960026,1.01426481244538,1.00602910979937,0.059406676284222,0.3,90,0.01,14.7425160484183,0.01,0.00400698441654861,0.00881588538480915,3.59118522302418,2.27276327988927,1820,1862
16.64318418516,13.1662190932354,0.851840676630745,0.999365006284292,0.994884702381966,0.0249951757726923,0.3,90,0.01,15.2561464734603,0.01,-0.00414449749445998,-0.00288294864936813,3.44950093917246,3.06757599308437,1821,1863
15.8156799727733,13.4906964381384,0.864278316313446,0.981309737654425,0.991286876976742,0.0274490155566569,0.3,90,0.01,15.4689936951789,0.01,-0.0023262184422529,-0.00644906174438344,0.694443942325086,-1.4198409325041,1822,1864
16.1148185139579,12.2921143275553,0.850417151108697,1.00286614869834,1.00196927021693,0.038789551653415,0.3,90,0.01,15.7919850232181,0.01,-0.00864330214453741,-0.00709825363421647,-1.17350635135695,1.70843785825288,1823,1865
16.0118027056379,12.3613090773972,0.854993090923961,1.01903072530692,0.99207063969967,0.0325644934582153,0.3,90,0.01,14.8725500006891,0.01,-0.00595109887635032,0.00403990026233534,-1.47500416763434,-0.0561519161165238,1824,1866
16.8814424544379,13.3312883773301,0.837960176477447,0.988202051832146,0.991528241715315,0.033364275570466,0.3,90,0.01,14.2064809035619,0.01,-0.00441765391043535,-0.00906702176060502,-1.08206845091821,1.13210396892741,1825,1867
16.1097388366256,12.2473882026135,0.841639289811314,0.994244472486518,0.999708103979961,0.0298714182009694,0.3,90,0.01,15.7507980392432,0.01,-0.00889091839681184,0.0062385113573538,2.77877523631113,2.65551151955857,1826,1868
15.4512956588077,12.3179931233069,0.83336410568921,1.00963972792368,1.00011223371041,0.0547163373367532,0.3,90,0.01,14.9648120099965,0.01,-0.00575520067153755,0.00828295379957365,-2.48580299647346,-2.21321822819631,1827,1869
16.2861660046477,13.8534274695667,0.862846812209294,1.01332986040538,1.00712068217219,0.0308390560755725,0.3,90,0.01,15.1396096329122,0.01,-0.00360557939876378,-0.00320637613808312,2.91029528060915,3.47444163440684,1828,1870
15.906978994136,13.4376102972929,0.842363273047508,0.994607014740627,0.994957678040863,0.0247297263853119,0.3,90,0.01,15.5495010948023,0.01,-0.00672995121081219,0.00964556241738384,-0.300241721063176,2.85628465411168,1829,1871
16.5403884232523,13.1064443042572,0.852723928638553,1.00621332364834,0.999012106811323,0.0325956913632512,0.3,90,0.01,15.8476825117456,0.01,-0.00905121352277405,-0.00279155812036542,4.08910546062705,-0.822262691174729,1830,1872
15.6406505405993,12.7454107171483,0.845481480314618,0.983811221146449,0.99378192859441,0.0348587162352134,0.3,90,0.01,14.4196865210223,0.01,-0.00391364908744539,-0.00336897257835934,2.31613540188533,2.34192186582893,1831,1873
16.2448352045848,13.4729238796827,0.856384372949061,1.00852363074778,1.0037494981015,0.0274244628237607,0.3,90,0.01,15.0919486783531,0.01,0.00746832948615465,0.00681774020459434,-1.7754878309989,1.92077544218503,1832,1874
15.7696050532811,12.1358060999357,0.833718018703029,0.997698434697483,0.996908002574553,0.0409813460418492,0.3,90,0.01,14.1815478277635,0.01,-0.00761059863203059,0.000226476845297642,-3.51733118617262,-0.633120869637205,1833,1875
15.4226949584844,13.5964304022839,0.855590990838368,1.00909779094162,1.00416805444513,0.0585429905205133,0.3,90,0.01,14.1405751574918,0.01,-0.00396218726931386,-0.00647366683867033,2.46841634491188,4.76264022869061,1834,1876
15.0320848137297,12.4260876726288,0.837337046248807,0.985960707241778,0.99161356954108,0.0581274678459147,0.3,90,0.01,15.7532848359674,0.01,0.00411039089385257,0.00960787790356623,-3.01594497501666,2.80339072815963,1835,1877
16.865626452712,12.8454142158763,0.865975737068324,0.987368999086874,0.99067245436029,0.0582046040296367,0.3,90,0.01,15.7046261502739,0.01,0.00291562115083576,0.00345632771671858,0.465962177411471,-2.93299548105459,1836,1878
15.1692034964952,13.5779018591785,0.859199518313583,1.01517545567093,0.992678019350393,0.0418679378635759,0.3,90,0.01,15.1069679116792,0.01,0.00049969029514259,-0.00568199284810971,-2.75495511988615,1.87322938832398,1837,1879
15.991039208507,12.6196461468334,0.835663530368353,1.01022107958408,0.998595637895592,0.0504664569524182,0.3,90,0.01,14.0811297444557,0.01,0.00301087816410152,-0.00169960774235788,-1.2961906850536,-2.04419300406443,1838,1880
16.6333406512437,13.3855757221934,0.839579607988837,1.00258731569808,0.995171219479929,0.0400952689367807,0.3,90,0.01,14.3692650943643,0.01,0.0051947693753941,0.00383915477315471,-3.41882234092801,4.02804976626305,1839,1881
15.4054483222754,12.6567319926186,0.855010234237077,0.999658363288854,0.992187334520031,0.0277719686725609,0.3,90,0.01,14.0765425462604,0.01,0.0038316944217203,0.00368738880845744,0.551773952514081,-0.207543497909594,1840,1882
15.2798131862745,12.1958415029367,0.843984460732498,1.01029051740719,1.00899082684059,0.0359650280799777,0.3,90,0.01,14.589883349118,0.01,0.00521637555981615,-0.0066205019280376,2.93744063772199,-4.61102650401872,1841,1883
15.3262738745518,12.3513317565968,0.858585982257257,0.987837751404345,0.998251827620826,0.0230383602836616,0.3,90,0.01,14.1488969994833,0.01,-0.00358346921643932,0.00434533317944515,4.71975206900959,4.25774770001851,1842,1884
16.2710334299705,12.8647753100442,0.85278274870915,0.980483838189311,0.995336436179538,0.0463630791626579,0.3,90,0.01,14.1066083014214,0.01,0.000126880351790442,0.000481435803377339,0.513178325877743,-1.57133769492678,1843,1885
15.6373583700562,13.8507928419012,0.852103717546809,0.996775010465287,1.00079929708253,0.0235102488069706,0.3,90,0.01,15.5234692372333,0.01,-0.00380975100965632,-0.00118806038605111,-3.44626776260041,3.12319743964474,1844,1886
16.5073132529388,12.9317850095139,0.839918535798784,1.01900206823193,0.991850407569586,0.0268509863913447,0.3,90,0.01,15.4800270529821,0.01,0.00826346771544964,0.00194442531758878,1.88688274417017,2.91485239942451,1845,1887
15.3359945270305,12.6924773521786,0.838069253517953,1.00098848713314,0.991936531731664,0.0359270889035246,0.3,90,0.01,14.1377491324325,0.01,-0.00964323180919812,-0.00612476640384139,-0.481182700196975,3.7443786217319,1846,1888
15.3368576048589,13.6455716878758,0.850557698900375,0.987191014553202,0.993462882711344,0.0454492200357558,0.3,90,0.01,14.7931813804738,0.01,0.000536074246389713,-0.00457825403391409,-2.0573098229022,2.05624682537897,1847,1889
16.4957441494343,12.9529992477951,0.849689120126227,1.01149336842698,0.990382728728,0.0205120364088239,0.3,90,0.01,15.1799900637955,0.01,0.00530922744126009,0.00105680028812835,-4.00991292308359,-1.19652347631492,1848,1890
15.1998335048098,13.3018944689321,0.849416026338023,1.01772703328539,1.00403330464536,0.052477946681421,0.3,90,0.01,14.7039788415984,0.01,-0.0003958229435872,-0.00753389373860975,4.82438401119002,-3.30642353856519,1849,1891
16.3968662631066,12.8191526242667,0.836520495051117,1.01954024491243,1.00919521388746,0.0332375929355169,0.3,90,0.01,14.0507624765475,0.01,-0.00619502973709953,-0.00771839182446283,-2.96687469543539,2.59490558936612,1850,1892
16.9092340792393,12.5238401229762,0.863724322718876,1.01905185154732,0.998505192467705,0.0458653486874335,0.3,90,0.01,15.3577464952621,0.01,-0.0059351329888274,-0.00220042942035589,4.36216788247794,-4.11884450525543,1851,1893
16.2227153291728,12.1391583011369,0.860198033035135,0.997043027368242,1.00457191507877,0.0395163786383107,0.3,90,0.01,14.9425565617608,0.01,0.0096564333415302,-0.000344637175835116,-4.92879572261018,0.483220765906157,1852,1894
16.6832802871654,13.0341004414671,0.835339647133652,0.988689967464709,1.00086390375332,0.0548730400621261,0.3,90,0.01,14.501211694983,0.01,0.00126173919052646,-0.00973615867133232,-1.48280944007569,0.797475384028824,1853,1895
16.8872339515019,13.4195343011257,0.860121284675768,1.01090938845462,0.992230224463954,0.0272448069778946,0.3,90,0.01,14.6401416464386,0.01,-0.00523434175710084,-0.00392990689877934,-3.90325347860925,2.37169668372657,1854,1896
15.1969684883486,12.5983411590347,0.857776361677219,0.984010472797497,0.99065956085037,0.0545146432483657,0.3,90,0.01,15.6315317613536,0.01,0.0077580544100903,-0.00693557378817714,-3.6419465227613,-4.41784428834208,1855,1897
16.5507862799018,13.3113642834073,0.851314335607185,1.00843092510664,1.00139640043294,0.0471820953826542,0.3,90,0.01,14.8398128346506,0.01,-0.00468463177033021,0.0077388829852472,-0.363329938582185,0.916948308885556,1856,1898
16.6381428747349,12.3406875882889,0.862026303205117,0.992298254017664,0.992973960205043,0.0221232172662854,0.3,90,0.01,14.6846802460866,0.01,-0.00337206857854618,-0.00449906503886813,4.9878673523649,3.7954853752917,1857,1899
16.4191338450444,12.2838753467904,0.868262808083603,0.995560314045158,0.995369666742786,0.0266935391986234,0.3,90,0.01,14.7832688981637,0.01,-0.00497774409212281,0.00470654423021337,2.3994272776155,3.66419985296278,1858,1900
16.4304526347893,13.1780285523564,0.862736812713689,1.01494723867947,1.00934561198348,0.0512634224482168,0.3,90,0.01,14.3187921044966,0.01,-0.00795349857822326,-0.00535911983355058,-3.04521730485719,-2.75255071614595,1859,1901
15.2758946407262,13.635261910866,0.848292769888169,0.980468667634866,0.999204774847638,0.0472341893276136,0.3,90,0.01,15.5344410305293,0.01,0.00688538512011316,0.00629068688781217,-2.02063892106541,-4.67125187331081,1860,1902
15.0694442508954,13.024929822323,0.862094156918068,0.995727631081736,1.00831830353778,0.0460794471884764,0.3,90,0.01,15.6967407588407,0.01,0.00481560467999325,0.00425436104829737,-1.35720823331948,0.118255115892287,1861,1903
15.9085256151748,12.2737512394027,0.83345399755896,0.999888216838248,1.00988366266143,0.0208188618894446,0.3,90,0.01,14.5861569068012,0.01,0.00683752360535031,-5.3217463556977e-05,4.66918603349601,2.10393282534376,1862,1904
16.5521360483181,12.5305202520351,0.834357646757562,1.01455705621455,0.998576694058327,0.0310889850549896,0.3,90,0.01,15.6225290241728,0.01,-0.00408845609083332,0.00412790497283141,0.761483194871606,0.711493622620164,1863,1905
16.8147465883926,12.434741031834,0.849743095755452,0.991907205231839,1.00868373708906,0.0243285398345169,0.3,90,0.01,15.209374790178,0.01,0.0092836786849214,-0.00312724015145449,-2.39184114251047,3.35209431025024,1864,1906
15.2380806885667,13.0400557293546,0.85944400189479,0.991475474306341,1.00631944363142,0.0366501048988796,0.3,90,0.01,15.2580053000973,0.01,0.000298302534367544,0.0022416245988096,4.88461922993811,-1.89637133033955,1865,1907
16.6628080000289,12.2331799834115,0.859153320534893,0.989117641871309,0.991499701943869,0.0366238494207945,0.3,90,0.01,14.7204390227912,0.01,-0.00695055001647652,0.00520186164623685,3.39237316843325,4.18403233362105,1866,1908
16.4414904145267,13.0476098826724,0.83170242319361,0.984961421254033,1.00238663302727,0.0272757780043462,0.3,90,0.01,14.2169552787271,0.01,-0.00378550146866367,0.00560883535553817,3.38389504203482,4.23259724680339,1867,1909
15.8961581847164,12.5638740599623,0.83314480760647,0.981607747812805,1.0010247816525,0.0318714636177503,0.3,90,0.01,15.9626550846543,0.01,-0.00338779343158819,0.00696897100990676,-2.961900144755,-1.73411832079904,1868,1910
15.8604764035606,12.7766500318242,0.861270896417804,0.999816465806959,0.997925757531151,0.0336104461315014,0.3,90,0.01,14.2439216157234,0.01,-0.00988809935374088,0.00339316137763433,2.23953036362499,-0.701991691113971,1869,1911
16.9301771181482,13.1616578452483,0.858053413682838,1.01896795563353,1.00439725111213,0.0308927732357475,0.3,90,0.01,14.7730758914732,0.01,-0.00728192016184866,0.00846288015368331,-2.86395628488829,-2.40047401603848,1870,1912
15.713777227357,13.9710133979261,0.832825065853691,0.987170606893319,1.00414797295804,0.0478974127248595,0.3,90,0.01,14.2476581603568,0.01,0.00138505972743416,-0.00863432424459825,-3.525033551697,2.00342847590941,1871,1913
16.6936022459148,13.0578420899613,0.847544840933655,1.008214379567,1.00902806894803,0.0453278042952424,0.3,90,0.01,15.0895369951567,0.01,0.00731140901255688,0.00875196375881702,-3.71483642190886,-0.0811022431400596,1872,1914
15.2864247761625,12.2646353049701,0.869126644926459,1.01722825767648,1.00292263531077,0.0539045089759039,0.3,90,0.01,14.0452110515082,0.01,-0.00345479483460644,-0.00928927196052816,-3.40047511294598,1.94640791058152,1873,1915
16.2102849264095,13.8558437534462,0.83010846695381,0.986536267229734,1.00363938409481,0.0281636429587367,0.3,90,0.01,14.5568043861354,0.01,-0.00885173265538815,0.00526456508019976,2.88610785374429,0.160126663121418,1874,1916
15.1244776756744,12.5699889021811,0.835908337687574,1.01174382124016,1.00331396206268,0.0366614106212664,0.3,90,0.01,14.8041559907022,0.01,-0.00587642164565832,-0.00170267976809129,-2.0284287078203,-0.84687178575865,1875,1917
16.8123230816002,13.9761591140688,0.838289622443013,1.00242940508047,0.99736056910833,0.0497448900909681,0.3,90,0.01,15.0152673421725,0.01,-0.00683235945700968,0.00671434311481062,0.935185819349996,-1.78320965627888,1876,1918
15.9631177127389,12.9239860040432,0.861613100089597,0.99351773838689,0.995354921999696,0.0277422377164945,0.3,90,0.01,15.4579597141745,0.01,-0.00289075797250647,0.00529554955028596,-4.23031286853645,-4.93985683635274,1877,1919
16.977416574228,12.4077744761065,0.832279626675996,1.01276236358718,0.997124551009166,0.0265834519054033,0.3,90,0.01,14.1125079899123,0.01,-0.00173272187352723,-0.00772708404100073,-3.94132548517213,-1.99762525885218,1878,1920
16.4734045734812,12.374029026094,0.864229630411646,0.980189434833858,1.00117783982454,0.0502404669171811,0.3,90,0.01,15.0094474804597,0.01,-0.000298526123071952,0.00189031953204207,1.01534063111589,-2.49369643119063,1879,1921
15.0798393072995,13.5738513983806,0.85007741086897,0.998914300120092,0.991840532511854,0.0277142129171518,0.3,90,0.01,14.5100334315458,0.01,0.00475825784741096,-0.0019107610014063,4.73317519552051,1.34753200494764,1880,1922
15.5823076216309,13.0123760821231,0.845082115070233,0.980100974221433,1.00755118095034,0.0531539450717487,0.3,90,0.01,15.5938869601402,0.01,0.00723969884582561,-0.00837716896750723,0.26696810902785,3.11953619885599,1881,1923
15.8349645110201,13.4098286652565,0.86893440388163,1.01119524267659,1.0069292795842,0.0565375908760124,0.3,90,0.01,15.7865527067095,0.01,-0.00356315958828494,-0.00971980219942207,-0.870679127788653,-3.49973527701768,1882,1924
16.9025910738658,13.1322694171853,0.8525942575857,1.00386158507732,0.996087543449432,0.0578398113865528,0.3,90,0.01,15.3256924583407,0.01,-0.00637664107483021,-0.00268308549982812,0.225644191901377,-0.644740518657694,1883,1925
16.9632443516707,12.2531869658843,0.833991273524007,0.981622745291511,0.996186001842327,0.030438110513631,0.3,90,0.01,15.336556646527,0.01,-0.000824150100618898,0.00143907222812016,-2.18350767913639,-4.44983223363731,1884,1926
15.2361145737516,13.893323934705,0.862789510660614,0.990095000658868,0.993441063999912,0.0371630005073654,0.3,90,0.01,15.5788402159982,0.01,-0.00947455786886637,0.0099232110503401,4.04633517991024,-2.9424824691229,1885,1927
16.611976245899,13.8874983375157,0.856031635597533,1.01508763065254,0.9989243014042,0.0476480136917518,0.3,90,0.01,15.2541835864071,0.01,-0.000724538319808909,0.00244562083865242,0.97986230390696,3.99845873259887,1886,1928
16.3848955288042,13.277316933075,0.841693063131989,0.997366481699148,0.995990394346738,0.0555954062781142,0.3,90,0.01,14.8515269664754,0.01,-0.00999224314277902,-0.00981507236882081,-2.40997053539263,2.21806304067826,1887,1929
16.1004382512315,13.7454905179153,0.833921098057839,0.997333334342209,1.00220367678348,0.0364056316661596,0.3,90,0.01,14.2698892558861,0.01,-0.00401468570733678,0.00527765659148629,0.36983455464623,-1.94667739572129,1888,1930
15.462587924464,13.5460774294986,0.848134710212256,0.992081652367827,0.994353009803913,0.0381609338857914,0.3,90,0.01,15.0627287726235,0.01,0.00491218389710804,-0.00283777605473762,-0.879590364890444,-2.62339424300711,1889,1931
16.20753978982,12.7095795926717,0.867012688527206,1.00448749456794,1.00037661298308,0.0519243288153104,0.3,90,0.01,14.8141720414649,0.01,0.00153374533273941,-0.00272065518982811,2.6762072471805,-0.655533927606803,1890,1932
15.3250679121461,12.2157088242123,0.857353447593585,1.00542462432551,1.00924170448022,0.0589135020570769,0.3,90,0.01,14.8217779955447,0.01,0.00417473493607959,0.00184088989205627,-3.34096384001374,-1.68635120736504,1891,1933
15.8835683026893,12.1778411352719,0.833246555728651,1.0100152315764,1.00178642684131,0.0477750559483202,0.3,90,0.01,14.0989036635688,0.01,0.00598754821810517,-0.00446936059070342,4.06895494228735,-0.614337215029945,1892,1934
16.5814161926401,12.3553882774685,0.849701442127646,1.01441548707147,0.995063314835912,0.0288875567626226,0.3,90,0.01,14.0399591035749,0.01,4.44988152780088e-05,0.00402081199884268,-3.29503554000196,3.72820896668591,1893,1935
16.3508132314026,13.5976005245273,0.845898349101115,1.00557770199515,0.996758675579166,0.0465374013591651,0.3,90,0.01,14.596174329529,0.01,-0.00363055361321856,-0.00318409209277491,2.02148703149689,-4.49487832209919,1894,1936
15.5066553423406,13.6765804171021,0.868387522409073,1.01355829940652,1.00512743788787,0.0444874045650096,0.3,90,0.01,15.9490062987608,0.01,0.00880708903687642,0.000382260272497173,3.41928535586073,0.146846252542868,1895,1937
15.0266404587353,12.3111392882535,0.852830985997742,0.989648375325655,1.00024834838951,0.034642703945192,0.3,90,0.01,14.8573892052274,0.01,-0.00128199582991107,0.0080849510019826,-3.86749759801154,-3.24959034317304,1896,1938
16.4513226027654,13.2825778692264,0.844964687755655,0.982282070762121,1.00660085551204,0.0293720465579276,0.3,90,0.01,15.4865214230203,0.01,-0.00614011637333515,0.0068469511828572,-1.98128798966606,-4.36146058058428,1897,1939
16.0284983884064,13.3601360764223,0.858195616402167,1.01973884503817,1.00030613883713,0.0578999553237673,0.3,90,0.01,14.9638339878834,0.01,-0.00278152853728749,0.000204762963115768,4.74643656041484,1.79762126132984,1898,1940
15.7872143272218,13.3034282330176,0.862486446335617,0.98837379405341,0.99977566715029,0.0255637760969228,0.3,90,0.01,14.9831469866001,0.01,-0.00777148178074677,-0.00438689980777289,4.42858737790347,2.66508525369119,1899,1941
16.6701649180438,12.7558743150058,0.832518072538191,1.01387135722623,0.99649280206612,0.0362017526496676,0.3,90,0.01,15.4069299789787,0.01,-0.00583908905962782,-0.00277580406859715,3.50861388774728,1.08443264043582,1900,1942
15.3048598044618,12.9596415475704,0.836100252341687,0.986627579434095,1.00302915706839,0.0260954530671827,0.3,90,0.01,14.3792641200592,0.01,0.00824255174517632,0.0034392830014531,1.1371396053519,-3.23108635619885,1901,1943
15.2616750819968,12.9374818556759,0.840458903552628,0.981983127537114,1.00235047533044,0.0464224081650681,0.3,90,0.01,15.2057705882291,0.01,0.00210973618684656,0.00571851398149145,-1.21838033484025,3.01363076745374,1902,1944
16.6773470827752,13.7426596325236,0.855324472289926,1.01472278714023,1.00248104806983,0.0541984254546421,0.3,90,0.01,14.6362042358337,0.01,-0.00951202439596289,0.00760480111777593,3.78974670507159,-1.69106468368541,1903,1945
15.9238224864755,12.9166598526563,0.862236320737165,0.99194412520584,1.00153970091383,0.0389405915131108,0.3,90,0.01,14.3178421878886,0.01,0.000944112184169092,0.00265795721187427,2.66932420268209,4.58968699700888,1904,1946
16.4202242040353,13.8586686373041,0.83771416859459,0.996345336316561,1.00791558351645,0.0342445755319225,0.3,90,0.01,14.0012170941738,0.01,-0.00816094054343847,0.00981664880593716,-1.13850966640237,-4.40708866652346,1905,1947
15.3949104270888,13.8845767467442,0.844600702106356,0.982657390954053,1.00497948757364,0.0371192250718993,0.3,90,0.01,15.4593518408961,0.01,-0.00622371979540806,0.00197122861109978,2.97139965542624,-2.9750055951371,1906,1948
15.6153092307109,13.2180167432418,0.854777379147606,0.987981833674526,1.00136646868469,0.059292929626864,0.3,90,0.01,14.7048476339331,0.01,0.00105639091881161,0.00114316855796271,-4.27437696428017,2.03500819159591,1907,1949
16.1440181138039,12.4667343343359,0.837382978764457,1.00051336256458,0.995417163495665,0.0239661110328722,0.3,90,0.01,14.0658231430322,0.01,-0.00527002492837216,0.00997945043768897,-2.69834236672208,3.65266665144466,1908,1950
15.5528322760418,12.2380203709699,0.855649194100858,1.01989708107494,0.990524425269129,0.0529203135109001,0.3,90,0.01,15.9037860249458,0.01,0.00791834218236321,0.00952928411935064,-3.76469394156402,4.90093250490735,1909,1951
16.0085869203241,12.5705581365102,0.830862835296208,1.00035066620115,1.00478126169029,0.0497107583668069,0.3,90,0.01,14.7578484324901,0.01,0.00987647287637835,0.00837018277434535,-4.97410167762602,3.33232283038313,1910,1952
15.267034216522,13.910501547515,0.84661262217208,0.997817415684412,1.00643914852804,0.0592421736753007,0.3,90,0.01,15.9741225194024,0.01,0.00121216613175442,0.00710455588200475,-2.86955370703496,-3.1863856863679,1911,1953
16.4529237098408,12.086596385306,0.854006936049823,1.00733388588059,1.00410650742408,0.0479206602602965,0.3,90,0.01,14.4235327004522,0.01,0.00280675405927699,0.00055698281493884,2.63426752043351,-1.82980365623515,1912,1954
16.9911087445341,12.7715268333466,0.85384001073872,0.99503102635405,1.00708575657998,0.0371438352789211,0.3,90,0.01,14.4714601142602,0.01,-0.00532622921680934,0.00366214043674048,1.01402163935176,3.49065661260864,1913,1955
16.8778772380142,12.4504441475339,0.8303818263063,1.01850698089072,0.99240836693448,0.0293579978758533,0.3,90,0.01,14.5598706580489,0.01,-0.00347138540641494,-0.0047665873907839,-2.14766359146409,1.52022774006526,1914,1956
16.9206317550722,13.8193027145546,0.867161423815465,0.985581439659456,0.991452564792452,0.0363453944929171,0.3,90,0.01,14.5845200902455,0.01,0.00483190667788951,0.00405084795620707,-2.56558871361083,-0.223068366394643,1915,1957
16.6200567673648,13.4332030408649,0.858646391142751,0.984465310736328,0.998751724723475,0.057326922532339,0.3,90,0.01,15.6847101446977,0.01,-0.00814396808669284,-0.00832499797581904,-0.275237305345028,2.96264378636494,1916,1958
15.8951820884024,13.4864890422742,0.844518869655333,1.0078494839504,1.00014785662325,0.0258445507939341,0.3,90,0.01,15.1268068942752,0.01,-0.004743613641843,-0.00682633150109458,1.22336742200644,2.91961295387476,1917,1959
15.8128225286508,13.9782552246927,0.853691977769559,0.987232423261121,1.00119350837086,0.0530356511884504,0.3,90,0.01,15.9234426159209,0.01,0.00143038231986816,-0.00151759035542892,2.61507620329606,0.942941715226331,1918,1960
15.4887950862097,13.4556828122727,0.853235375277949,1.00003472347608,1.00487404262571,0.0308568763330999,0.3,90,0.01,15.9102975533247,0.01,-0.00542949954896405,0.00458318813336503,0.930004756184626,-1.49869247452354,1919,1961
15.0370710585999,13.4967209314384,0.855892454820773,1.01616539247467,1.00811476006034,0.0426770404030726,0.3,90,0.01,14.5851386858083,0.01,0.00823537511191069,0.00923216250626778,-2.35734891726329,3.63113110437257,1920,1962
16.8105255480484,12.4368249146072,0.851245877584713,1.00191664448552,1.00553814109719,0.0532478567761047,0.3,90,0.01,14.8035825085758,0.01,0.000380335886786133,-0.00886361720756699,4.20552431288788,0.123208425909479,1921,1963
15.5304221898622,13.7942017168725,0.831477370739376,1.00985578516661,0.994686709159349,0.0380985563344661,0.3,90,0.01,14.4645374376731,0.01,-0.0019329139874616,-0.00982218928841481,-2.81960873161448,4.81392552079066,1922,1964
15.5039201495658,13.3969603431558,0.855698151943944,0.993913272547944,0.997485214555176,0.0224100483276532,0.3,90,0.01,15.7980595908908,0.01,0.00707312122339535,-0.00630872106251149,2.09415116900423,2.32132207658158,1923,1965
15.5598415567733,12.8306793291321,0.848739853127176,1.01727418994672,0.990633963177638,0.0427954204354316,0.3,90,0.01,15.5482880381491,0.01,-0.00202927436592081,-0.00854023621690491,-4.74541166173138,4.95068127485464,1924,1966
15.2841908555122,12.680693597734,0.832136934239295,1.0186110592079,0.990897037203257,0.0315281496659656,0.3,90,0.01,14.2729070379541,0.01,-0.00849571268841717,0.00177770642739468,3.27800645792153,-2.84673197848581,1925,1967
15.7168828292147,13.8247770843738,0.858916363175681,0.988786395910824,1.00308601546593,0.0566504942696371,0.3,90,0.01,15.8602310948977,0.01,0.009209743676304,0.00977635461094031,4.19115113817155,-3.46523581528935,1926,1968
16.1043725736888,12.6094199995732,0.834842481552008,1.00881370781268,1.00961568858321,0.0537022848490074,0.3,90,0.01,15.2889676089819,0.01,0.00414420364064273,0.000216570132556659,1.17752378652425,-4.59479577051921,1927,1969
16.482929592711,13.7492657088887,0.861125310705244,0.984943053292559,1.00653797561252,0.0342290877127153,0.3,90,0.01,14.9988869406755,0.01,-0.000304607231797191,0.00214632113074622,-1.81408929949037,0.615470730359516,1928,1970
16.0676598473506,12.4293466885192,0.862320540239968,1.0014627519696,0.996783772705219,0.0408160364479366,0.3,90,0.01,14.5307456896142,0.01,0.00945902946464693,-0.008886562559323,-2.55970697325996,3.30952227474726,1929,1971
15.1213646615411,12.2970718564209,0.834601803404431,0.985468366708549,1.00023039805824,0.0514169123382068,0.3,90,0.01,14.3152813656859,0.01,-0.00940926272963312,0.00249358768476357,3.588813095933,-1.3134761265366,1930,1972
16.9979629705586,13.312001620076,0.860480508236265,1.01051147572324,0.990186154338714,0.0374181910595785,0.3,90,0.01,15.8714569767759,0.01,0.00537796758195085,-0.00293797556293534,-1.12512089852855,0.0859512699693097,1931,1973
16.4241546974934,12.3691867060371,0.835117661862051,0.98614328038412,0.999337935927325,0.0341187076173376,0.3,90,0.01,15.1502348536681,0.01,0.00379922246196469,-0.00667738981585877,2.98545286446277,-2.68924064151452,1932,1974
16.3056840080626,13.8511595334162,0.854419299465035,0.992621394245022,1.00262652763919,0.0467319653666747,0.3,90,0.01,15.1400858883161,0.01,-0.000415106871572856,0.00699056790180647,2.73486429292113,-3.87462744060733,1933,1975
15.0086484458306,13.1845024169817,0.839465481162166,0.987494160036709,0.993003316758021,0.0483795259716099,0.3,90,0.01,14.4088092654398,0.01,-0.00713714257557869,0.00806767722936231,-3.91452943301966,-0.389288401857448,1934,1976
16.3611735522415,12.3266449045441,0.83295991164909,0.993017769619271,0.996695975258287,0.0238911020315943,0.3,90,0.01,14.9801466723764,0.01,0.00980940729283225,-0.0046195404378127,-0.985062560316495,3.14578511439746,1935,1977
15.4760004496572,12.3914184586914,0.848806351543684,1.00155420561641,1.0007776522889,0.0338007872789231,0.3,90,0.01,15.3044107489476,0.01,-0.00477417420551338,0.00347317785629547,-3.75442673343316,-4.48362139221346,1936,1978
15.0745231223521,12.3397412306582,0.849192598277169,1.01512831723583,0.994108316011999,0.0409193704320256,0.3,90,0.01,15.57015936443,0.01,-0.00274962740464147,-0.00687064996056975,2.88397240150546,4.34511913724937,1937,1979
15.7783477086331,13.0285457631082,0.843687627723957,1.00875674485797,0.993700005917348,0.0399875766528332,0.3,90,0.01,14.9294442511443,0.01,0.00430715073801898,-0.00785821696035308,1.74313311355373,-3.61562415565576,1938,1980
16.8633691473778,12.0897376471771,0.868910367055547,1.00308113875916,0.999030694211696,0.0422894214415084,0.3,90,0.01,14.2542367118031,0.01,-0.00928479404980149,0.00539203258262962,-3.92199087263321,-4.35894695385069,1939,1981
15.0879641471128,13.2538491475341,0.861925304203,1.01948987366449,0.999950848757296,0.040143630776813,0.3,90,0.01,14.1171400482965,0.01,-0.00520092674820203,-0.00397326076861017,0.807400452281096,1.72698877135374,1940,1982
15.4271884051581,12.161206070401,0.861222687269438,0.998205445784385,1.00766865012111,0.0222918327964832,0.3,90,0.01,15.1710535112512,0.01,0.00502003192411675,-0.00287125137407937,-4.7349602246472,1.01685892036659,1941,1983
16.457067385753,13.9389864620326,0.862298365900975,0.991302291325993,1.00283385277186,0.0312590744631276,0.3,90,0.01,14.7376392986684,0.01,-0.00767890598704334,0.00973845167066027,-4.13752243017075,3.61594636653767,1942,1984
16.367466131333,12.2794357260527,0.852930662236155,0.994781968686988,0.999363570913036,0.0308618378440198,0.3,90,0.01,15.4488473700573,0.01,-0.00133782540979918,-0.00781118550453318,-3.2534803182527,-4.71242751519887,1943,1985
15.3909045112661,12.8084968300656,0.83843738503419,1.01150447230757,1.00738513865024,0.0330271928405194,0.3,90,0.01,15.1704493435382,0.01,0.00956990912179671,0.000150275299323313,-2.28893188449852,4.52272791391761,1944,1986
15.068080692252,12.3528388910815,0.84734056269017,0.994143068144998,1.0076730888006,0.0216739140899077,0.3,90,0.01,15.1826321393551,0.01,0.0084980666379005,-0.00219413463411803,0.848156293690106,-2.37880514308034,1945,1987
16.2004642847234,13.6307178502712,0.858741372089472,0.99577751120865,0.997725448856116,0.0503566148805872,0.3,90,0.01,15.8072950266788,0.01,-0.00546621637387592,-0.00464872416857424,-1.44915329437923,0.909899217130777,1946,1988
16.1719424679236,13.0467701054035,0.865740969904686,0.994980188581845,0.993980662360129,0.0468200328131463,0.3,90,0.01,15.9473410637414,0.01,0.000313782852210516,-0.00303482630129823,-4.09520754684405,4.42764816259324,1947,1989
16.0982782220265,13.0396057918264,0.862458485081884,1.01414673205248,0.999257589498847,0.0455918083363554,0.3,90,0.01,15.1952829167609,0.01,-0.00147119832420073,-0.000953793943509158,-4.16729377145506,3.73311151714367,1948,1990
15.7946767213696,13.7887534223779,0.865127636382003,1.01458570873227,1.00979430947577,0.0476038763494887,0.3,90,0.01,15.5240286203601,0.01,0.00866474348238788,-0.00306728641292333,0.827587465194698,1.32206207275254,1949,1991
16.4459293919308,12.904069634142,0.859362846554301,0.980523296776255,0.990888188695838,0.0342802191649897,0.3,90,0.01,14.9526489763126,0.01,0.00158370403481033,-0.00669766772829923,-0.788014650467691,-0.854937734781609,1950,1992
16.6514193621768,12.6007783869185,0.834226423466952,1.01487947306473,0.994698745998724,0.0316374393803441,0.3,90,0.01,15.6573573377315,0.01,0.00562947290310815,0.00860788705302704,-2.23183842454264,-3.45855165413112,1951,1993
15.8092444544974,12.6397394821729,0.830087145873143,0.983186022169035,0.990315433143002,0.0360117831537847,0.3,90,0.01,15.2270953133171,0.01,0.00151689336990007,-0.00543950799643514,-0.904673554622785,2.50413480173554,1952,1994
16.6534829819209,13.6271340919313,0.84800560608103,1.00524662727722,0.993568803044351,0.0454364905692081,0.3,90,0.01,14.7096401888031,0.01,-0.00785176233417006,0.00978512421553882,-2.01347405816548,-0.0329706048029657,1953,1995
16.6016913180745,12.3724415934866,0.84193489331891,0.990807672889538,1.00244311475519,0.0535516357705795,0.3,90,0.01,14.0308586173967,0.01,0.000409010825686253,0.00141063501099618,4.60199810534023,2.69632388354786,1954,1996
16.3246398087885,12.0515011007397,0.856558468843068,1.0045196685481,1.00687917511355,0.0447638925489411,0.3,90,0.01,15.2177369901035,0.01,-0.0042075872214844,0.00462271777830578,2.02874798918718,3.59571101424988,1955,1997
16.0525464088457,13.444956007472,0.842180856728629,0.989245423562757,0.995927649431602,0.0280599158049156,0.3,90,0.01,14.1634721130229,0.01,-0.00801904133217177,-0.00276537820736859,-2.07145658663352,-3.52367761618609,1956,1998
15.0488663714883,13.7274480041028,0.837188667037023,0.991657344075904,0.99962502076445,0.0391441818414519,0.3,90,0.01,14.2924581356896,0.01,-0.00705017811685047,0.00909430034964849,1.82264431575784,-2.18627523058175,1957,1999
16.8216401491238,12.474256529279,0.831582202616625,0.983936630619528,0.993733657958178,0.0389787202104121,0.3,90,0.01,14.164309097777,0.01,0.000442768917179417,-0.00882604791764787,-4.79075721994743,-4.9179973830858,1958,2000
15.4158670860201,13.5865287875951,0.86712482978912,1.01944529265811,1.00044499668153,0.0300719519430619,0.3,90,0.01,15.4745644726631,0.01,-0.0052612802336151,-0.00339741806205158,-0.0324665821510752,-3.37414669444835,1959,2001
15.3173067114898,13.0709410623714,0.836466495939485,0.993568719073225,0.998878729623691,0.0317136345675373,0.3,90,0.01,15.5858671123128,0.01,0.00394356202593401,-0.00383590800591556,4.97787045249085,-3.0355689781921,1960,2002
16.2576646353712,12.018025637583,0.831492135756325,0.987594991949472,0.997906239879074,0.0525903770295387,0.3,90,0.01,14.3279853335791,0.01,0.00905235769806322,-0.00696852463230765,1.93668819862366,4.66221494872005,1961,2003
15.7751149203655,12.3411664224924,0.852379274811873,0.995746652374426,1.00547671321905,0.0403642465749654,0.3,90,0.01,15.8215534425521,0.01,0.00461852140172432,0.0070357514974431,4.32063605136966,-3.95530896656472,1962,2004
16.2477726264824,13.3302490931432,0.846078426298431,1.01648891467005,0.997887168241202,0.0204818936679044,0.3,90,0.01,15.6633144793777,0.01,-0.000425947654929076,0.00295613118832854,-3.57241652260203,1.09136347013377,1963,2005
16.2849294918653,12.1074749539508,0.848147683742053,0.993269396159347,1.00724733291521,0.0410201959035754,0.3,90,0.01,15.7065388124524,0.01,0.00336784663373635,0.000282630827548043,-2.22557993541686,-2.62513184291744,1964,2006
15.9530955660617,13.3665618889521,0.846903021682531,0.99120015124239,1.00373431259183,0.0354728082090728,0.3,90,0.01,15.5590346707632,0.01,0.00903233392144239,-0.00375077654690942,0.0804373665301448,2.15614816805759,1965,2007
15.2830227101844,13.3880820744038,0.852080977230129,1.00474211031069,0.997381116884152,0.0543316036135258,0.3,90,0.01,14.0729276390946,0.01,0.0007949161030708,-0.00213574568341083,-0.079335437673195,1.73980983880212,1966,2008
16.3655159123804,12.8090196505563,0.869948911945446,0.999746669789274,0.991710565539271,0.0426901667291606,0.3,90,0.01,15.3339036711858,0.01,-0.00655701615797217,0.00963970168238452,-2.76082915691931,0.17170333868176,1967,2009
15.9240496915556,12.7613125467471,0.836625226643327,0.994808266953337,1.00560595310551,0.0357950213055029,0.3,90,0.01,15.21097547054,0.01,-0.00775562756271399,-0.00764616175513354,2.50060371088019,-4.24234036507204,1968,2010
16.4755093526563,13.4584218491105,0.851389204025584,1.01239432055056,1.00441389520967,0.033341956068605,0.3,90,0.01,14.5888512108459,0.01,0.0069541467895908,0.0016484556184858,-2.23580833737669,-4.51407889080399,1969,2011
15.8623749405795,13.1367575688988,0.864416706747732,0.992650394093232,1.00412714477386,0.0521137490366621,0.3,90,0.01,14.3905848734189,0.01,0.00636876892669203,-0.0094522629042511,1.45232533457557,-2.97128687446374,1970,2012
16.8437973777942,12.2773671373592,0.838260667170665,0.986316687357191,1.00396957488773,0.0306267531323468,0.3,90,0.01,14.1289696528385,0.01,-0.00235622494014732,-0.00541800455111413,-2.15382418750544,-0.00206179763756342,1971,2013
16.8399785058256,13.1032309552258,0.86825951741674,0.999870971755801,0.994534861631997,0.0464862867963629,0.3,90,0.01,15.2624980351652,0.01,0.00756300001310831,-0.00590442528198253,1.07828116240794,-4.58217239991077,1972,2014
16.1769739675219,13.2027058544438,0.869818289588749,0.984564087271488,0.999069061455707,0.0307123292276398,0.3,90,0.01,15.4696652212456,0.01,-0.00399227932145219,-0.00206872749446417,0.679960232859508,-2.67316097550087,1973,2015
15.2075485996771,12.8041847613556,0.850718575907374,1.01660068530564,1.00991613273175,0.0221622346837424,0.3,90,0.01,14.2103794867597,0.01,-0.00571080607826149,-0.00533323577342076,-4.05316435356271,-0.939152425509251,1974,2016
16.7966631716485,13.11264265497,0.839187038131821,1.00743244802253,1.00321952857039,0.0322838475170314,0.3,90,0.01,15.5019024550796,0.01,0.000806194519806867,0.00904938113307473,1.25822948047503,2.58651367527597,1975,2017
15.4305812209444,12.6685502400089,0.833384166787585,1.01485514820013,1.00515534465988,0.0541444677193812,0.3,90,0.01,14.2609157199964,0.01,-0.00745805020925432,0.00459664806576142,-1.71243422578497,4.61875368387032,1976,2018
15.3691330681938,12.763929190882,0.842442278105025,1.01393931487885,1.00521761626004,0.0302392166296802,0.3,90,0.01,14.7656249091713,0.01,0.000868949779431994,0.00419906034078684,2.17004614464876,0.0964725920401568,1977,2019
15.0503500224906,12.2561734525208,0.833528882370093,0.980836045102552,0.995250485899985,0.0273889852223174,0.3,90,0.01,15.4839078935958,0.01,-0.0030362944300812,-0.00507684951812279,2.92900782596839,2.24153198923973,1978,2020
15.7906805465364,13.694523819266,0.866182954412184,1.0034847526907,1.0021564540285,0.0316976129217247,0.3,90,0.01,15.0024834498886,0.01,0.00172761517028812,0.00428884834253701,4.86847888021673,0.365516641993477,1979,2021
16.1367241930726,13.8295477087492,0.856942416899614,1.01691128984644,0.999089296234956,0.0462763604280202,0.3,90,0.01,15.9550257908944,0.01,-0.00506412753408653,0.00122777936248829,-3.80566836873339,0.0776146439514154,1980,2022
16.4628066581229,13.3350011828519,0.830253521844713,0.983247729945377,0.99934147957066,0.0289023222852348,0.3,90,0.01,14.1117492746465,0.01,0.00426005559819695,0.00889369554270335,3.95970935866545,1.65503846449686,1981,2023
15.3296238561099,12.1376509449344,0.847040141543978,1.01780952731551,0.993411444271189,0.0396468947604194,0.3,90,0.01,14.492758989777,0.01,0.000418915940153778,-0.00428797907606897,1.05997825973138,0.130335998009233,1982,2024
16.3069004429584,12.2903653353582,0.861007657422974,1.01360669747586,0.99629191566078,0.0596865508945869,0.3,90,0.01,15.4937962674866,0.01,-0.00172310170611541,0.00572628525507432,-2.95868101238831,-0.99902192711599,1983,2025
15.2410301432119,13.0665835682189,0.832219849004211,0.980877610384324,1.00946841188054,0.0487983657146207,0.3,90,0.01,14.7467708262697,0.01,0.00443657091728618,-0.00788689987140278,-0.182569172053203,0.354933241394148,1984,2026
15.9393474990612,12.0901468795181,0.838455081836305,0.983064277072066,1.00316620108493,0.0268782836358831,0.3,90,0.01,14.0008015986073,0.01,0.00420925760420164,-0.00732543871944241,1.10414581625637,-2.1607233430156,1985,2027
16.4673619566079,12.6730689473814,0.848111740789856,1.01218312187773,1.00679939355201,0.0519816612518482,0.3,90,0.01,14.411083848717,0.01,-0.00657324793965436,-0.000256197910123167,-3.07178981916677,-0.498988535519798,1986,2028
15.3082846054328,13.9077190192366,0.831962235791505,1.01523762296105,1.00735967686252,0.0468922136785707,0.3,90,0.01,14.6633124782862,0.01,0.00555546249252637,0.00770290396516563,1.35360638565196,-3.29069151515722,1987,2029
16.6140942997047,13.9559816282921,0.8468015997096,0.99685535019436,1.00353749408565,0.0372416676169965,0.3,90,0.01,15.9795648235501,0.01,-0.00496509846374076,0.0095390952891014,2.3531732592948,-1.3580424443763,1988,2030
15.0317955912134,12.4135673761924,0.836716207254255,1.01715364482671,1.0040841283742,0.0435466335498087,0.3,90,0.01,15.8177173973897,0.01,0.000231951621769864,0.00788792048330235,0.431850252982043,1.45356588586326,1989,2031
15.3856466214981,13.278117802065,0.858520439080679,1.01160811083175,0.992889764447155,0.0322173088638893,0.3,90,0.01,15.9832263107251,0.01,-0.00296617165515619,-0.00433092543311751,-2.19724616804266,-4.87697244509926,1990,2032
16.4342811218325,13.5031804860408,0.86250426231196,0.987004732478963,0.998238361747159,0.0205891188049035,0.3,90,0.01,15.5113270287029,0.01,-0.0088464636068621,-0.00496627939909047,-3.5479538331415,-0.15363971937593,1991,2033
16.7906381096327,12.5688928477147,0.830150538908594,1.01288953192357,1.00754875846088,0.0473074556703093,0.3,90,0.01,15.1546540517242,0.01,-0.00860340583325662,0.00331265498671676,-4.07378144769535,3.84283950984506,1992,2034
15.1463132907781,13.6124085783449,0.844248328578549,1.01909361768045,0.997975945031349,0.0437260745033448,0.3,90,0.01,14.969076686823,0.01,-0.000533117238013421,-0.00567125321460893,2.75738966543159,2.49219495071177,1993,2035
16.9466364712705,13.2262591470057,0.841514896953676,0.992419890824198,0.995714863096605,0.0336275831760368,0.3,90,0.01,15.2146807243919,0.01,-0.00875252463750059,-0.00149667467616691,-0.163480600217754,-2.0935035122879,1994,2036
16.9744318187638,12.3602086636485,0.848047472784244,0.993814579017473,0.99243703137545,0.0565870416686041,0.3,90,0.01,14.6884390420271,0.01,0.003240233584631,0.00252560737168535,2.40988711227186,3.88150225075231,1995,2037
16.3020018603683,13.354291227344,0.83618340620409,0.985423381768949,1.00474053006947,0.0392864572339661,0.3,90,0.01,14.5400854964248,0.01,0.00979154756781042,0.000168681959398682,-3.69775929313723,-2.59914189644731,1996,2038
15.0655113197195,12.2378708560381,0.833581610277266,0.987788473400993,1.00270219907512,0.0250481565597625,0.3,90,0.01,15.572568406668,0.01,0.00812150912303704,0.00955081661351272,-2.25061858284759,-1.0042723187021,1997,2039
16.695215827295,13.0758207734232,0.86462793734408,1.01765748096837,0.999415388481662,0.0543474019158012,0.3,90,0.01,15.854175600178,0.01,0.00155289374906659,-0.00562206049637651,1.63444951805024,-3.34077100894126,1998,2040
15.9367680190066,12.0248965355747,0.837746393389216,1.00435161089129,1.00484392916425,0.0437539493809051,0.3,90,0.01,15.895298061021,0.01,-0.00700087092830615,0.00914914802385844,-0.852793501218098,2.18767359448811,1999,2041
15.3618055342185,12.0280113440285,0.853512193052938,1.00724649922194,1.00467460514806,0.0208259458373969,0.3,90,0.01,14.3473262011924,0.01,0.000150516699046683,0.00181888605271107,-1.03601868222631,1.10130281938573,2000,2042
